experiment_group,scenario,seed,pricing_policy,dispatch_policy,n_requests,n_completed,n_abandoned,n_cancelled_postmatch,n_rejected_offer,avg_wait_min,median_wait_min,p90_wait_min,cancellation_rate,completion_rate,fulfillment_rate,rider_conversion_rate,avg_price,price_index,avg_pickup_distance_km,gbv,platform_revenue,driver_payout_total,revenue_per_ride,n_online_drivers,total_online_hours,total_active_hours,driver_utilization_mean,earnings_per_online_hour_mean,earnings_per_active_hour,driver_acceptance_rate,north_star_trips_per_online_hour,unmatched_requests
core,NORMAL,0,NO_SURGE,NEAREST_DRIVER,5925,3214,651,734,1307,4.188550093341631,2.0,10.0,0.23375527426160336,0.5424472573839663,0.5424472573839663,0.5424472573839663,110.21921477377022,1.0,1.3927728949005427,354244.5562828975,88561.13907072437,265683.4172121731,27.554803693442555,260,1690.3333333333333,1009.4833333333333,0.5610464993966328,148.73051652382185,263.1875222098827,0.6941382327209099,1.9014001183198581,1385
core,NORMAL,0,NO_SURGE,ETA_OPTIMIZED,5925,3299,604,707,1297,4.24734768111549,3.0,9.0,0.22126582278481013,0.5567932489451477,0.5567932489451477,0.5567932489451477,110.32571041570421,1.0,1.2407379086874446,363964.51866140816,90991.12966535204,272973.3889960561,27.581427603926052,260,1694.9,996.5333333333333,0.5476082693665135,151.81194096645365,273.9229886901821,0.6845329249617151,1.9464275178476604,1311
core,NORMAL,0,NO_SURGE,DRIVER_EARNINGS_AWARE,5925,3216,626,748,1319,4.124067164179104,2.0,10.0,0.23189873417721518,0.5427848101265823,0.5427848101265823,0.5427848101265823,110.48810134884029,1.0,1.378591158004779,355329.73393787036,88832.43348446759,266497.3004534028,27.622025337210072,260,1689.8,1013.0333333333333,0.5673932294752282,151.34810618928918,263.06863918930225,0.6906125281971196,1.9031838087347615,1374
core,NORMAL,0,NO_SURGE,MARKETPLACE_AWARE,5925,3195,642,746,1325,4.175899843505477,2.0,10.0,0.23426160337552743,0.5392405063291139,0.5392405063291139,0.5392405063291139,110.71285910111595,1.0,1.3810439405402601,353727.5848280655,88431.89620701637,265295.6886210491,27.678214775278988,260,1691.9166666666667,1011.4166666666666,0.5563972643598684,147.96221411284677,262.30108457218336,0.6863187099011617,1.8883908781953405,1388
core,NORMAL,0,NO_SURGE,ADVANCED_HEURISTIC,5925,3019,600,850,1437,4.403444849287844,2.0,11.0,0.24472573839662448,0.5095358649789029,0.5095358649789029,0.5095358649789029,110.70650497496126,1.0,1.5009485025189766,334222.93851940805,83555.73462985201,250667.20388955605,27.676626243740316,260,1693.3666666666666,983.25,0.5394559099338776,139.6883774261549,254.9374054305172,0.6983471074380165,1.7828389204936912,1450
core,NORMAL,0,BASIC_SURGE,NEAREST_DRIVER,5925,3187,568,739,1416,4.3473486037025415,2.0,11.0,0.22059071729957805,0.5378902953586497,0.5378902953586497,0.5378902953586497,111.4205546497592,1.0103741046960233,1.4515313518380057,355097.30766878254,88774.32691719563,266322.9807515869,27.8551386624398,260,1690.2166666666667,1008.0,0.5521750730579341,148.01226129149822,264.2093063011775,0.690676480897301,1.8855570784810625,1307
core,NORMAL,0,BASIC_SURGE,ETA_OPTIMIZED,5925,3313,533,681,1379,4.146392997283429,3.0,9.0,0.2048945147679325,0.5591561181434599,0.5591561181434599,0.5591561181434599,111.89958698873673,1.0105588240252643,1.2228781239955713,370723.3316936848,92680.8329234212,278042.4987702636,27.974896747184182,260,1698.2,998.8166666666667,0.5457104105302858,152.9015792779011,278.371905525135,0.6933978568959558,1.9508891767754093,1214
core,NORMAL,0,BASIC_SURGE,DRIVER_EARNINGS_AWARE,5925,3199,550,753,1404,4.124413879337293,2.0,10.0,0.219915611814346,0.539915611814346,0.539915611814346,0.539915611814346,111.35838656597561,1.0083000639272077,1.3930057313441147,356235.478624556,89058.869656139,267176.608968417,27.839596641493902,260,1689.5833333333333,1009.35,0.5659933459479554,152.1055889602894,264.701648554433,0.6931401640775005,1.8933662145499384,1303
core,NORMAL,0,BASIC_SURGE,MARKETPLACE_AWARE,5925,3243,566,726,1371,4.067221708294789,2.0,10.0,0.2180590717299578,0.5473417721518987,0.5473417721518987,0.5473417721518987,110.88674347823746,1.00745940002622,1.359085079324535,359605.7090999241,89901.42727498102,269704.281824943,27.721685869559366,260,1692.5833333333333,1012.2333333333333,0.5571926148744167,150.38052662641547,266.4447740885926,0.6858764837433339,1.9160061050662203,1292
core,NORMAL,0,BASIC_SURGE,ADVANCED_HEURISTIC,5925,3016,553,832,1506,4.421419098143236,2.0,11.0,0.23375527426160336,0.5090295358649789,0.5090295358649789,0.5090295358649789,110.81957798306932,1.0032557587214574,1.521890562533419,334231.8471969371,83557.96179923427,250673.8853977028,27.70489449576733,260,1693.6333333333334,974.95,0.538745862682422,140.63270074302264,257.11460628514567,0.6903571428571429,1.7807868684681847,1385
core,NORMAL,0,AGGRESSIVE_SURGE,NEAREST_DRIVER,5925,3207,396,621,1683,3.847832865606486,2.0,9.0,0.17164556962025315,0.5412658227848102,0.5412658227848102,0.5412658227848102,118.27199873266183,1.0721606350960533,1.3119300375154574,379298.2999356465,94824.57498391162,284473.7249517349,29.567999683165457,260,1690.0666666666666,985.2,0.5436119642474614,158.44784932124247,288.7471832640427,0.6978939724037764,1.8975582817245868,1017
core,NORMAL,0,AGGRESSIVE_SURGE,ETA_OPTIMIZED,5925,3276,385,577,1670,3.923382173382173,2.0,8.0,0.16236286919831225,0.5529113924050633,0.5529113924050633,0.5529113924050633,118.93917165908455,1.0739325802421187,1.181631136655167,389644.726355161,97411.18158879025,292233.54476637073,29.734792914771138,260,1692.7,972.3166666666667,0.5345954248945988,162.1698827770416,300.5538779544086,0.7040203747498636,1.9353695279730607,962
core,NORMAL,0,AGGRESSIVE_SURGE,DRIVER_EARNINGS_AWARE,5925,3209,404,628,1665,3.8765970707385478,2.0,9.0,0.17417721518987342,0.5416033755274262,0.5416033755274262,0.5416033755274262,119.16876696202182,1.0764548593850853,1.333272722562993,382412.573181128,95603.143295282,286809.429885846,29.792191740505455,260,1688.5666666666666,989.45,0.5530803247612793,161.11375926500165,289.8675323521613,0.6977922547955121,1.9004283712024006,1032
core,NORMAL,0,AGGRESSIVE_SURGE,MARKETPLACE_AWARE,5925,3210,393,617,1689,3.8208722741433023,2.0,9.0,0.17046413502109706,0.5417721518987342,0.5417721518987342,0.5417721518987342,118.4301156464896,1.0698877267222933,1.297541711151583,380160.6712252316,95040.1678063079,285120.5034189237,29.6075289116224,260,1691.8666666666666,986.1,0.5406448237162176,157.636639519542,289.13954306756284,0.6915601943494691,1.8973126329892034,1010
core,NORMAL,0,AGGRESSIVE_SURGE,ADVANCED_HEURISTIC,5925,3034,392,750,1732,4.229070533948582,2.0,10.0,0.19274261603375528,0.5120675105485232,0.5120675105485232,0.5120675105485232,116.21363972624079,1.0504899314207248,1.4647867117978766,352592.18292941456,88148.04573235364,264444.1371970609,29.053409931560196,260,1691.4166666666667,968.5333333333333,0.5315539799197004,147.23466478823875,273.0356592755998,0.6931072210065645,1.7937626250184755,1142
core,NORMAL,0,CAPPED_SMOOTHED_SURGE,NEAREST_DRIVER,5925,3219,565,716,1409,4.22739981360671,2.0,10.0,0.21620253164556963,0.5432911392405063,0.5432911392405063,0.5432911392405063,112.53357266763223,1.0211782978671045,1.4108521505408917,362245.57041710813,90561.39260427703,271684.1778128311,28.133393166908057,260,1690.65,1008.5333333333333,0.5579765692406076,152.33454524103584,269.38542220997266,0.689649153429918,1.9040014195723538,1281
core,NORMAL,0,CAPPED_SMOOTHED_SURGE,ETA_OPTIMIZED,5925,3304,528,698,1374,4.155569007263923,3.0,9.0,0.2069198312236287,0.5576371308016878,0.5576371308016878,0.5576371308016878,112.81685706231141,1.0192028275428053,1.2313861770449963,372746.8957338769,93186.72393346923,279560.1718004077,28.204214265577853,260,1694.4833333333333,998.15,0.5473178854772037,154.48065323280082,280.07831668627733,0.6964502164502164,1.949856888530427,1226
core,NORMAL,0,CAPPED_SMOOTHED_SURGE,DRIVER_EARNINGS_AWARE,5925,3185,551,737,1432,4.136577708006279,2.0,10.0,0.21738396624472575,0.5375527426160338,0.5375527426160338,0.5375527426160338,112.94607770203355,1.022262539225392,1.3934996467169192,359733.25748097687,89933.31437024422,269799.94311073265,28.236519425508387,260,1688.6333333333334,1005.8333333333334,0.5622833334029512,152.56223747450156,268.23523755830917,0.6990067399787159,1.886140666021832,1288
core,NORMAL,0,CAPPED_SMOOTHED_SURGE,MARKETPLACE_AWARE,5925,3267,565,676,1399,4.1202938475665745,2.0,10.0,0.20945147679324894,0.5513924050632911,0.5513924050632911,0.5513924050632911,112.71780564309024,1.019253802530585,1.370875258006875,368249.0710359758,92062.26775899396,276186.80327698187,28.17945141077256,260,1691.2166666666667,1018.0333333333333,0.5615744080743368,154.34160573588048,271.29445985100216,0.6867845993756504,1.9317453903994166,1241
core,NORMAL,0,CAPPED_SMOOTHED_SURGE,ADVANCED_HEURISTIC,5925,3086,531,821,1468,4.442320155541154,2.0,11.0,0.22818565400843882,0.5208438818565401,0.5208438818565401,0.5208438818565401,111.61309058894318,1.0089699757446546,1.5046806284817125,344437.99755747867,86109.49938936967,258328.49816810898,27.903272647235795,260,1691.2833333333333,994.3833333333333,0.5488473201473962,144.8056102512495,259.78763873902653,0.6932721172523397,1.8246499206716793,1352
core,NORMAL,1,NO_SURGE,NEAREST_DRIVER,6008,3248,642,774,1317,4.176724137931035,2.0,10.0,0.23568575233022637,0.5406125166444741,0.5406125166444741,0.5406125166444741,111.18358541985236,1.0,1.4183036848110633,361124.2854436805,90281.07136092012,270843.2140827604,27.79589635496309,260,1659.9833333333333,1038.5,0.58298408845999,154.66311902623448,260.80232458619196,0.6837217156366092,1.9566461510657738,1416
core,NORMAL,1,NO_SURGE,ETA_OPTIMIZED,6008,3314,594,746,1326,4.151478575739288,3.0,9.0,0.22303595206391477,0.5515978695073236,0.5515978695073236,0.5515978695073236,111.23204842113148,1.0,1.2709696572326978,368623.0084676297,92155.75211690743,276467.2563507223,27.80801210528287,260,1669.6,1020.4666666666667,0.5693656066391551,156.34751716841157,270.92237834068294,0.6875841184387618,1.9849065644465742,1340
core,NORMAL,1,NO_SURGE,DRIVER_EARNINGS_AWARE,6008,3239,623,781,1335,4.274158690953998,2.0,10.0,0.2336884154460719,0.5391145139813582,0.5391145139813582,0.5391145139813582,110.94211524956641,1.0,1.4568545377083542,359341.5112933456,89835.3778233364,269506.1334700092,27.735528812391603,260,1658.5666666666666,1039.8666666666666,0.591386645428629,155.0945227572262,259.1737403545415,0.6901840490797546,1.9528910505054566,1404
core,NORMAL,1,NO_SURGE,MARKETPLACE_AWARE,6008,3240,622,792,1326,4.171604938271605,2.0,10.0,0.23535286284953397,0.5392809587217043,0.5392809587217043,0.5392809587217043,110.92782557354512,1.0,1.4122262304249114,359406.1548582862,89851.53871457155,269554.61614371464,27.73195639338628,260,1660.7333333333333,1037.3166666666666,0.58658296402097,155.13718414905688,259.857596822296,0.6856418918918918,1.9509453655011841,1414
core,NORMAL,1,NO_SURGE,ADVANCED_HEURISTIC,6008,3017,591,894,1479,4.5419290686112035,2.0,11.0,0.2471704394141145,0.5021637816245007,0.5021637816245007,0.5021637816245007,110.96999616950056,1.0,1.5922130375043722,334796.4784433832,83699.1196108458,251097.35883253737,27.74249904237514,260,1662.45,1003.65,0.5622566589905783,143.69347988981647,250.18418655162392,0.6823855755894591,1.814791422298415,1485
core,NORMAL,1,BASIC_SURGE,NEAREST_DRIVER,6008,3227,568,779,1403,4.23923148435079,2.0,10.0,0.2242010652463382,0.5371171770972037,0.5371171770972037,0.5371171770972037,111.72346622246143,1.0052224960678076,1.4508060112408043,360531.625499883,90132.90637497076,270398.7191249123,27.930866555615356,260,1662.1833333333334,1038.0,0.5797029389351618,153.29860982607778,260.4997294074299,0.6812964213369345,1.9414224263268192,1347
core,NORMAL,1,BASIC_SURGE,ETA_OPTIMIZED,6008,3331,546,744,1360,4.1768237766436505,3.0,9.0,0.21471371504660453,0.554427430093209,0.554427430093209,0.554427430093209,111.68184700514908,1.0056009338300298,1.2514680319122942,372012.2323741516,93003.0580935379,279009.17428061366,27.92046175128727,260,1665.85,1022.7666666666667,0.5719405679987497,157.63683341677466,272.7984626150771,0.6825898801597869,1.9995797940991087,1290
core,NORMAL,1,BASIC_SURGE,DRIVER_EARNINGS_AWARE,6008,3255,569,756,1403,4.233794162826421,2.0,10.0,0.22053928095872172,0.5417776298268975,0.5417776298268975,0.5417776298268975,111.4932522841989,1.0062568024718666,1.4451866020849533,362910.53618506744,90727.63404626686,272182.9021388006,27.873313071049726,260,1659.6333333333334,1037.1333333333334,0.5860562329248661,156.73105300223875,262.43771498888015,0.6942532690984171,1.9612765871979754,1325
core,NORMAL,1,BASIC_SURGE,MARKETPLACE_AWARE,6008,3252,570,750,1410,4.183886838868388,2.0,10.0,0.2197070572569907,0.5412782956058588,0.5412782956058588,0.5412782956058588,111.52374265507781,1.005381022540126,1.4353391178347161,362675.21111431305,90668.80277857826,272006.4083357348,27.880935663769453,260,1659.7333333333333,1039.4333333333334,0.5828246279170094,154.52718746463185,261.68720937921444,0.696351374719004,1.9593508997429305,1320
core,NORMAL,1,BASIC_SURGE,ADVANCED_HEURISTIC,6008,3074,553,854,1498,4.326935588809369,2.0,11.0,0.2341877496671105,0.5116511318242344,0.5116511318242344,0.5116511318242344,111.05042849305545,1.0013010022806879,1.5002874190711684,341369.01718765247,85342.25429691312,256026.76289073937,27.762607123263862,260,1661.4666666666667,1004.95,0.5629038420050084,146.29485178038587,254.76567281032817,0.6908170391061452,1.850172538319557,1407
core,NORMAL,1,AGGRESSIVE_SURGE,NEAREST_DRIVER,6008,3212,388,671,1709,3.837173100871731,2.0,9.0,0.17626498002663116,0.5346205059920106,0.5346205059920106,0.5346205059920106,118.76252271629696,1.071726214625543,1.3313894755467148,381465.22296474583,95366.30574118646,286098.91722355934,29.69063067907424,260,1659.3666666666666,1007.5833333333334,0.5664993943353103,162.5676620321345,283.9456626153926,0.6927710843373494,1.935678270826219,1059
core,NORMAL,1,AGGRESSIVE_SURGE,ETA_OPTIMIZED,6008,3270,368,612,1736,3.917125382262997,2.0,9.0,0.16311584553928096,0.5442743009320905,0.5442743009320905,0.5442743009320905,118.74155941153559,1.0682860241798853,1.1952284618255375,388284.8992757214,97071.22481893035,291213.674456791,29.685389852883898,260,1666.8333333333333,986.4333333333333,0.551758023130756,164.25638180955917,295.2188096409195,0.6977825464949928,1.9618038196180383,980
core,NORMAL,1,AGGRESSIVE_SURGE,DRIVER_EARNINGS_AWARE,6008,3229,378,679,1695,3.8231650665840817,2.0,9.0,0.17593209054593875,0.5374500665778962,0.5374500665778962,0.5374500665778962,119.29193777001645,1.0727884481944125,1.3283833421337161,385193.6670593831,96298.41676484578,288895.25029453734,29.82298444250411,260,1661.1166666666666,1010.4333333333333,0.5725880538757642,166.600272898818,285.9122326670445,0.6861377506538797,1.94387309741439,1057
core,NORMAL,1,AGGRESSIVE_SURGE,MARKETPLACE_AWARE,6008,3255,383,647,1697,3.7732718894009216,2.0,9.0,0.1714380825565912,0.5417776298268975,0.5417776298268975,0.5417776298268975,118.31432742566957,1.0642298299731974,1.3091855837866548,385113.1357705545,96278.28394263862,288834.8518279159,29.578581856417394,260,1659.3833333333334,1009.7,0.568204618993111,164.93010284893828,286.060069157092,0.6920500616957518,1.9615720699456625,1030
core,NORMAL,1,AGGRESSIVE_SURGE,ADVANCED_HEURISTIC,6008,3010,392,835,1743,4.313953488372093,2.0,10.0,0.2042276964047936,0.5009986684420772,0.5009986684420772,0.5009986684420772,117.49985764636428,1.0574218737516994,1.5112894578918301,353674.5715155565,88418.64287888912,265255.9286366674,29.37496441159107,260,1660.4666666666667,981.55,0.5544198716655717,151.81045965963773,270.2418915354973,0.6877996803409696,1.8127434054683422,1227
core,NORMAL,1,CAPPED_SMOOTHED_SURGE,NEAREST_DRIVER,6008,3226,558,736,1461,4.265964042157471,2.0,10.0,0.21537949400798934,0.5369507323568575,0.5369507323568575,0.5369507323568575,112.94328030643851,1.0194082334475572,1.4497449963443936,364355.0222685706,91088.75556714265,273266.266701428,28.235820076609627,260,1658.15,1035.05,0.5801099333765019,155.6077600483355,264.0126242224318,0.6875215442950706,1.945541718179899,1294
core,NORMAL,1,CAPPED_SMOOTHED_SURGE,ETA_OPTIMIZED,6008,3306,521,728,1425,4.202964307320024,3.0,9.0,0.20788948069241012,0.550266311584554,0.550266311584554,0.550266311584554,112.66854974042616,1.0156827093019765,1.2715732233777144,372482.22544184886,93120.55636046221,279361.66908138664,28.16713743510654,260,1664.6666666666667,1014.3666666666667,0.5691421415039121,158.37911127870964,275.4050170037659,0.6924650528469144,1.9859831798157788,1249
core,NORMAL,1,CAPPED_SMOOTHED_SURGE,DRIVER_EARNINGS_AWARE,6008,3252,547,750,1435,4.214637146371464,2.0,10.0,0.21587882822902796,0.5412782956058588,0.5412782956058588,0.5412782956058588,112.76705299036814,1.0183921466394819,1.4379695696258497,366718.4563246772,91679.6140811693,275038.8422435079,28.191763247592036,260,1658.9833333333333,1032.0166666666667,0.5855659707843675,158.7893318331385,266.50620200918064,0.69425763062597,1.960236691146184,1297
core,NORMAL,1,CAPPED_SMOOTHED_SURGE,MARKETPLACE_AWARE,6008,3275,542,723,1444,4.244580152671756,2.0,10.0,0.2105525965379494,0.5451065246338216,0.5451065246338216,0.5451065246338216,112.9695497471006,1.017819046032526,1.4395904850457082,369975.27542175446,92493.81885543861,277481.45656631584,28.24238743677515,260,1662.3,1042.2166666666667,0.5806803578683991,156.07414543333732,266.2416227268634,0.6819338422391857,1.9701618239788246,1265
core,NORMAL,1,CAPPED_SMOOTHED_SURGE,ADVANCED_HEURISTIC,6008,3028,516,878,1560,4.538969616908851,2.0,11.0,0.23202396804260986,0.503994673768309,0.503994673768309,0.503994673768309,111.44022325956007,1.0045490604521037,1.5889721545822189,337440.9960299479,84360.24900748697,253080.7470224609,27.860055814890018,260,1660.6666666666667,1003.6666666666666,0.5642131728505682,145.88084278179207,252.1561743830564,0.6892318484742196,1.8233641107988758,1394
core,NORMAL,2,NO_SURGE,NEAREST_DRIVER,5889,3250,585,714,1314,4.153846153846154,2.0,10.0,0.2205807437595517,0.5518763796909493,0.5518763796909493,0.5518763796909493,109.94899810455861,1.0,1.403476806448678,357334.2438398155,89333.56095995387,268000.6828798616,27.487249526139653,260,1691.95,1020.0166666666667,0.5629101766237928,150.38049600243025,262.7414743679302,0.687693898655636,1.9208605455243948,1299
core,NORMAL,2,NO_SURGE,ETA_OPTIMIZED,5889,3357,542,677,1289,4.1456657730116175,3.0,9.0,0.20699609441331296,0.5700458481915436,0.5700458481915436,0.5700458481915436,109.85847640465138,1.0,1.2443324760104413,368794.9052904147,92198.72632260367,276596.17896781105,27.464619101162846,260,1699.0333333333333,1011.0,0.5562298552828892,153.48898684266064,273.58672499288923,0.6882632293080054,1.9758293931843598,1219
core,NORMAL,2,NO_SURGE,DRIVER_EARNINGS_AWARE,5889,3298,584,689,1294,4.106124924196482,2.0,10.0,0.2161657327220241,0.5600271692986925,0.5600271692986925,0.5600271692986925,109.83493399117953,1.0,1.393223529905801,362235.61230291007,90558.90307572752,271676.70922718255,27.45873349779488,260,1689.1,1025.9,0.5787998180205137,155.79857788819047,264.8179249704479,0.6919096084181473,1.9525190930081109,1273
core,NORMAL,2,NO_SURGE,MARKETPLACE_AWARE,5889,3279,601,671,1311,4.25038121378469,2.0,10.0,0.21599592460519612,0.5568008150789607,0.5568008150789607,0.5568008150789607,109.86819795982176,1.0,1.4383606194847405,360257.82111025555,90064.45527756389,270193.36583269166,27.46704948995544,260,1688.2833333333333,1026.5333333333333,0.5679987674898597,151.55440898116188,263.20953938760715,0.6908774978279757,1.9422095422371837,1272
core,NORMAL,2,NO_SURGE,ADVANCED_HEURISTIC,5889,3081,550,810,1428,4.320025965595586,2.0,11.0,0.23093903888605877,0.5231788079470199,0.5231788079470199,0.5231788079470199,110.35683521402247,1.0,1.4878324495785558,340009.4092944032,85002.3523236008,255007.05697080243,27.589208803505617,260,1692.8333333333333,993.3166666666667,0.5474175492375885,143.3683707999426,256.7228211588809,0.6891629955947136,1.8200255981096782,1360
core,NORMAL,2,BASIC_SURGE,NEAREST_DRIVER,5889,3260,529,685,1389,4.160429447852761,2.0,10.0,0.20614705382917303,0.5535744608592291,0.5535744608592291,0.5535744608592291,110.49341872349585,1.0047543105058536,1.4117030828817614,360208.5450385965,90052.13625964912,270156.40877894737,27.623354680873963,260,1689.7666666666667,1021.3333333333334,0.5686842736969204,152.18301668832254,264.51345507077093,0.6834854485965215,1.9292604501607717,1214
core,NORMAL,2,BASIC_SURGE,ETA_OPTIMIZED,5889,3361,508,656,1340,4.1160368937816125,2.0,9.0,0.19765664798777383,0.5707250806588555,0.5707250806588555,0.5707250806588555,110.40148689223447,1.0057572937005885,1.2411494805746284,371059.39744480007,92764.84936120002,278294.54808360006,27.60037172305862,260,1696.7666666666667,1012.4166666666666,0.5593259337996171,154.9733529265939,274.8814369086509,0.6936813186813187,1.980826277429621,1164
core,NORMAL,2,BASIC_SURGE,DRIVER_EARNINGS_AWARE,5889,3273,530,686,1375,4.080354414909869,2.0,10.0,0.206486670062829,0.5557819663779928,0.5557819663779928,0.5557819663779928,111.0241156700063,1.0074208324423461,1.3901732993073934,363381.9305879306,90845.48264698265,272536.44794094795,27.756028917501574,260,1691.4166666666667,1023.6833333333333,0.5707162622619742,154.6566777240611,266.23120555602935,0.6828933836133013,1.9350642952160417,1216
core,NORMAL,2,BASIC_SURGE,MARKETPLACE_AWARE,5889,3265,538,685,1379,4.132006125574272,2.0,10.0,0.2076753268806249,0.5544235014433689,0.5544235014433689,0.5544235014433689,110.79264586849321,1.006682314140386,1.3989208695792743,361737.9887606303,90434.49719015758,271303.4915704727,27.698161467123303,260,1694.1833333333334,1025.5833333333333,0.5645826537882718,151.1982544607845,264.5357844190845,0.6853002070393375,1.9271822215226608,1223
core,NORMAL,2,BASIC_SURGE,ADVANCED_HEURISTIC,5889,3101,505,792,1468,4.343760077394389,2.0,11.0,0.22024112752589572,0.5265749702835796,0.5265749702835796,0.5265749702835796,110.33606469939852,1.0006797333167412,1.505685763968725,342152.1366328348,85538.0341582087,256614.1024746261,27.58401617484963,260,1693.85,996.3333333333334,0.5516528735834396,144.6362474423447,257.55848358109006,0.6887755102040817,1.8307406204799717,1297
core,NORMAL,2,AGGRESSIVE_SURGE,NEAREST_DRIVER,5889,3267,393,584,1624,3.8019589837771655,2.0,9.0,0.16590253014094072,0.5547631176770249,0.5547631176770249,0.5547631176770249,117.33931178851996,1.063896750837455,1.3139286837970794,383347.53161309473,95836.88290327368,287510.64870982105,29.33482794712999,260,1690.6333333333334,997.3,0.55248894311296,161.1766358117004,288.28902908835965,0.6969042476601872,1.9324119166387348,977
core,NORMAL,2,AGGRESSIVE_SURGE,ETA_OPTIMIZED,5889,3266,372,590,1637,3.8548683404776485,2.0,8.0,0.16335540838852097,0.5545933095601969,0.5545933095601969,0.5545933095601969,116.20324953719091,1.0565555789294607,1.1889835349767284,379519.81298846554,94879.95324711638,284639.8597413491,29.05081238429773,260,1697.2666666666667,968.2,0.5302109453286046,157.26069566205427,293.9887004145312,0.6961048285765572,1.9242703955379237,962
core,NORMAL,2,AGGRESSIVE_SURGE,DRIVER_EARNINGS_AWARE,5889,3243,388,596,1639,3.7647240209682393,2.0,9.0,0.16709118695873662,0.5506877228731534,0.5506877228731534,0.5506877228731534,116.9213204142878,1.0625876432369468,1.303899017839314,379175.84210353537,94793.96052588384,284381.88157765154,29.23033010357195,260,1689.75,990.6833333333333,0.5560030287311334,161.9485615221682,287.0562893400026,0.6889721627408993,1.9192188193519752,984
core,NORMAL,2,AGGRESSIVE_SURGE,MARKETPLACE_AWARE,5889,3242,391,573,1656,3.8445404071560767,2.0,9.0,0.16369502462217694,0.5505179147563254,0.5505179147563254,0.5505179147563254,116.93874549083694,1.0622937962718126,1.3307243212599458,379115.41288129333,94778.85322032333,284336.55966097,29.234686372709234,260,1689.0833333333333,991.9833333333333,0.5504680728485095,159.28403461489427,286.63441219876336,0.6869969593990342,1.9193842814149689,964
core,NORMAL,2,AGGRESSIVE_SURGE,ADVANCED_HEURISTIC,5889,3108,373,725,1656,4.1058558558558556,2.0,10.0,0.18644931227712686,0.5277636271013755,0.5277636271013755,0.5277636271013755,115.69135852844774,1.052187154855284,1.4298575072838973,359568.7423064156,89892.1855766039,269676.5567298117,28.922839632111934,260,1691.3,983.1833333333333,0.5391448264851321,150.29016922312454,274.2891865502992,0.6932471264367817,1.8376396854490629,1098
core,NORMAL,2,CAPPED_SMOOTHED_SURGE,NEAREST_DRIVER,5889,3242,518,711,1392,4.009253547193091,2.0,10.0,0.2086941755815928,0.5505179147563254,0.5505179147563254,0.5505179147563254,111.32113904740685,1.013219809102397,1.3651980534939696,360903.132791693,90225.78319792324,270677.34959376976,27.83028476185171,260,1691.4333333333334,1009.1666666666666,0.555312807375004,150.63755724181908,268.2186783753292,0.6839752407152683,1.9167175768086238,1229
core,NORMAL,2,CAPPED_SMOOTHED_SURGE,ETA_OPTIMIZED,5889,3363,495,640,1365,4.092774308652988,3.0,9.0,0.19273221259976228,0.5710646968925115,0.5710646968925115,0.5710646968925115,111.43030548574338,1.0142298948870656,1.232656676539496,374740.11734855495,93685.02933713874,281055.0880114162,27.857576371435844,260,1696.7833333333333,1009.8833333333333,0.5543449114540802,155.77371642845264,278.30451175358496,0.6820721178263077,1.98198552162425,1135
core,NORMAL,2,CAPPED_SMOOTHED_SURGE,DRIVER_EARNINGS_AWARE,5889,3250,521,690,1400,4.080615384615385,2.0,10.0,0.20563762947868908,0.5518763796909493,0.5518763796909493,0.5518763796909493,111.42569855055794,1.0140685519545565,1.3998436492820463,362133.5202893133,90533.38007232832,271600.14021698496,27.856424637639485,260,1693.0166666666667,1014.9833333333333,0.5705870213685996,154.53035543220506,267.5907389779651,0.6888348671644383,1.919650328309428,1211
core,NORMAL,2,CAPPED_SMOOTHED_SURGE,MARKETPLACE_AWARE,5889,3264,522,680,1397,4.03921568627451,2.0,10.0,0.2041093564272372,0.5542536933265411,0.5542536933265411,0.5542536933265411,111.65591570324843,1.0149284180082758,1.3676127324706209,364444.90885540284,91111.22721385071,273333.68164155213,27.913978925812106,260,1691.9833333333333,1016.7833333333333,0.5558928198488049,150.83335669604716,268.82195319378314,0.6828345373237014,1.9290970163220678,1202
core,NORMAL,2,CAPPED_SMOOTHED_SURGE,ADVANCED_HEURISTIC,5889,3112,490,798,1464,4.3788560411311055,2.0,11.0,0.21871285447444389,0.5284428595686874,0.5284428595686874,0.5284428595686874,110.34086766170373,1.0034563954001077,1.5191540755604496,343380.780163222,85845.1950408055,257535.5851224165,27.58521691542593,260,1692.2333333333333,1001.0,0.5501914511842821,143.7490960111533,257.27830681560084,0.689866760168303,1.8389898950105383,1288
core,NORMAL,3,NO_SURGE,NEAREST_DRIVER,5900,3529,570,576,1190,3.7931425332955513,2.0,9.0,0.1942372881355932,0.5981355932203389,0.5981355932203389,0.5981355932203389,110.27082220161019,1.0,1.3061801688085164,389145.7315494823,97286.43288737058,291859.29866211175,27.567705550402547,260,1741.1,1077.4666666666667,0.5838857652023212,159.2433588707028,270.87547827816337,0.6866810416321114,2.0268795588995463,1146
core,NORMAL,3,NO_SURGE,ETA_OPTIMIZED,5900,3562,550,568,1187,3.8318360471645145,2.0,8.0,0.18949152542372882,0.6037288135593221,0.6037288135593221,0.6037288135593221,110.26226822144305,1.0,1.1630067657201504,392754.19940478017,98188.54985119504,294565.6495535851,27.565567055360763,260,1747.4833333333333,1057.0,0.5764687991555928,162.04816310430388,278.68084158333505,0.7017869184086312,2.038359927133306,1118
core,NORMAL,3,NO_SURGE,DRIVER_EARNINGS_AWARE,5900,3489,550,611,1217,3.810260819719117,2.0,9.0,0.19677966101694916,0.5913559322033898,0.5913559322033898,0.5913559322033898,109.98765031220998,1.0,1.3231998443329316,383746.9119393006,95936.72798482515,287810.18395447545,27.496912578052495,260,1740.45,1070.2166666666667,0.5876380332596997,160.20955184934502,268.92702470323024,0.6986139283299526,2.004653968801172,1161
core,NORMAL,3,NO_SURGE,MARKETPLACE_AWARE,5900,3508,563,604,1193,3.7377423033067276,2.0,9.0,0.19779661016949152,0.5945762711864406,0.5945762711864406,0.5945762711864406,110.08506934750896,1.0,1.2849295441818456,386178.42327106145,96544.60581776536,289633.8174532961,27.52126733687724,260,1741.65,1069.05,0.5832174810987156,159.58522004126436,270.9263527929433,0.6834900214415306,2.0141819538942953,1167
core,NORMAL,3,NO_SURGE,ADVANCED_HEURISTIC,5900,3345,548,682,1292,4.0218236173393125,2.0,10.0,0.20847457627118643,0.5669491525423729,0.5669491525423729,0.5669491525423729,110.28331483993986,1.0,1.4069467827560551,368897.6881395988,92224.4220348997,276673.2661046991,27.570828709984966,260,1741.8833333333334,1047.7666666666667,0.5691667860668042,152.06504152239154,264.06000009992596,0.6992766104030314,1.9203352692966424,1230
core,NORMAL,3,BASIC_SURGE,NEAREST_DRIVER,5900,3531,513,582,1241,3.7360521098838855,2.0,9.0,0.18559322033898304,0.5984745762711864,0.5984745762711864,0.5984745762711864,111.45046173643146,1.0088210883461435,1.2804462195911244,393531.5803913395,98382.89509783487,295148.6852935046,27.862615434107866,260,1742.9333333333334,1075.5166666666667,0.5878192953941942,162.89328629729505,274.42502235530634,0.689965052421368,2.0258950428396574,1095
core,NORMAL,3,BASIC_SURGE,ETA_OPTIMIZED,5900,3549,516,557,1244,3.859115243730628,2.0,9.0,0.181864406779661,0.6015254237288136,0.6015254237288136,0.6015254237288136,111.12645094401948,1.006600551824239,1.1819755253853066,394387.77440032514,98596.94360008129,295790.8308002439,27.78161273600487,260,1750.5166666666667,1052.9166666666667,0.5722547428238132,162.49729090960471,280.9252053504492,0.696684059922572,2.0274014338623836,1073
core,NORMAL,3,BASIC_SURGE,DRIVER_EARNINGS_AWARE,5900,3507,521,584,1255,3.718848018249216,2.0,9.0,0.18728813559322033,0.594406779661017,0.594406779661017,0.594406779661017,110.84297931720091,1.0067033005295731,1.2859986850289797,388726.3284654236,97181.5821163559,291544.7463490677,27.71074482930023,260,1741.8666666666666,1065.3333333333333,0.582466036230399,160.8614844232182,273.6652813038809,0.6890559732664996,2.0133573178199633,1105
core,NORMAL,3,BASIC_SURGE,MARKETPLACE_AWARE,5900,3523,514,583,1249,3.672438262844167,2.0,9.0,0.18593220338983052,0.5971186440677966,0.5971186440677966,0.5971186440677966,111.04762083300328,1.0071995753471221,1.2603555983689017,391220.76819467056,97805.19204866764,293415.5761460029,27.76190520825082,260,1742.65,1066.95,0.5810238963314172,161.074974622408,275.004054684852,0.6816084377059987,2.021633718761656,1097
core,NORMAL,3,BASIC_SURGE,ADVANCED_HEURISTIC,5900,3349,509,692,1316,3.908032248432368,2.0,10.0,0.20355932203389832,0.5676271186440678,0.5676271186440678,0.5676271186440678,110.69931245625258,1.0013519927494858,1.364398477661111,370731.9974159899,92682.99935399748,278048.99806199246,27.674828114063146,260,1741.7166666666667,1049.1,0.5701066944901382,152.83179200959137,265.03574307691594,0.6930928887376658,1.9228156129489105,1201
core,NORMAL,3,AGGRESSIVE_SURGE,NEAREST_DRIVER,5900,3453,361,517,1538,3.5702287865624096,2.0,9.0,0.1488135593220339,0.5852542372881356,0.5852542372881356,0.5852542372881356,117.75439783614603,1.0692395395266507,1.240320669784128,406605.93572821224,101651.48393205306,304954.45179615915,29.438599459036507,260,1740.6166666666666,1033.2666666666667,0.5638013726200254,167.32611473900386,295.136252464184,0.6900655398413246,1.983779694935703,878
core,NORMAL,3,AGGRESSIVE_SURGE,ETA_OPTIMIZED,5900,3465,343,495,1567,3.662049062049062,2.0,8.0,0.14203389830508475,0.5872881355932204,0.5872881355932204,0.5872881355932204,117.54046691926617,1.0644389593155328,1.1261103274583004,407277.71787525725,101819.42946881431,305458.28840644297,29.38511672981654,260,1743.3166666666666,1016.9333333333333,0.5554811500102208,168.31507924592145,300.3719893861704,0.6987909584720519,1.987590703544011,838
core,NORMAL,3,AGGRESSIVE_SURGE,DRIVER_EARNINGS_AWARE,5900,3492,363,478,1536,3.5770332187857963,2.0,9.0,0.14254237288135593,0.591864406779661,0.591864406779661,0.591864406779661,116.89644052350775,1.0597402596285943,1.2489299208675226,408202.37030808907,102050.59257702227,306151.7777310668,29.224110130876937,260,1742.1166666666666,1043.65,0.5719043280959941,169.2387576367126,293.3471736032834,0.7048458149779736,2.0044581782697293,841
core,NORMAL,3,AGGRESSIVE_SURGE,MARKETPLACE_AWARE,5900,3469,374,492,1533,3.5203228596137217,2.0,9.0,0.14677966101694914,0.5879661016949153,0.5879661016949153,0.5879661016949153,117.31708619490209,1.0656638061952117,1.2260591722618805,406972.97201011534,101743.24300252883,305229.7290075865,29.329271548725522,260,1740.85,1032.95,0.5626114182634924,167.15221696334865,295.4932271722605,0.6922676837725381,1.992704713214809,866
core,NORMAL,3,AGGRESSIVE_SURGE,ADVANCED_HEURISTIC,5900,3307,378,614,1570,3.8720895071061383,2.0,10.0,0.168135593220339,0.5605084745762712,0.5605084745762712,0.5605084745762712,116.35965434485234,1.0537772159250482,1.3658865028221059,384801.3769184267,96200.34422960668,288601.03268882004,29.089913586213086,260,1740.5333333333333,1020.8833333333333,0.5525453757144929,157.51851005994072,282.6973692934093,0.6948645796693633,1.8999923395127931,992
core,NORMAL,3,CAPPED_SMOOTHED_SURGE,NEAREST_DRIVER,5900,3488,493,612,1274,3.7342316513761467,2.0,9.0,0.18728813559322033,0.5911864406779661,0.5911864406779661,0.5911864406779661,111.56847709802085,1.0113270824086085,1.2866259945477672,389150.8481178967,97287.71202947418,291863.1360884225,27.892119274505212,260,1740.2833333333333,1066.55,0.5811141713936049,160.24683856928132,273.6516207289133,0.6923592493297587,2.004271335127422,1105
core,NORMAL,3,CAPPED_SMOOTHED_SURGE,ETA_OPTIMIZED,5900,3576,492,539,1261,3.8352908277404922,2.0,9.0,0.1747457627118644,0.6061016949152542,0.6061016949152542,0.6061016949152542,112.01845399606185,1.0157202266750105,1.1771723469773614,400577.99148991716,100144.49787247929,300433.4936174379,28.004613499015463,260,1744.7333333333333,1060.3,0.5755556383495206,164.68162814277417,283.3476314415145,0.6965725806451613,2.0495968820450114,1031
core,NORMAL,3,CAPPED_SMOOTHED_SURGE,DRIVER_EARNINGS_AWARE,5900,3515,497,583,1274,3.69900426742532,2.0,9.0,0.18305084745762712,0.5957627118644068,0.5957627118644068,0.5957627118644068,111.38263630197136,1.0112231112736174,1.2890190462763527,391509.96660142933,97877.49165035733,293632.474951072,27.84565907549284,260,1738.55,1062.2333333333333,0.5866059069055214,163.9101929721149,276.4293547724028,0.7035270063043108,2.021799775675132,1080
core,NORMAL,3,CAPPED_SMOOTHED_SURGE,MARKETPLACE_AWARE,5900,3503,503,582,1281,3.6988295746502997,2.0,9.0,0.18389830508474575,0.593728813559322,0.593728813559322,0.593728813559322,111.66588840143241,1.0144396087923044,1.2762207421938372,391165.6070702177,97791.40176755443,293374.20530266326,27.916472100358103,260,1743.0333333333333,1065.7666666666667,0.5840486777055545,162.96688683725807,275.27057702060796,0.6819688432217434,2.0097148648907077,1085
core,NORMAL,3,CAPPED_SMOOTHED_SURGE,ADVANCED_HEURISTIC,5900,3346,481,684,1359,4.049611476389719,2.0,10.0,0.19745762711864406,0.5671186440677967,0.5671186440677967,0.5671186440677967,110.94325143576958,1.0040109662260612,1.4162617535473656,371216.11930408503,92804.02982602126,278412.08947806375,27.735812858942396,260,1743.2666666666667,1053.3,0.5694238203065254,152.16406929223217,264.3236394930825,0.6958011996572407,1.9193850625262916,1165
core,NORMAL,4,NO_SURGE,NEAREST_DRIVER,5995,2993,725,758,1494,4.9515536251252925,3.0,12.0,0.24737281067556297,0.4992493744787323,0.4992493744787323,0.4992493744787323,110.7977917355268,1.0,1.4954937514708593,331617.7906644317,82904.44766610792,248713.3429983238,27.6994479338817,260,1617.5666666666666,981.1166666666667,0.5590804087671617,144.4890394277637,253.50027315642762,0.6964384572799409,1.8503101366249717,1483
core,NORMAL,4,NO_SURGE,ETA_OPTIMIZED,5995,3097,607,761,1507,4.705198579270261,3.0,11.0,0.22819015846538782,0.5165971643035864,0.5165971643035864,0.5165971643035864,110.84933853759836,1.0,1.3613832964006827,343300.4014509421,85825.10036273552,257475.3010882066,27.71233463439959,260,1626.0166666666667,972.0666666666667,0.5519475327806848,148.6019567930439,264.87411812105466,0.6918003565062388,1.904654523836369,1368
core,NORMAL,4,NO_SURGE,DRIVER_EARNINGS_AWARE,5995,2973,698,784,1515,4.856710393541877,3.0,12.0,0.24720600500417014,0.49591326105087574,0.49591326105087574,0.49591326105087574,111.1032359141441,1.0,1.4787983110388332,330309.9203727504,82577.4800931876,247732.44027956278,27.775808978536023,260,1614.9666666666667,972.7333333333333,0.5649388700474353,147.31757161972695,254.6766228629595,0.7024716595428359,1.8409048690375447,1482
core,NORMAL,4,NO_SURGE,MARKETPLACE_AWARE,5995,3011,760,725,1475,5.093988708070409,3.0,13.0,0.24770642201834864,0.5022518765638032,0.5022518765638032,0.5022518765638032,110.57055691331318,1.0,1.4996284539589422,332927.946865986,83231.9867164965,249695.9601494895,27.642639228328296,260,1617.75,976.0333333333333,0.5557451487170677,145.7719782070941,255.82728747258233,0.6948807983736832,1.8612270128264565,1485
core,NORMAL,4,NO_SURGE,ADVANCED_HEURISTIC,5995,2816,585,909,1660,4.900568181818182,2.0,12.0,0.24920767306088407,0.46972477064220186,0.46972477064220186,0.46972477064220186,110.83890132327598,1.0,1.6059371406888212,312122.34612634516,78030.58653158629,234091.75959475886,27.709725330818994,260,1621.1833333333334,947.4166666666666,0.5397835252012438,136.44627318931825,247.08427435457,0.6922650913789921,1.7370028065918928,1494
core,NORMAL,4,BASIC_SURGE,NEAREST_DRIVER,5995,2962,594,787,1628,4.793382849426063,3.0,12.0,0.2303586321934946,0.49407839866555464,0.49407839866555464,0.49407839866555464,113.14994673348721,1.0206422941000768,1.5349829272315116,335150.14222458913,83787.53555614728,251362.60666844185,28.287486683371803,260,1617.9166666666667,973.7833333333333,0.5576595822444198,146.52630558488065,258.12991254225807,0.697799149250971,1.83074942055112,1381
core,NORMAL,4,BASIC_SURGE,ETA_OPTIMIZED,5995,3073,542,757,1599,4.651480637813211,3.0,11.0,0.21668056713928274,0.5125938281901584,0.5125938281901584,0.5125938281901584,112.01238574976335,1.0115425225417582,1.3631621885173393,344214.0614090228,86053.5153522557,258160.54605676708,28.00309643744084,260,1626.0666666666666,969.5333333333333,0.5531443899516042,149.56021268025165,266.27299668923234,0.6951813752030319,1.8898364150711329,1299
core,NORMAL,4,BASIC_SURGE,DRIVER_EARNINGS_AWARE,5995,2984,598,767,1621,4.727211796246649,3.0,11.0,0.22768974145120935,0.49774812343619684,0.49774812343619684,0.49774812343619684,112.81930450128553,1.0184964031055626,1.4984261578599527,336652.804631836,84163.201157959,252489.603473877,28.204826125321382,260,1617.8166666666666,971.7666666666667,0.5610150970626878,149.04527514191201,259.82533887477484,0.6915887850467289,1.8444611564969249,1365
core,NORMAL,4,BASIC_SURGE,MARKETPLACE_AWARE,5995,2998,605,777,1591,4.750833889259506,3.0,11.0,0.2305254378648874,0.5000834028356964,0.5000834028356964,0.5000834028356964,113.45552214507863,1.0215936843431466,1.5021864909756442,340139.6553909457,85034.91384773643,255104.7415432093,28.363880536269658,260,1615.6833333333334,981.3,0.5626715730594561,148.80922308722742,259.96610775828935,0.6921815199562602,1.855561630269958,1382
core,NORMAL,4,BASIC_SURGE,ADVANCED_HEURISTIC,5995,2862,533,889,1689,4.6411600279524805,2.0,11.0,0.2371976647206005,0.4773978315262719,0.4773978315262719,0.4773978315262719,111.54358142477605,1.00525102838348,1.5241336217295332,319237.73003770906,79809.43250942726,239428.2975282818,27.885895356194013,260,1619.7833333333333,946.4666666666667,0.5390617620780211,139.2130224205183,252.97066020456626,0.6909824046920822,1.7669029808513486,1422
core,NORMAL,4,AGGRESSIVE_SURGE,NEAREST_DRIVER,5995,3007,395,656,1913,4.292650482208181,2.0,11.0,0.17531276063386156,0.5015846538782318,0.5015846538782318,0.5015846538782318,120.34522107846101,1.0865401451476202,1.4282759776329805,361878.07978293224,90469.51994573306,271408.55983719917,30.086305269615252,260,1617.05,960.2166666666667,0.5486910756257718,156.48634282644423,282.6534565155772,0.700171005130154,1.8595590736217187,1051
core,NORMAL,4,AGGRESSIVE_SURGE,ETA_OPTIMIZED,5995,3077,368,658,1868,4.181345466363341,3.0,10.0,0.17114261884904086,0.5132610508757298,0.5132610508757298,0.5132610508757298,118.32647617381701,1.065931067298188,1.2492992275094972,364090.56718683493,91022.64179670873,273067.9253901262,29.581619043454253,260,1618.7666666666667,944.6666666666666,0.5435139771346345,159.849486092331,289.0627297707758,0.6961274782286455,1.9008298498857155,1026
core,NORMAL,4,AGGRESSIVE_SURGE,DRIVER_EARNINGS_AWARE,5995,2990,378,668,1935,4.3073578595317725,2.0,11.0,0.17447873227689742,0.4987489574645538,0.4987489574645538,0.4987489574645538,120.98523397140453,1.0938492391840213,1.4328349985539937,361745.84957449953,90436.46239362488,271309.38718087465,30.24630849285113,260,1615.3,948.55,0.5492518896036788,158.85637867986205,286.0253936860203,0.7031518624641834,1.85104934067975,1046
core,NORMAL,4,AGGRESSIVE_SURGE,MARKETPLACE_AWARE,5995,3007,388,633,1944,4.276022613900898,2.0,11.0,0.17030859049207672,0.5015846538782318,0.5015846538782318,0.5015846538782318,120.79612950062372,1.09131498804402,1.4305936729821174,363233.96140837553,90808.49035209388,272425.47105628165,30.19903237515593,260,1617.7833333333333,955.1166666666667,0.5457334326655698,156.67874974976897,285.2274288198108,0.6946869070208729,1.8587161445187346,1021
core,NORMAL,4,AGGRESSIVE_SURGE,ADVANCED_HEURISTIC,5995,2874,356,834,1909,4.333333333333333,2.0,11.0,0.19849874895746455,0.47939949958298583,0.47939949958298583,0.47939949958298583,116.75478625695558,1.0548498660079695,1.4558237558633973,335553.25570249034,83888.31392562258,251664.94177686775,29.188696564238896,260,1617.5,937.3666666666667,0.5382151441139694,146.69472720310435,268.4807884963562,0.6943564909666604,1.7768160741885626,1190
core,NORMAL,4,CAPPED_SMOOTHED_SURGE,NEAREST_DRIVER,5995,3022,577,738,1636,4.677365982792852,3.0,11.0,0.21934945788156798,0.5040867389491243,0.5040867389491243,0.5040867389491243,115.22152835265688,1.0381443598216642,1.4732590233882208,348199.4586817291,87049.86467043227,261149.5940112968,28.80538208816422,260,1616.1,976.1,0.5600167073018035,152.1324496594843,267.54389305531896,0.6857764876632801,1.8699337912257905,1315
core,NORMAL,4,CAPPED_SMOOTHED_SURGE,ETA_OPTIMIZED,5995,3077,515,739,1639,4.587910302242444,3.0,11.0,0.20917431192660552,0.5132610508757298,0.5132610508757298,0.5132610508757298,114.0001505929968,1.024087234956919,1.3555897390537306,350778.46337465115,87694.61584366279,263083.8475309884,28.5000376482492,260,1624.0,967.85,0.5522915735887876,151.95410075600742,271.82295555198465,0.6971677559912854,1.894704433497537,1254
core,NORMAL,4,CAPPED_SMOOTHED_SURGE,DRIVER_EARNINGS_AWARE,5995,3020,589,747,1617,4.686423841059603,3.0,11.0,0.22285237698081733,0.5037531276063386,0.5037531276063386,0.5037531276063386,114.52002515171499,1.0386645862369293,1.4739146247438322,345850.4759581793,86462.61898954482,259387.85696863447,28.630006287928747,260,1616.0,971.1333333333333,0.5633079837916435,152.74623842698688,267.09808845537975,0.6951018161805174,1.868811881188119,1336
core,NORMAL,4,CAPPED_SMOOTHED_SURGE,MARKETPLACE_AWARE,5995,2989,576,740,1668,4.614252258280361,2.0,11.0,0.2195162635529608,0.49858215179316095,0.49858215179316095,0.49858215179316095,114.92969814261488,1.0384531261702483,1.4715589517321779,343524.86774827586,85881.21693706897,257643.6508112069,28.73242453565372,260,1617.8666666666666,967.7166666666667,0.552694095510613,149.35432184383993,266.2387242938259,0.6975446428571429,1.8474946431514754,1316
core,NORMAL,4,CAPPED_SMOOTHED_SURGE,ADVANCED_HEURISTIC,5995,2928,501,850,1689,4.709357923497268,2.0,11.0,0.22535446205170975,0.4884070058381985,0.4884070058381985,0.4884070058381985,111.62417364337665,1.010363446992113,1.535907748032405,326835.5804278068,81708.8951069517,245126.68532085512,27.906043410844163,260,1620.7833333333333,959.6333333333333,0.5459237166049641,141.48175606810244,255.4378602808591,0.689505165851006,1.8065338776517528,1351
core,NORMAL,5,NO_SURGE,NEAREST_DRIVER,5971,3326,538,746,1339,4.220685508117859,2.0,10.0,0.21503935689164294,0.5570256238486015,0.5570256238486015,0.5570256238486015,110.28776686197781,1.0,1.4299184521337254,366817.1125829382,91704.27814573456,275112.83443720365,27.571941715494454,260,1661.5,1054.1833333333334,0.5812149664998323,154.07024831223822,260.9724757906155,0.6906851164360446,2.0018055973517908,1284
core,NORMAL,5,NO_SURGE,ETA_OPTIMIZED,5971,3457,504,677,1311,4.157072606306046,3.0,9.0,0.19778931502260927,0.578964997487858,0.578964997487858,0.578964997487858,110.59445343481181,1.0,1.2462278242361318,382325.0255241444,95581.2563810361,286743.7691431083,27.648613358702953,260,1669.0,1046.9166666666667,0.5774794725150907,159.7159529102052,273.89359466029606,0.6903257978723404,2.071300179748352,1181
core,NORMAL,5,NO_SURGE,DRIVER_EARNINGS_AWARE,5971,3366,529,721,1334,4.199049316696375,2.0,10.0,0.20934516831351532,0.563724669234634,0.563724669234634,0.563724669234634,110.42765943593473,1.0,1.4066549206633667,371699.5016613563,92924.87541533908,278774.62624601723,27.606914858983682,260,1658.35,1057.4666666666667,0.5997189914724607,161.12629831548318,263.6249775368969,0.6811017089762734,2.0297283444387495,1250
core,NORMAL,5,NO_SURGE,MARKETPLACE_AWARE,5971,3369,515,728,1335,4.086969427129712,2.0,10.0,0.20817283537095962,0.5642270976385865,0.5642270976385865,0.5642270976385865,110.5851706142701,1.0,1.3836092953243382,372561.43979947595,93140.35994986899,279421.07984960696,27.646292653567524,260,1662.4,1059.2166666666667,0.5885425852133785,157.34789627494385,263.79973865870085,0.6924499747771986,2.0265880654475454,1243
core,NORMAL,5,NO_SURGE,ADVANCED_HEURISTIC,5971,3131,500,849,1466,4.624720536569786,2.0,11.0,0.22592530564394575,0.5243677775916932,0.5243677775916932,0.5243677775916932,110.57320132115079,1.0,1.5871564028786709,346204.69333652314,86551.17333413078,259653.52000239235,27.643300330287698,260,1659.7833333333333,1023.0,0.5709879384721881,146.9271529467215,253.81575757809614,0.6865671641791045,1.8863907939791338,1349
core,NORMAL,5,BASIC_SURGE,NEAREST_DRIVER,5971,3342,484,717,1405,4.160383004189108,2.0,10.0,0.20113883771562552,0.5597052420030145,0.5597052420030145,0.5597052420030145,111.55650982815591,1.0078256412976847,1.4171601541505905,372821.85584569705,93205.46396142426,279616.3918842728,27.889127457038978,260,1661.85,1056.9833333333333,0.587478567384038,157.46251497208252,264.54191193579794,0.6848464507467696,2.011011824171857,1201
core,NORMAL,5,BASIC_SURGE,ETA_OPTIMIZED,5971,3429,459,662,1398,4.20705745115194,3.0,9.0,0.18774074694356055,0.5742756657176352,0.5742756657176352,0.5742756657176352,111.58205487596632,1.0091903101426358,1.2542248911865692,382614.8661696885,95653.71654242213,286961.1496272664,27.89551371899158,260,1668.8,1040.3666666666666,0.5747869809306416,160.14812729986892,275.8269356578768,0.6895742541066041,2.0547698945349953,1121
core,NORMAL,5,BASIC_SURGE,DRIVER_EARNINGS_AWARE,5971,3355,467,716,1411,4.160655737704918,2.0,10.0,0.1981242672919109,0.5618824317534751,0.5618824317534751,0.5618824317534751,111.448739667459,1.0085767421714849,1.4325132587323266,373910.52158432495,93477.63039608124,280432.8911882437,27.86218491686475,260,1660.2166666666667,1059.1,0.6037484587058286,162.63256657705986,264.7841480391311,0.6890048829769322,2.020820575627679,1183
core,NORMAL,5,BASIC_SURGE,MARKETPLACE_AWARE,5971,3321,472,735,1421,4.117735621800662,2.0,10.0,0.2021436945235304,0.5561882431753475,0.5561882431753475,0.5561882431753475,111.7104658780678,1.0085025537559569,1.4102962396242473,370990.45718106313,92747.61429526578,278242.8428857974,27.92761646951695,260,1661.0166666666667,1050.4,0.583857921562353,156.8686111769321,264.8922723589083,0.6785417013484268,1.9993778910506617,1207
core,NORMAL,5,BASIC_SURGE,ADVANCED_HEURISTIC,5971,3125,469,819,1532,4.42496,2.0,11.0,0.21570926143024619,0.5233629207837883,0.5233629207837883,0.5233629207837883,111.53392270521677,1.0027292423581418,1.5279841869701432,348543.5084538024,87135.8771134506,261407.63134035177,27.883480676304192,260,1659.7,1020.65,0.565523776549558,146.8955843745121,256.11877856302533,0.6918249956423218,1.8828703982647466,1288
core,NORMAL,5,AGGRESSIVE_SURGE,NEAREST_DRIVER,5971,3301,342,606,1699,3.8821569221448047,2.0,9.0,0.15876737564897003,0.5528387204823313,0.5528387204823313,0.5528387204823313,118.32742676114238,1.0679099116278914,1.3296524483890249,390598.83573853096,97649.70893463274,292949.12680389825,29.581856690285594,260,1662.3333333333333,1020.85,0.5641297652636728,163.24112066390356,286.9658880382997,0.6880910683012259,1.9857629837577704,948
core,NORMAL,5,AGGRESSIVE_SURGE,ETA_OPTIMIZED,5971,3357,323,552,1712,3.963955913017575,2.0,9.0,0.14654161781946073,0.5622173840227768,0.5622173840227768,0.5622173840227768,118.86559143712681,1.0712319781935609,1.1925916940749395,399031.7904544347,99757.94761360867,299273.842840826,29.716397859281702,260,1667.05,1005.05,0.5540269287914419,165.49192666254189,297.7701038165524,0.6936507936507936,2.013736840526679,875
core,NORMAL,5,AGGRESSIVE_SURGE,DRIVER_EARNINGS_AWARE,5971,3324,330,617,1674,3.826113116726835,2.0,9.0,0.15859989951431921,0.5566906715793,0.5566906715793,0.5566906715793,117.28485477889726,1.0621551502582387,1.3084806125071675,389854.85728505446,97463.71432126361,292391.14296379086,29.321213694724314,260,1660.85,1023.35,0.5795993249801057,167.06542950658965,285.7195905250314,0.6981165287801443,2.0013848330674056,947
core,NORMAL,5,AGGRESSIVE_SURGE,MARKETPLACE_AWARE,5971,3319,339,598,1690,3.765592045796927,2.0,9.0,0.1569251381678111,0.5558532909060458,0.5558532909060458,0.5558532909060458,118.0380086009544,1.0657527493662675,1.298718882746439,391768.15054656763,97942.03763664191,293826.11290992575,29.5095021502386,260,1662.3833333333334,1021.2333333333333,0.5633266318862448,163.68727192522633,287.7169235662033,0.6985111662531017,1.9965310848881626,937
core,NORMAL,5,AGGRESSIVE_SURGE,ADVANCED_HEURISTIC,5971,3118,331,764,1738,4.173508659397049,2.0,10.0,0.18338636744263942,0.5221905878412326,0.5221905878412326,0.5221905878412326,117.06140806548646,1.0537148640613132,1.4568394719654354,364997.4703481868,91249.3675870467,273748.1027611401,29.265352016371615,260,1662.1166666666666,1002.15,0.5587628949811744,155.2440390072023,273.1608070260341,0.6898443029016278,1.8759212650535964,1095
core,NORMAL,5,CAPPED_SMOOTHED_SURGE,NEAREST_DRIVER,5971,3353,464,710,1417,4.113629585445869,2.0,10.0,0.1966169820800536,0.5615474794841735,0.5615474794841735,0.5615474794841735,112.60424748814575,1.0182684044644368,1.3815036174884727,377562.04182775266,94390.51045693817,283171.5313708145,28.151061872036436,260,1661.9833333333333,1055.1666666666667,0.5827494588823857,157.9252146990293,268.3666384812647,0.6825237856785178,2.0174690881376667,1174
core,NORMAL,5,CAPPED_SMOOTHED_SURGE,ETA_OPTIMIZED,5971,3419,452,681,1397,4.12079555425563,3.0,9.0,0.18975046055937028,0.5726009043711271,0.5726009043711271,0.5726009043711271,112.48414875970596,1.0164770938198984,1.2325551200182234,384583.3046094347,96145.82615235867,288437.478457076,28.12103718992649,260,1666.6,1039.4666666666667,0.5737328428651208,160.98445694323394,277.4860298137596,0.6870623541180394,2.0514820592823715,1133
core,NORMAL,5,CAPPED_SMOOTHED_SURGE,DRIVER_EARNINGS_AWARE,5971,3378,474,680,1413,4.105387803433985,2.0,10.0,0.19326745938703735,0.5657343828504439,0.5657343828504439,0.5657343828504439,112.64083850499092,1.0188506833601207,1.382119107544537,380500.7524698593,95125.18811746483,285375.5643523945,28.16020962624773,260,1660.95,1053.7166666666667,0.5984750977776084,164.93125835550194,270.8276080088523,0.6825476429287863,2.033775851169511,1154
core,NORMAL,5,CAPPED_SMOOTHED_SURGE,MARKETPLACE_AWARE,5971,3362,464,706,1419,4.198393813206425,2.0,10.0,0.19594707754145035,0.5630547646960308,0.5630547646960308,0.5630547646960308,112.72732429729489,1.0163587253496074,1.4150465525679385,378989.2642875054,94747.31607187635,284241.9482156291,28.18183107432372,260,1658.3666666666666,1065.9666666666667,0.5922007254478983,159.69393471021417,266.6518167068661,0.6714309183505832,2.0272959337500756,1170
core,NORMAL,5,CAPPED_SMOOTHED_SURGE,ADVANCED_HEURISTIC,5971,3172,446,808,1524,4.328184110970996,2.0,11.0,0.21001507285211857,0.5312342991123765,0.5312342991123765,0.5312342991123765,111.434979864708,1.008025783685763,1.4878887910893728,353471.7561308538,88367.93903271345,265103.81709814037,27.858744966177,260,1662.2666666666667,1018.7666666666667,0.5666053009490808,149.5013130249151,260.2203485568894,0.6876396768093519,1.9082377476538062,1254
core,NORMAL,6,NO_SURGE,NEAREST_DRIVER,5948,3275,562,754,1328,4.358778625954199,2.0,10.0,0.22125084061869535,0.550605245460659,0.550605245460659,0.550605245460659,110.06304784695547,1.0,1.4490190849955737,360456.48169877916,90114.12042469479,270342.36127408437,27.515761961738868,260,1680.05,1040.9833333333333,0.5736899163277652,151.37692693593468,259.6990293863984,0.6861153390833756,1.9493467456325706,1316
core,NORMAL,6,NO_SURGE,ETA_OPTIMIZED,5948,3395,512,705,1308,4.265684830633284,3.0,9.599999999999909,0.2046065904505716,0.5707800941492939,0.5707800941492939,0.5707800941492939,110.71021413352973,1.0,1.2400020263953928,375861.1769833334,93965.29424583336,281895.88273750007,27.677553533382433,260,1685.7166666666667,1031.4666666666667,0.56914746433697,157.5471326148773,273.2961634606063,0.6862321250415697,2.0139802062426466,1217
core,NORMAL,6,NO_SURGE,DRIVER_EARNINGS_AWARE,5948,3273,565,749,1330,4.319584479071189,2.0,10.0,0.22091459314055145,0.5502689979825152,0.5502689979825152,0.5502689979825152,110.390346518396,1.0,1.4236157656963955,361307.60415471013,90326.90103867753,270980.7031160326,27.597586629599,260,1677.4,1042.8333333333333,0.588976867742956,156.07659621154107,259.850442495796,0.6860189573459715,1.951234052700608,1314
core,NORMAL,6,NO_SURGE,MARKETPLACE_AWARE,5948,3291,561,724,1342,4.31145548465512,2.0,11.0,0.2160390047074647,0.5532952252858103,0.5532952252858103,0.5532952252858103,110.40254038035508,1.0,1.4337452772204073,363334.76039174857,90833.69009793714,272501.07029381144,27.60063509508877,260,1680.9666666666667,1040.9833333333333,0.5760667732303285,153.19129767733259,261.77275040632554,0.6883404255319149,1.9578020583394475,1285
core,NORMAL,6,NO_SURGE,ADVANCED_HEURISTIC,5948,3064,509,889,1455,4.484007832898173,2.0,11.0,0.23503698722259583,0.5151311365164761,0.5151311365164761,0.5151311365164761,110.51035845214527,1.0,1.5169154541104182,338603.7382973731,84650.93457434328,253952.80372302985,27.627589613036317,260,1683.35,1003.8666666666667,0.5546666665058619,142.82893749133262,252.97463513384568,0.6938491026311204,1.8201799982178395,1398
core,NORMAL,6,BASIC_SURGE,NEAREST_DRIVER,5948,3229,516,764,1409,4.2883245586869,2.0,10.0,0.21519838601210492,0.542871553463349,0.542871553463349,0.542871553463349,110.7072546971505,1.006910854352942,1.442693655597333,357473.72541709896,89368.43135427474,268105.2940628242,27.676813674287626,260,1680.4,1024.4833333333333,0.5670114527770047,150.50325183695873,261.6980533890164,0.690999656475438,1.9215662937395857,1280
core,NORMAL,6,BASIC_SURGE,ETA_OPTIMIZED,5948,3374,458,685,1398,4.286899822169532,3.0,9.0,0.1921654337592468,0.5672494956287828,0.5672494956287828,0.5672494956287828,111.17885072278322,1.007590758568782,1.2558272703751618,375117.4423386706,93779.36058466765,281338.08175400295,27.794712680695806,260,1687.5,1023.5,0.5657476512626807,157.34087308225077,274.8784384504181,0.689765638172315,1.9994074074074073,1143
core,NORMAL,6,BASIC_SURGE,DRIVER_EARNINGS_AWARE,5948,3259,525,720,1414,4.315741024854249,2.0,10.0,0.20931405514458643,0.5479152656355077,0.5479152656355077,0.5479152656355077,110.8265046939518,1.0090091747931318,1.4476331212698037,361183.57879758894,90295.89469939723,270887.6840981917,27.70662617348795,260,1679.5333333333333,1031.0666666666666,0.5795543880794987,154.94888878053266,262.7256731845904,0.6918825561312608,1.9404199579248205,1245
core,NORMAL,6,BASIC_SURGE,MARKETPLACE_AWARE,5948,3237,503,749,1428,4.201421068890949,2.0,10.0,0.2104909213180901,0.5442165433759247,0.5442165433759247,0.5442165433759247,111.42768450183588,1.009532190494875,1.4008454593111088,360691.41473244276,90172.85368311069,270518.5610493321,27.85692112545897,260,1680.7333333333333,1028.9333333333334,0.5698112628806145,151.76015577656537,262.9116506245938,0.6883250471455512,1.9259450239974614,1252
core,NORMAL,6,BASIC_SURGE,ADVANCED_HEURISTIC,5948,3078,469,852,1519,4.505847953216374,2.0,11.0,0.22209145931405513,0.5174848688634835,0.5174848688634835,0.5174848688634835,110.99353778513048,1.003454691993649,1.5114172050822894,341638.10930263164,85409.52732565791,256228.58197697374,27.74838444628262,260,1682.8333333333333,1003.1666666666666,0.5518119222306566,143.47695359655634,255.41975275990072,0.68578856152513,1.8290581360800238,1321
core,NORMAL,6,AGGRESSIVE_SURGE,NEAREST_DRIVER,5948,3281,356,596,1689,3.8899725693386165,2.0,10.0,0.16005379959650304,0.5516139878950908,0.5516139878950908,0.5516139878950908,118.0423085427745,1.070757666679966,1.331644465288596,387296.81432884315,96824.20358221079,290472.61074663233,29.510577135693627,260,1681.7666666666667,1007.95,0.5589847947473163,162.85451325818318,288.181567286703,0.690429860251194,1.9509246229163777,952
core,NORMAL,6,AGGRESSIVE_SURGE,ETA_OPTIMIZED,5948,3361,346,553,1658,3.8667063373995836,3.0,8.0,0.1511432414256893,0.5650638870208473,0.5650638870208473,0.5650638870208473,117.63139782464417,1.0629373892135596,1.1512891250189825,395359.12808862905,98839.78202215726,296519.3460664718,29.407849456161042,260,1684.0833333333333,994.4666666666667,0.5509595161925955,165.98301392872443,298.16921572682685,0.6976826463824518,1.9957444702855165,899
core,NORMAL,6,AGGRESSIVE_SURGE,DRIVER_EARNINGS_AWARE,5948,3284,342,633,1661,3.766138855054811,2.0,9.0,0.16392064559515804,0.5521183591123067,0.5521183591123067,0.5521183591123067,117.1141184449835,1.0648545488874628,1.2909563723487936,384602.76497332583,96150.69124333146,288452.07372999436,29.278529611245876,260,1678.9333333333334,1007.1666666666666,0.5703263494498987,165.37860335909315,286.39954366704717,0.6988656504785538,1.9560038119440915,975
core,NORMAL,6,AGGRESSIVE_SURGE,MARKETPLACE_AWARE,5948,3291,351,612,1665,3.842601033120632,2.0,9.0,0.16190316072629454,0.5532952252858103,0.5532952252858103,0.5532952252858103,118.60944343506003,1.0724411303696688,1.3108140614760524,390343.67834478256,97585.91958619564,292757.75875858695,29.652360858765007,260,1679.45,1012.55,0.562676419203231,164.14643149604132,289.12918745601394,0.6895281529556219,1.9595700973533001,963
core,NORMAL,6,AGGRESSIVE_SURGE,ADVANCED_HEURISTIC,5948,3100,350,742,1727,4.3425806451612905,2.0,11.0,0.183591123066577,0.5211835911230666,0.5211835911230666,0.5211835911230666,116.51824986402478,1.0532070438882892,1.4891666550930993,361206.57457847684,90301.64364461921,270904.9309338576,29.129562466006195,260,1680.9166666666667,993.4666666666667,0.5489669164173678,151.47042963524052,272.68648262031024,0.6952380952380952,1.844231817956472,1092
core,NORMAL,6,CAPPED_SMOOTHED_SURGE,NEAREST_DRIVER,5948,3269,509,730,1409,4.296420923829918,2.0,11.0,0.20830531271015468,0.5495965030262273,0.5495965030262273,0.5495965030262273,112.37046279575597,1.0207982334218266,1.4494412927490234,367339.04287932627,91834.76071983157,275504.2821594947,28.092615698938992,260,1679.6833333333334,1032.8666666666666,0.5719116175926742,155.0150386467059,266.73750935212166,0.6833446404341926,1.9462001766205932,1239
core,NORMAL,6,CAPPED_SMOOTHED_SURGE,ETA_OPTIMIZED,5948,3398,481,646,1393,4.29693937610359,3.0,10.0,0.18947545393409548,0.5712844653665098,0.5712844653665098,0.5712844653665098,112.80373411757867,1.0212141350312425,1.2544559928738288,383307.0885315323,95826.77213288308,287480.31639864924,28.200933529394668,260,1688.7333333333333,1027.3666666666666,0.5639832646057079,159.36972253014727,279.8225071204529,0.6941176470588235,2.0121590146460857,1127
core,NORMAL,6,CAPPED_SMOOTHED_SURGE,DRIVER_EARNINGS_AWARE,5948,3281,501,718,1416,4.313623895153916,2.0,10.0,0.20494283792871554,0.5516139878950908,0.5516139878950908,0.5516139878950908,112.41814587806465,1.022885256887435,1.4373953500746566,368843.93662593013,92210.98415648253,276632.9524694476,28.104536469516162,260,1677.1833333333334,1034.0166666666667,0.5811271515132088,158.12233614391585,267.53239225942286,0.6931016686736625,1.9562560244854965,1219
core,NORMAL,6,CAPPED_SMOOTHED_SURGE,MARKETPLACE_AWARE,5948,3274,511,727,1405,4.254123396456934,2.0,10.0,0.20813718897108271,0.5504371217215871,0.5504371217215871,0.5504371217215871,112.44269267005015,1.0193076963317762,1.4218761050571451,368137.3758017442,92034.34395043604,276103.03185130813,28.110673167512537,260,1679.5666666666666,1034.4,0.5753395166172753,155.4765386501003,266.92095113235507,0.6907251842962455,1.9493123226228988,1238
core,NORMAL,6,CAPPED_SMOOTHED_SURGE,ADVANCED_HEURISTIC,5948,3085,478,862,1491,4.471961102106969,2.0,11.0,0.22528581035642234,0.5186617350369872,0.5186617350369872,0.5186617350369872,111.64881812088659,1.0109478496957476,1.5127994434112342,344436.6039029351,86109.15097573378,258327.45292720135,27.912204530221647,260,1682.35,1003.7833333333333,0.5558066716278482,145.99414062334935,257.3537977258054,0.6868093922651933,1.8337444645882248,1340
core,NORMAL,7,NO_SURGE,NEAREST_DRIVER,6015,3311,551,771,1348,4.309574146783449,2.0,10.0,0.21978387364921032,0.5504571903574398,0.5504571903574398,0.5504571903574398,110.04760081236743,1.0,1.4534344288681431,364367.60628974857,91091.90157243714,273275.7047173114,27.51190020309186,260,1646.5166666666667,1048.5166666666667,0.6032586330778424,159.76285479385083,260.6307685943425,0.6799405155320555,2.01091192517537,1322
core,NORMAL,7,NO_SURGE,ETA_OPTIMIZED,6015,3421,539,681,1340,4.309558608593979,3.0,10.0,0.2028262676641729,0.5687448046550291,0.5687448046550291,0.5687448046550291,110.89073955077868,1.0,1.2565700107463504,379357.22000321385,94839.30500080346,284517.9150024104,27.72268488769467,260,1656.05,1041.0833333333333,0.5892430797055419,162.7206694715574,273.2902409372388,0.6823432343234324,2.065758884091664,1220
core,NORMAL,7,NO_SURGE,DRIVER_EARNINGS_AWARE,6015,3338,558,733,1352,4.3181545835829835,2.0,11.0,0.2146300914380715,0.5549459684123026,0.5549459684123026,0.5549459684123026,110.23782973854492,1.0,1.4425926073979178,367973.87566726294,91993.46891681573,275980.40675044723,27.55945743463623,260,1643.1166666666666,1053.75,0.6097105762815213,161.96622832770743,261.90311435392374,0.6870919136112507,2.031505168024182,1291
core,NORMAL,7,NO_SURGE,MARKETPLACE_AWARE,6015,3332,573,735,1342,4.243397358943578,2.0,10.0,0.2174563591022444,0.5539484621778886,0.5539484621778886,0.5539484621778886,110.80657104075215,1.0,1.4176095502956727,369207.4947077861,92301.87367694653,276905.6210308396,27.701642760188037,260,1647.7833333333333,1057.75,0.6056989448020179,160.49179621166417,261.78739875286186,0.6736772921459087,2.0221105121021172,1308
core,NORMAL,7,NO_SURGE,ADVANCED_HEURISTIC,6015,3111,529,874,1466,4.559627129540341,2.0,11.0,0.23325020781379885,0.517206982543641,0.517206982543641,0.517206982543641,110.97407739874411,1.0,1.564284137067282,345240.35478749295,86310.08869687324,258930.26609061973,27.74351934968603,260,1651.0666666666666,1024.1833333333334,0.5830282273338906,149.82140142937405,252.81632463974842,0.6815329828726471,1.8842364532019704,1403
core,NORMAL,7,BASIC_SURGE,NEAREST_DRIVER,6015,3297,502,723,1459,4.4419168941461935,2.0,11.0,0.20365752285951788,0.5481296758104738,0.5481296758104738,0.5481296758104738,111.38729317672053,1.0074981235969742,1.4946537358311731,367243.9056036476,91810.9764009119,275432.92920273566,27.846823294180133,260,1644.8833333333334,1052.3,0.6022101453344176,159.89805747966832,261.7437320181847,0.678948249874393,2.0043974749982265,1225
core,NORMAL,7,BASIC_SURGE,ETA_OPTIMIZED,6015,3415,463,705,1399,4.310980966325037,3.0,10.0,0.1941812136325852,0.5677472984206151,0.5677472984206151,0.5677472984206151,111.93884526308845,1.0101902130578204,1.2804503983037256,382271.15657344705,95567.78914336176,286703.3674300853,27.984711315772113,260,1655.1166666666666,1041.9333333333334,0.5890528665295258,163.30205792856773,275.16479054650193,0.6785422454649452,2.063298659711803,1168
core,NORMAL,7,BASIC_SURGE,DRIVER_EARNINGS_AWARE,6015,3320,493,747,1416,4.172289156626506,2.0,10.0,0.20615128844555278,0.5519534497090607,0.5519534497090607,0.5519534497090607,111.45644610148587,1.0089518069634444,1.4168745886925247,370035.4010569331,92508.85026423328,277526.5507926998,27.864111525371467,260,1644.4166666666667,1049.9,0.61023380103229,163.72142986823323,264.3361756288216,0.6838774150566289,2.018953022855116,1240
core,NORMAL,7,BASIC_SURGE,MARKETPLACE_AWARE,6015,3331,488,744,1418,4.148003602521765,2.0,10.0,0.20482128013300083,0.5537822111388196,0.5537822111388196,0.5537822111388196,111.06804434945602,1.0065022401227288,1.407017083096049,369967.655728038,92491.9139320095,277475.7417960285,27.767011087364004,260,1647.75,1048.0,0.59658032171711,160.0506593063812,264.76692919468366,0.671078431372549,2.02154453042027,1232
core,NORMAL,7,BASIC_SURGE,ADVANCED_HEURISTIC,6015,3099,472,854,1555,4.616327847692804,2.0,11.0,0.22044887780548628,0.515211970074813,0.515211970074813,0.515211970074813,111.45633270845134,1.005429162879059,1.5828572128993963,345403.1750634907,86350.79376587267,259052.38129761803,27.864083177112835,260,1649.7,1020.8,0.5867569861187559,150.96656657502228,253.77388450001766,0.6834705075445816,1.87852336788507,1326
core,NORMAL,7,AGGRESSIVE_SURGE,NEAREST_DRIVER,6015,3343,350,602,1691,3.900388872270416,2.0,10.0,0.15827098919368246,0.5557772236076476,0.5557772236076476,0.5557772236076476,118.10076375814968,1.0691330088041195,1.3393540626878362,394810.8532434944,98702.7133108736,296108.1399326208,29.52519093953742,260,1646.0666666666666,1027.8,0.5854623804973533,170.6503539906129,288.09898806442965,0.6843464783881522,2.030901948078247,952
core,NORMAL,7,AGGRESSIVE_SURGE,ETA_OPTIMIZED,6015,3333,347,615,1689,3.952895289528953,3.0,8.0,0.1599334995843724,0.5541147132169576,0.5541147132169576,0.5541147132169576,118.84211372711084,1.0738971850905343,1.1730117400093407,396100.7650524604,99025.1912631151,297075.57378934533,29.71052843177771,260,1654.9333333333334,993.55,0.5663343622482094,170.8766018491867,299.00415056046023,0.6909848879624805,2.0139784079922656,962
core,NORMAL,7,AGGRESSIVE_SURGE,DRIVER_EARNINGS_AWARE,6015,3311,345,613,1716,3.998187858652975,2.0,10.0,0.15926849542809643,0.5504571903574398,0.5504571903574398,0.5504571903574398,119.69096791763707,1.0804153088823587,1.3829805290832735,396296.79477529635,99074.19869382409,297222.59608147223,29.922741979409267,260,1643.35,1024.85,0.5944540854476015,174.04049882748177,290.01570579252797,0.6836099585062241,2.01478686828734,958
core,NORMAL,7,AGGRESSIVE_SURGE,MARKETPLACE_AWARE,6015,3326,343,629,1686,3.8301262778111846,2.0,9.0,0.16159600997506235,0.5529509559434747,0.5529509559434747,0.5529509559434747,117.78595730223792,1.0658979831089432,1.3234476815659104,391756.0939872433,97939.02349681083,293817.0704904325,29.44648932555948,260,1645.9166666666667,1023.4666666666667,0.587492230705135,170.43039082797313,287.0802538663683,0.6902164502164502,2.0207584426105005,972
core,NORMAL,7,AGGRESSIVE_SURGE,ADVANCED_HEURISTIC,6015,3109,345,801,1726,4.2573174654229655,2.0,10.200000000000273,0.19052369077306733,0.5168744804655029,0.5168744804655029,0.5168744804655029,118.01091889221733,1.0595646005274906,1.47870652040829,366895.9468359037,91723.98670897592,275171.96012692776,29.502729723054333,260,1647.55,1006.9833333333333,0.5738025984341938,159.0518954557621,273.2636688395317,0.677546813262326,1.8870443992595065,1146
core,NORMAL,7,CAPPED_SMOOTHED_SURGE,NEAREST_DRIVER,6015,3306,489,742,1443,4.1751361161524505,2.0,10.0,0.20465502909393185,0.5496259351620948,0.5496259351620948,0.5496259351620948,112.49718243757233,1.0188570144140778,1.4236884617160641,371915.68513861415,92978.92128465354,278936.7638539606,28.124295609393084,260,1646.5666666666666,1046.75,0.599745531797406,162.1409147514888,266.47887638305286,0.6787495843032924,2.007814239731158,1231
core,NORMAL,7,CAPPED_SMOOTHED_SURGE,ETA_OPTIMIZED,6015,3429,456,700,1393,4.213764946048411,3.0,9.0,0.1921862011637573,0.570074812967581,0.570074812967581,0.570074812967581,112.29093191022348,1.0170482323389722,1.2431951648185986,385045.6055201563,96261.40138003908,288784.2041401173,28.07273297755587,260,1652.6333333333334,1037.7666666666667,0.5937095214552043,166.14216160476138,278.27469643797633,0.688253758466876,2.0748704088424534,1156
core,NORMAL,7,CAPPED_SMOOTHED_SURGE,DRIVER_EARNINGS_AWARE,6015,3271,479,777,1457,4.182512992968511,2.0,10.0,0.2088113050706567,0.54380714879468,0.54380714879468,0.54380714879468,112.54649566423888,1.0182702077355954,1.42387124861448,368139.58731772535,92034.89682943134,276104.690488294,28.13662391605972,260,1646.7,1038.6,0.6022317345283081,162.88167678708245,265.84314508790106,0.6794935865400633,1.9863970364972368,1256
core,NORMAL,7,CAPPED_SMOOTHED_SURGE,MARKETPLACE_AWARE,6015,3285,486,756,1454,4.243835616438356,2.0,11.0,0.20648379052369079,0.5461346633416458,0.5461346633416458,0.5461346633416458,112.62643128023942,1.0207606299954963,1.4454479079656906,369977.8267555865,92494.45668889662,277483.37006668985,28.156607820059854,260,1645.1833333333334,1045.9333333333334,0.6036210836512332,161.87632473312283,265.29737720698245,0.6839543470963411,1.9967379522039084,1242
core,NORMAL,7,CAPPED_SMOOTHED_SURGE,ADVANCED_HEURISTIC,6015,3149,454,867,1511,4.512226103524928,2.0,11.0,0.2196176226101413,0.5235245220282627,0.5235245220282627,0.5235245220282627,111.89146403994778,1.0104761543921874,1.5517572516735707,352346.22026179556,88086.55506544889,264259.6651963467,27.972866009986944,260,1649.4,1027.9833333333333,0.5852418030702333,152.3433150240087,257.0660988631593,0.6854579312679872,1.9091790954286405,1321
core,NORMAL,8,NO_SURGE,NEAREST_DRIVER,5934,3281,530,780,1307,4.142029868942395,2.0,10.0,0.22076171216717222,0.5529154027637344,0.5529154027637344,0.5529154027637344,111.60171140729166,1.0,1.4085871803519183,366165.2151273239,91541.30378183098,274623.91134549293,27.900427851822915,260,1717.5333333333333,1050.3833333333334,0.5800912595253686,153.1024772142467,261.45113182059845,0.6839205209550844,1.9102977137755697,1310
core,NORMAL,8,NO_SURGE,ETA_OPTIMIZED,5934,3400,522,683,1294,4.175882352941176,3.0,9.0,0.20306707111560499,0.5729693292888439,0.5729693292888439,0.5729693292888439,111.94957399878041,1.0,1.2435250982375687,380628.5515958534,95157.13789896335,285471.41369689006,27.987393499695102,260,1718.7833333333333,1046.7166666666667,0.5736324467089693,157.12530635185738,272.7303603619796,0.6840531561461795,1.978143454187555,1205
core,NORMAL,8,NO_SURGE,DRIVER_EARNINGS_AWARE,5934,3322,541,740,1296,3.9870559903672484,2.0,10.0,0.21587462082912032,0.559824738793394,0.559824738793394,0.559824738793394,111.44497591389485,1.0,1.3479319499847287,370220.2099859587,92555.05249648968,277665.15748946904,27.861243978473713,260,1718.85,1053.3666666666666,0.587105640596035,156.6610936910897,263.5978204703671,0.6895100185216366,1.9326875527242053,1281
core,NORMAL,8,NO_SURGE,MARKETPLACE_AWARE,5934,3286,549,758,1306,4.133292757151552,2.0,10.0,0.22025615099427032,0.553758004718571,0.553758004718571,0.553758004718571,111.52363334614725,1.0,1.4020166695639857,366466.65917543985,91616.66479385996,274849.9943815799,27.880908336536812,260,1718.2,1052.4666666666667,0.5776495591579158,152.16034575914236,261.1484079130739,0.6810819836366673,1.912466534745664,1307
core,NORMAL,8,NO_SURGE,ADVANCED_HEURISTIC,5934,3110,512,865,1413,4.279742765273312,2.0,11.0,0.2320525783619818,0.524098415908325,0.524098415908325,0.524098415908325,111.84299980425197,1.0,1.4778570204271149,347831.72939122363,86957.93234780591,260873.79704341773,27.960749951062994,260,1718.6333333333334,1019.85,0.5602979342774933,145.4221125725363,255.7962416467301,0.6832594613024208,1.8095773773734942,1377
core,NORMAL,8,BASIC_SURGE,NEAREST_DRIVER,5934,3299,467,752,1382,4.083964837829646,2.0,10.0,0.2054263565891473,0.5559487698011459,0.5559487698011459,0.5559487698011459,111.99056700776383,1.0057272870634242,1.4016084219186005,369456.8805586129,92364.22013965322,277092.6604189597,27.997641751940957,260,1718.1833333333334,1049.45,0.5753514679206355,153.17433834282386,264.0360764390487,0.6782334384858044,1.920051216886052,1219
core,NORMAL,8,BASIC_SURGE,ETA_OPTIMIZED,5934,3380,465,698,1356,4.181065088757396,3.0,9.0,0.1959892146949781,0.5695989214694978,0.5695989214694978,0.5695989214694978,113.03407226397229,1.0087813657691043,1.2432178719227416,382055.16425222636,95513.79106305659,286541.3731891698,28.258518065993073,260,1724.35,1042.0833333333333,0.5689067931650662,157.7484877559232,274.9697303694552,0.679220350181698,1.9601589004552442,1163
core,NORMAL,8,BASIC_SURGE,DRIVER_EARNINGS_AWARE,5934,3267,476,782,1374,4.072543617998163,2.0,10.0,0.21199865183687225,0.5505561172901922,0.5505561172901922,0.5505561172901922,112.67707342284803,1.0057571482702197,1.4020247338792133,368115.9988724445,92028.99971811112,276086.9991543334,28.169268355712006,260,1718.8666666666666,1052.6833333333334,0.5849199162760139,155.58002237575974,262.2697542670319,0.6811811811811812,1.9006709847573984,1258
core,NORMAL,8,BASIC_SURGE,MARKETPLACE_AWARE,5934,3296,482,761,1361,3.9590412621359223,2.0,10.0,0.20947084597236265,0.555443208628244,0.555443208628244,0.555443208628244,112.71922324069607,1.0054652581282295,1.3658261318389593,371522.5598013342,92880.63995033356,278641.91985100065,28.179805810174017,260,1716.2666666666667,1050.4666666666667,0.5781271933701847,154.7464711830899,265.2553657272964,0.6809254327563249,1.9204474829086389,1243
core,NORMAL,8,BASIC_SURGE,ADVANCED_HEURISTIC,5934,3083,467,875,1476,4.361336360687642,2.0,11.0,0.22615436467812605,0.5195483653522076,0.5195483653522076,0.5195483653522076,112.10678017931862,1.0017808970041584,1.5248660595800656,345625.2032928393,86406.30082320982,259218.90246962948,28.026695044829655,260,1720.6333333333334,1018.3333333333334,0.5606834600427851,144.69641963784156,254.55211371813039,0.6825179609989737,1.7917820957399406,1342
core,NORMAL,8,AGGRESSIVE_SURGE,NEAREST_DRIVER,5934,3304,338,637,1623,3.7148910411622276,2.0,9.0,0.16430738119312438,0.5567913717559825,0.5567913717559825,0.5567913717559825,118.38091049900922,1.0619039039520572,1.2740917960390044,391130.52828872646,97782.63207218162,293347.89621654485,29.595227624752305,260,1718.15,1021.4,0.5602310764509234,162.04157707899705,287.2017781638387,0.6808364758313336,1.9229985740476674,975
core,NORMAL,8,AGGRESSIVE_SURGE,ETA_OPTIMIZED,5934,3344,333,585,1635,3.8424043062200957,2.0,8.0,0.15470171890798787,0.5635321873946748,0.5635321873946748,0.5635321873946748,119.85136311591904,1.0692339932349817,1.1762642458338304,400782.9582596333,100195.73956490832,300587.21869472496,29.96284077897976,260,1721.7,1011.9166666666666,0.5541877699515493,165.94293931072045,297.0474037994482,0.6918513348455767,1.9422663646396003,918
core,NORMAL,8,AGGRESSIVE_SURGE,DRIVER_EARNINGS_AWARE,5934,3304,351,627,1616,3.7257869249394675,2.0,9.0,0.16481294236602628,0.5567913717559825,0.5567913717559825,0.5567913717559825,118.88876373842524,1.0620516868564236,1.2942745091361474,392808.475391757,98202.11884793924,294606.35654381773,29.72219093460631,260,1715.65,1032.9,0.576483794565822,165.33841507107664,285.2225351377846,0.6900452488687783,1.9258007169294435,978
core,NORMAL,8,AGGRESSIVE_SURGE,MARKETPLACE_AWARE,5934,3274,349,626,1650,3.8405620036652413,2.0,10.0,0.16430738119312438,0.5517357600269632,0.5517357600269632,0.5517357600269632,119.31460952826635,1.0636312371061831,1.3317712576569893,390636.031595544,97659.007898886,292977.023696658,29.828652382066586,260,1718.95,1032.3166666666666,0.5662685036625508,161.97730229199155,283.8053798382196,0.6857790170791217,1.9046510951452922,975
core,NORMAL,8,AGGRESSIVE_SURGE,ADVANCED_HEURISTIC,5934,3105,351,764,1681,4.165217391304348,2.0,10.0,0.18790023592854735,0.5232558139534884,0.5232558139534884,0.5232558139534884,117.71147453809434,1.051458669143148,1.4589702545529422,365494.1284407829,91373.53211019572,274120.59633058717,29.427868634523584,260,1719.9166666666667,1006.7166666666667,0.5521258449023374,152.4286592520189,272.29170372059707,0.6931414356787491,1.805320025195019,1115
core,NORMAL,8,CAPPED_SMOOTHED_SURGE,NEAREST_DRIVER,5934,3325,462,724,1389,4.161804511278196,2.0,10.0,0.19986518368722617,0.5603302999662959,0.5603302999662959,0.5603302999662959,113.97988946305752,1.0194129492223627,1.404967916321988,378983.13246466627,94745.78311616657,284237.3493484997,28.49497236576438,260,1719.9333333333334,1061.8666666666666,0.57987813700773,157.05524223618642,267.6770617922838,0.6800466355762825,1.933214465676964,1186
core,NORMAL,8,CAPPED_SMOOTHED_SURGE,ETA_OPTIMIZED,5934,3372,456,719,1358,4.1755634638196915,3.0,9.0,0.19801145938658576,0.5682507583417593,0.5682507583417593,0.5682507583417593,113.98755623068256,1.0161660778014174,1.2398639077283273,384366.03960986156,96091.50990246539,288274.52970739617,28.49688905767064,260,1722.2833333333333,1040.6833333333334,0.5691151799219857,158.75457914572962,277.0050412780668,0.6785831960461285,1.957866011206054,1175
core,NORMAL,8,CAPPED_SMOOTHED_SURGE,DRIVER_EARNINGS_AWARE,5934,3292,482,737,1389,4.081713244228433,2.0,10.0,0.2054263565891473,0.5547691270643748,0.5547691270643748,0.5547691270643748,112.96526598979749,1.013882215494196,1.4044791965352847,371881.65563841333,92970.41390960333,278911.24172881,28.241316497449372,260,1718.2,1044.7166666666667,0.5819861879901932,156.87784739450697,266.97309483797204,0.6793241886918702,1.9159585612850658,1219
core,NORMAL,8,CAPPED_SMOOTHED_SURGE,MARKETPLACE_AWARE,5934,3337,483,714,1366,4.018879232843871,2.0,10.0,0.20171890798786654,0.5623525446579036,0.5623525446579036,0.5623525446579036,113.36911252724136,1.0165511913429424,1.368420590123965,378312.7285034044,94578.1821258511,283734.5463775533,28.34227813181034,260,1718.4166666666667,1052.4166666666667,0.5790507869061938,157.81536242335912,269.60286297653334,0.6740386202343621,1.9419038843896996,1197
core,NORMAL,8,CAPPED_SMOOTHED_SURGE,ADVANCED_HEURISTIC,5934,3098,466,859,1476,4.354744996772111,2.0,11.0,0.22328951803168184,0.5220761712167172,0.5220761712167172,0.5220761712167172,112.8565390444542,1.0068289981715264,1.516760561651979,349629.5579597191,87407.38948992977,262222.1684697893,28.21413476111355,260,1718.4,1024.5166666666667,0.5623792034424018,145.674329260639,255.94719637206754,0.6910822510822511,1.8028398510242085,1325
core,NORMAL,9,NO_SURGE,NEAREST_DRIVER,5742,3162,499,708,1349,4.363061353573688,2.0,11.0,0.21020550330895157,0.5506792058516197,0.5506792058516197,0.5506792058516197,110.65800284444728,1.0,1.467469506759011,349900.6049941423,87475.15124853558,262425.4537456067,27.66450071111182,260,1697.9333333333334,1006.95,0.5554136883084484,147.92426901826374,260.61418515875334,0.6970456580125336,1.8622639286976324,1207
core,NORMAL,9,NO_SURGE,ETA_OPTIMIZED,5742,3269,471,668,1307,4.258182930559804,3.0,10.0,0.19836293974225008,0.5693138279345176,0.5693138279345176,0.5693138279345176,110.4652365574686,1.0,1.2838149125058205,361110.85830636485,90277.71457659121,270833.14372977364,27.61630913936715,260,1704.05,998.2833333333333,0.5440411458043266,149.7894955509933,271.298873462551,0.6892714310554686,1.918370939819841,1139
core,NORMAL,9,NO_SURGE,DRIVER_EARNINGS_AWARE,5742,3141,501,737,1340,4.288761540910538,2.0,10.0,0.21560431905259492,0.5470219435736677,0.5470219435736677,0.5470219435736677,110.70736281255856,1.0,1.445210777060227,347731.82659424643,86932.95664856161,260798.86994568483,27.67684070313964,260,1693.8166666666666,1005.3166666666667,0.5566593181404731,147.25879419704967,259.4196222871912,0.6962341602712833,1.8543919550521997,1238
core,NORMAL,9,NO_SURGE,MARKETPLACE_AWARE,5742,3176,500,697,1346,4.369647355163728,2.0,11.0,0.2084639498432602,0.5531173807035876,0.5531173807035876,0.5531173807035876,110.51483224947246,1.0,1.4727834814264011,350995.10722432454,87748.77680608114,263246.3304182434,27.628708062368116,260,1694.2666666666667,1018.05,0.5590518996009674,147.21690751268898,258.5789798322709,0.6949696753478416,1.8745573306051784,1197
core,NORMAL,9,NO_SURGE,ADVANCED_HEURISTIC,5742,3014,475,790,1435,4.490046449900465,2.0,11.0,0.22030651340996169,0.524904214559387,0.524904214559387,0.524904214559387,111.2208292048945,1.0,1.5358045962224165,335219.579223552,83804.894805888,251414.68441766402,27.805207301223625,260,1697.6,984.1666666666666,0.5394945057917151,141.2041479091634,255.45945918814292,0.6842857142857143,1.7754476908576815,1265
core,NORMAL,9,BASIC_SURGE,NEAREST_DRIVER,5742,3139,466,725,1388,4.2596368270149725,2.0,10.0,0.20741901776384536,0.5466736328805294,0.5466736328805294,0.5466736328805294,110.93472164967811,1.0034335774539966,1.4443293486565705,348224.0912583396,87056.0228145849,261168.0684437547,27.733680412419528,260,1695.6166666666666,1002.1,0.5517013151090494,146.66111180246355,260.6207648375957,0.6910771418414504,1.8512438935687117,1191
core,NORMAL,9,BASIC_SURGE,ETA_OPTIMIZED,5742,3227,441,671,1378,4.299659126123334,3.0,10.0,0.19366074538488331,0.5619993033786137,0.5619993033786137,0.5619993033786137,111.13738481870455,1.0060399887489966,1.3141434980208826,358640.34080995957,89660.08520248989,268980.2556074697,27.784346204676137,260,1700.3,991.3,0.5450527831906711,149.6277760211573,271.3409216256125,0.6974222222222223,1.897900370522849,1112
core,NORMAL,9,BASIC_SURGE,DRIVER_EARNINGS_AWARE,5742,3140,477,703,1395,4.308917197452229,2.0,10.0,0.2055033089515848,0.5468477882270986,0.5468477882270986,0.5468477882270986,111.68780048474908,1.0083613148725596,1.4567792192104358,350699.6935221121,87674.92338052802,263024.7701415841,27.92195012118727,260,1693.4833333333333,998.55,0.5538049136127855,148.483626973119,263.40670987089686,0.6930515759312321,1.8541664616323357,1180
core,NORMAL,9,BASIC_SURGE,MARKETPLACE_AWARE,5742,3168,483,687,1380,4.255366161616162,2.0,10.0,0.20376175548589343,0.5517241379310345,0.5517241379310345,0.5517241379310345,111.6558020580901,1.0060105325112754,1.4358287357758315,353725.58092002943,88431.39523000736,265294.1856900221,27.913950514522526,260,1692.8666666666666,1008.85,0.5570605599885498,149.461539732579,262.96692837391294,0.6950367317685002,1.8713818768952075,1170
core,NORMAL,9,BASIC_SURGE,ADVANCED_HEURISTIC,5742,2991,443,813,1467,4.416583082581076,2.0,11.0,0.21873911529083942,0.5208986415882968,0.5208986415882968,0.5208986415882968,111.25810044981013,1.001999945829388,1.5157385950488609,332772.9784453821,83193.24461134552,249579.73383403657,27.814525112452532,260,1696.3333333333333,973.1166666666667,0.5363116908071419,140.674029273179,256.47462671557355,0.6930872240318494,1.7632147769699353,1256
core,NORMAL,9,AGGRESSIVE_SURGE,NEAREST_DRIVER,5742,3153,336,604,1625,3.9638439581351093,2.0,10.0,0.1637060257749913,0.5491118077324973,0.5491118077324973,0.5491118077324973,118.25050949177059,1.0646899459256616,1.360365030943514,372843.85642755264,93210.96410688816,279632.8923206645,29.562627372942647,260,1694.5333333333333,985.45,0.5426517348945541,156.219892157089,283.7616239491242,0.693450742982939,1.8606892753167048,940
core,NORMAL,9,AGGRESSIVE_SURGE,ETA_OPTIMIZED,5742,3226,325,554,1613,3.9872907625542466,2.0,9.0,0.15308254963427378,0.5618251480320445,0.5618251480320445,0.5618251480320445,118.33133227546986,1.0647192633532554,1.2204178251189437,381736.8779206658,95434.21948016644,286302.65844049933,29.582833068867465,260,1701.9333333333334,973.5333333333333,0.5323941207678099,158.0235707773226,294.08613823238306,0.7021040974529347,1.8954914019350542,879
core,NORMAL,9,AGGRESSIVE_SURGE,DRIVER_EARNINGS_AWARE,5742,3147,328,603,1640,3.8681283762313314,2.0,9.400000000000091,0.16213862765586903,0.5480668756530825,0.5480668756530825,0.5480668756530825,117.52632825176234,1.0607723075791855,1.3341706120510513,369855.3550082961,92463.83875207402,277391.51625622204,29.381582062940584,260,1693.0833333333333,978.7333333333333,0.5465164833168984,157.3213087011696,283.41889134550314,0.7024008933556672,1.8587389870551756,931
core,NORMAL,9,AGGRESSIVE_SURGE,MARKETPLACE_AWARE,5742,3168,333,580,1640,3.958017676767677,2.0,10.0,0.15900383141762453,0.5517241379310345,0.5517241379310345,0.5517241379310345,118.11615335810718,1.0658990719166235,1.3593066836972028,374191.97383848357,93547.99345962089,280643.9803788627,29.529038339526796,260,1695.9666666666667,986.8666666666667,0.5445216614330587,156.80840608516598,284.37882224433827,0.6950027659966808,1.8679612413765994,913
core,NORMAL,9,AGGRESSIVE_SURGE,ADVANCED_HEURISTIC,5742,2944,314,746,1714,4.340353260869565,2.0,11.0,0.18460466736328807,0.5127133402995472,0.5127133402995472,0.5127133402995472,117.27490226927851,1.0531077910648314,1.511092551483865,345257.31228075596,86314.32807018899,258942.98421056697,29.31872556731963,260,1693.7333333333333,958.7833333333333,0.5274695817715491,145.75993842939408,270.0745572102494,0.6905912978802529,1.7381720853341731,1060
core,NORMAL,9,CAPPED_SMOOTHED_SURGE,NEAREST_DRIVER,5742,3122,456,707,1431,4.277706598334401,2.0,10.0,0.20254266805990945,0.543712991988854,0.543712991988854,0.543712991988854,112.426233217877,1.0163789418250655,1.4519307984713494,350994.700106212,87748.675026553,263246.025079659,28.10655830446925,260,1697.1166666666666,999.15,0.5460136111425031,146.563613298956,263.46997455803336,0.6893776824034334,1.8395906783073253,1163
core,NORMAL,9,CAPPED_SMOOTHED_SURGE,ETA_OPTIMIZED,5742,3280,427,629,1381,4.285975609756098,3.0,10.0,0.1839080459770115,0.5712295367467781,0.5712295367467781,0.5712295367467781,112.59394086541008,1.0161803916109953,1.291079916031229,369308.12603854504,92327.03150963626,276981.0945289088,28.14848521635252,260,1699.4,1000.5166666666667,0.548663951573193,153.93505933418237,276.8380615304514,0.6927275928860714,1.9300929739908201,1056
core,NORMAL,9,CAPPED_SMOOTHED_SURGE,DRIVER_EARNINGS_AWARE,5742,3152,450,707,1410,4.242703045685279,2.0,11.0,0.2014977359804946,0.5489376523859283,0.5489376523859283,0.5489376523859283,112.29686160154577,1.0175668517443195,1.4289964418685541,353959.70776807226,88489.92694201806,265469.78082605416,28.074215400386443,260,1693.9833333333333,1001.0166666666667,0.5575467044558399,150.88179644588604,265.20016066271376,0.6906244440491016,1.8607030765749368,1157
core,NORMAL,9,CAPPED_SMOOTHED_SURGE,MARKETPLACE_AWARE,5742,3133,448,706,1427,4.338653048196616,2.0,11.0,0.20097526994078718,0.5456287008011146,0.5456287008011146,0.5456287008011146,112.3573969736008,1.0181666030511571,1.4604894885468311,352015.7247182913,88003.93117957283,264011.7935387185,28.0893492434002,260,1695.1833333333334,1003.9833333333333,0.5524222332014284,147.9386078095164,262.96431900136304,0.6827975980219004,1.848177679896963,1154
core,NORMAL,9,CAPPED_SMOOTHED_SURGE,ADVANCED_HEURISTIC,5742,2948,426,820,1523,4.453188602442334,2.0,11.0,0.21699756182514804,0.5134099616858238,0.5134099616858238,0.5134099616858238,111.47355495461572,1.0059103452552383,1.540392616674202,328624.0400062071,82156.01000155178,246468.03000465536,27.86838873865393,260,1695.3166666666666,970.0666666666667,0.532723625293421,138.37535761963187,254.0732905002976,0.6972426470588236,1.7389081685820742,1246
core,NORMAL,10,NO_SURGE,NEAREST_DRIVER,5914,3384,531,711,1268,3.9731087470449173,2.0,10.0,0.21001014541765303,0.5722015556307068,0.5722015556307068,0.5722015556307068,110.13143059703135,1.0,1.3437895041619197,372684.7611403541,93171.19028508852,279513.5708552656,27.53285764925784,260,1689.2666666666667,1044.85,0.5752753505278551,155.6304272284776,267.5155006510653,0.6888814467515071,2.0032361182367104,1242
core,NORMAL,10,NO_SURGE,ETA_OPTIMIZED,5914,3425,518,681,1272,4.117080291970803,2.0,9.0,0.2027392627663172,0.5791342576936084,0.5791342576936084,0.5791342576936084,110.4246287334386,1.0,1.2363457827817332,378204.3534120272,94551.0883530068,283653.26505902037,27.60615718335965,260,1696.75,1029.7833333333333,0.5636438063969172,156.57176991204045,275.44946191822265,0.6910187667560321,2.01856490349197,1199
core,NORMAL,10,NO_SURGE,DRIVER_EARNINGS_AWARE,5914,3323,528,750,1292,4.013541980138429,2.0,10.0,0.21609739600946906,0.561887047683463,0.561887047683463,0.561887047683463,110.16317234290266,1.0,1.3699182135039405,366072.2216954655,91518.05542386638,274554.1662715991,27.540793085725664,260,1687.4166666666667,1032.4,0.5811405566121866,157.32484584639118,265.9377821305687,0.6974446337308348,1.9692824337004295,1278
core,NORMAL,10,NO_SURGE,MARKETPLACE_AWARE,5914,3377,526,720,1269,3.980456026058632,2.0,10.0,0.21068650659452148,0.571017923571187,0.571017923571187,0.571017923571187,110.51494535822513,1.0,1.3562598349455919,373208.9704747263,93302.24261868157,279906.7278560447,27.628736339556283,260,1688.3833333333334,1048.55,0.5776632169468795,156.06203888789358,266.9464764255827,0.690771812080537,2.000138199263595,1246
core,NORMAL,10,NO_SURGE,ADVANCED_HEURISTIC,5914,3182,525,803,1384,4.274041483343809,2.0,10.0,0.22455191072032465,0.5380453161988502,0.5380453161988502,0.5380453161988502,111.04679594694007,1.0,1.472823961483826,353350.9047031633,88337.72617579083,265013.1785273725,27.761698986735016,260,1691.2,1020.4333333333333,0.5611755377800152,148.2430960267053,259.7065088629397,0.6839767680218654,1.881504257332072,1328
core,NORMAL,10,BASIC_SURGE,NEAREST_DRIVER,5914,3374,484,709,1328,4.007113218731476,2.0,10.0,0.20172472100101455,0.5705106526885356,0.5705106526885356,0.5705106526885356,110.6148769633975,1.0033089961047574,1.3684955014475177,373214.5948745032,93303.6487186258,279910.94615587743,27.653719240849377,260,1687.5333333333333,1043.7666666666667,0.5758990587117856,156.24935368922738,268.1738697881494,0.6923856153976026,1.999367913720223,1193
core,NORMAL,10,BASIC_SURGE,ETA_OPTIMIZED,5914,3409,473,685,1326,4.05368143150484,2.0,9.0,0.19580656070341562,0.5764288129861346,0.5764288129861346,0.5764288129861346,111.15529708889585,1.005761825364828,1.2246906920921519,378928.40777604596,94732.10194401149,284196.30583203444,27.788824272223962,260,1695.0333333333333,1029.4166666666667,0.563642148192,157.25676017416055,276.0750967363728,0.6934097421203438,2.011169888497768,1158
core,NORMAL,10,BASIC_SURGE,DRIVER_EARNINGS_AWARE,5914,3337,490,728,1341,3.9484566976326043,2.0,10.0,0.20595197835644233,0.5642543118025025,0.5642543118025025,0.5642543118025025,110.77528917091662,1.0056603721132664,1.350901543080951,369657.13996334875,92414.28499083719,277242.85497251153,27.693822292729156,260,1687.2166666666667,1036.8833333333334,0.5838543629442929,158.9168608259635,267.3809541149067,0.6933922201460846,1.9778135588197525,1218
core,NORMAL,10,BASIC_SURGE,MARKETPLACE_AWARE,5914,3392,483,693,1327,3.8920990566037736,2.0,10.0,0.19885018599932364,0.5735542779844437,0.5735542779844437,0.5735542779844437,110.5255529409551,1.0046781087068546,1.3212332209579931,374902.6755757197,93725.66889392992,281177.00668178976,27.631388235238774,260,1688.6333333333334,1040.0333333333333,0.5713025107030637,156.6407574532433,270.3538412375787,0.6888217522658611,2.0087250044414615,1176
core,NORMAL,10,BASIC_SURGE,ADVANCED_HEURISTIC,5914,3200,489,809,1398,4.0878125,2.0,10.0,0.2194792018938113,0.5410889414947582,0.5410889414947582,0.5410889414947582,110.74683602830083,1.00145850577727,1.4177872395336208,354389.8752905627,88597.46882264067,265792.40646792203,27.68670900707521,260,1689.4333333333334,1018.4,0.5625254375821153,149.43806936240935,260.990187026632,0.6974367855905784,1.8941262356214115,1298
core,NORMAL,10,AGGRESSIVE_SURGE,NEAREST_DRIVER,5914,3318,349,643,1586,3.736889692585895,2.0,9.0,0.16773757186337504,0.5610415962123774,0.5610415962123774,0.5610415962123774,116.55857269474923,1.0533997070546637,1.29309257117451,386741.34420117794,96685.33605029449,290056.0081508835,29.139643173687308,260,1688.5333333333333,1020.45,0.5648915086675255,162.8101986729689,284.2432340152711,0.6953862285914016,1.9650189513581806,992
core,NORMAL,10,AGGRESSIVE_SURGE,ETA_OPTIMIZED,5914,3394,335,559,1607,3.821744254566883,2.0,8.0,0.15116672303009807,0.573892458572878,0.573892458572878,0.573892458572878,116.38839656394715,1.0560736421411525,1.1660640424542617,395022.21793803666,98755.55448450916,296266.6634535275,29.09709914098679,260,1695.5666666666666,998.3666666666667,0.5471145146860221,164.47443772969916,296.7513573371782,0.7005998588567396,2.00169068354729,894
core,NORMAL,10,AGGRESSIVE_SURGE,DRIVER_EARNINGS_AWARE,5914,3367,341,599,1586,3.67032967032967,2.0,9.0,0.1589448765640852,0.5693270206290159,0.5693270206290159,0.5693270206290159,116.73190939964026,1.0564740333720282,1.265179480685006,393036.33894858876,98259.08473714719,294777.25421144156,29.182977349910065,260,1687.1333333333334,1022.8833333333333,0.574654740770788,167.577238597869,288.1826740209293,0.699228340933006,1.9956928912948986,940
core,NORMAL,10,AGGRESSIVE_SURGE,MARKETPLACE_AWARE,5914,3377,350,590,1579,3.6893692626591648,2.0,9.0,0.1589448765640852,0.571017923571187,0.571017923571187,0.571017923571187,116.9663823626596,1.0571976581639444,1.2717810043206332,394995.47323870147,98748.86830967537,296246.6049290261,29.2415955906649,260,1690.3333333333333,1024.0666666666666,0.5663849587777299,165.74159137301166,289.28449150025335,0.6880179558011049,1.997830802603037,940
core,NORMAL,10,AGGRESSIVE_SURGE,ADVANCED_HEURISTIC,5914,3203,344,737,1606,4.016859194505152,2.0,10.0,0.182786608048698,0.5415962123774095,0.5415962123774095,0.5415962123774095,115.57773944856537,1.0444922818806308,1.3885669210302831,370195.49945375486,92548.87486343872,277646.62459031615,28.894434862141342,260,1688.7,1008.6666666666666,0.5568639056463699,155.27630773621036,275.26102900560096,0.6924152394267739,1.8967252916444601,1081
core,NORMAL,10,CAPPED_SMOOTHED_SURGE,NEAREST_DRIVER,5914,3368,458,726,1343,3.996140142517815,2.0,10.0,0.20020290835306054,0.569496110923233,0.569496110923233,0.569496110923233,111.75897265688394,1.0122636893386976,1.360750121896848,376404.21990838513,94101.05497709628,282303.16493128886,27.939743164220985,260,1688.3333333333333,1048.2666666666667,0.5803268918649849,158.74940474034233,269.3047236052743,0.6884834281888182,1.994866732477789,1184
core,NORMAL,10,CAPPED_SMOOTHED_SURGE,ETA_OPTIMIZED,5914,3394,466,674,1361,4.093694755450795,2.0,9.0,0.1927629354075076,0.573892458572878,0.573892458572878,0.573892458572878,112.21134362305206,1.0146046701301767,1.2432519340564208,380845.3002566387,95211.32506415967,285633.975192479,28.052835905763015,260,1691.7333333333333,1024.25,0.5600107611564643,157.79086996555583,278.8713450744242,0.690319310694374,2.0062263556116013,1140
core,NORMAL,10,CAPPED_SMOOTHED_SURGE,DRIVER_EARNINGS_AWARE,5914,3389,453,708,1344,3.9580997344349367,2.0,10.0,0.19631383158606697,0.5730470071017923,0.5730470071017923,0.5730470071017923,111.39890022284875,1.012086617128879,1.3545844248762817,377530.8728552344,94382.7182138086,283148.1546414258,27.849725055712188,260,1691.6333333333334,1050.15,0.5912471804472627,162.06777998233028,269.62639112643507,0.6901927912824811,2.0033892293444207,1161
core,NORMAL,10,CAPPED_SMOOTHED_SURGE,MARKETPLACE_AWARE,5914,3378,465,702,1348,3.9120781527531086,2.0,10.0,0.19732837335136963,0.5711870138654042,0.5711870138654042,0.5711870138654042,111.75652223242695,1.012465887584656,1.3317570908624572,377513.5321011382,94378.38302528455,283135.14907585364,27.939130558106736,260,1687.1166666666666,1042.8166666666666,0.57590344769633,158.1462893700543,271.50999607715033,0.6908171861836563,2.002232605925297,1167
core,NORMAL,10,CAPPED_SMOOTHED_SURGE,ADVANCED_HEURISTIC,5914,3202,461,812,1419,4.200187382885696,2.0,10.0,0.2152519445383835,0.5414271220831924,0.5414271220831924,0.5414271220831924,111.1069420627683,1.0060553922683322,1.4511630731084415,355764.4284849841,88941.10712124602,266823.32136373804,27.776735515692074,260,1690.4,1020.8166666666667,0.5603586103061201,148.3795691939454,261.3822149230891,0.6883427206007852,1.894226218646474,1273
core,NORMAL,11,NO_SURGE,NEAREST_DRIVER,5911,3102,525,773,1488,4.5802707930367506,2.0,11.0,0.2195905938081543,0.5247843004567755,0.5247843004567755,0.5247843004567755,110.45326021971705,1.0,1.4680834747809426,342626.0132015623,85656.50330039057,256969.50990117172,27.613315054929263,260,1653.5166666666667,998.2833333333333,0.5562531470275318,145.37000369360536,257.4113994702623,0.6853023909985936,1.8760016530425054,1298
core,NORMAL,11,NO_SURGE,ETA_OPTIMIZED,5911,3189,455,754,1490,4.549388523047978,3.0,11.0,0.20453391981052274,0.5395026222297412,0.5395026222297412,0.5395026222297412,110.89377118673409,1.0,1.3308611414499723,353640.236314495,88410.05907862374,265230.1772358712,27.72344279668352,260,1665.45,993.2,0.5464163999003694,147.6651406816747,267.04609065230693,0.6813262326060814,1.9147978023957488,1209
core,NORMAL,11,NO_SURGE,DRIVER_EARNINGS_AWARE,5911,3119,486,758,1526,4.611734530298173,2.0,11.0,0.2104550837421756,0.5276602943664355,0.5276602943664355,0.5276602943664355,110.37858356200928,1.0,1.4828903540061014,344270.80212990695,86067.70053247674,258203.1015974302,27.59464589050232,260,1654.0666666666666,997.9833333333333,0.5676905203178657,150.68511055076195,258.7248634052975,0.6875330629518603,1.8856555560033856,1244
core,NORMAL,11,NO_SURGE,MARKETPLACE_AWARE,5911,3100,520,760,1508,4.696774193548387,2.0,11.0,0.2165454237861614,0.5244459482321097,0.5244459482321097,0.5244459482321097,110.52926415164012,1.0,1.5153795979614335,342640.7188700844,85660.1797175211,256980.5391525633,27.63231603791003,260,1654.9333333333334,1004.7833333333333,0.5575519575143844,145.3513920671564,255.75716736864993,0.687743535246192,1.8731872381566226,1280
core,NORMAL,11,NO_SURGE,ADVANCED_HEURISTIC,5911,2988,457,854,1590,4.497991967871486,2.0,11.0,0.22178988326848248,0.5054982236508205,0.5054982236508205,0.5054982236508205,110.14886668146337,1.0,1.5112587537584898,329124.81364421255,82281.20341105314,246843.61023315942,27.537216670365844,260,1655.9,969.1833333333333,0.5409128915976257,140.80741606299225,254.69238042320106,0.6949091563230797,1.8044567908690137,1311
core,NORMAL,11,BASIC_SURGE,NEAREST_DRIVER,5911,3142,473,697,1577,4.751432208784214,2.0,11.0,0.19793605142953816,0.531551344950093,0.531551344950093,0.531551344950093,112.41825572549074,1.0150623196475927,1.5224092728563423,353218.1594894919,88304.53987237297,264913.6196171189,28.104563931372684,260,1652.6333333333334,1010.65,0.5656849881439221,150.58279200320092,262.1220201030217,0.680352422907489,1.9012081728151031,1170
core,NORMAL,11,BASIC_SURGE,ETA_OPTIMIZED,5911,3224,410,737,1518,4.408808933002481,3.0,10.0,0.19404500084588056,0.545423786161394,0.545423786161394,0.545423786161394,111.33064514240604,1.0069698523131894,1.3119814794064069,358929.99993911706,89732.49998477926,269197.4999543378,27.83266128560151,260,1658.6333333333334,993.8666666666667,0.547508245637338,150.12291727323642,270.8587670589661,0.6798088410991637,1.9437689664181352,1147
core,NORMAL,11,BASIC_SURGE,DRIVER_EARNINGS_AWARE,5911,3104,476,731,1575,4.494845360824742,2.0,11.0,0.20419556758585689,0.5251226526814414,0.5251226526814414,0.5251226526814414,112.17448908455033,1.0137928734207269,1.4529021997542064,348189.6141184442,87047.40352961105,261142.21058883314,28.043622271137583,260,1651.9,992.85,0.5649847548386623,151.51434439564827,263.02282377885194,0.6818663838812301,1.8790483685453114,1207
core,NORMAL,11,BASIC_SURGE,MARKETPLACE_AWARE,5911,3122,462,749,1553,4.37636130685458,2.0,11.0,0.20487227203518862,0.5281678227034343,0.5281678227034343,0.5281678227034343,111.5201348232026,1.007623265971111,1.4426346289672136,348165.8609180385,87041.46522950963,261124.3956885289,27.88003370580065,260,1653.1,1001.05,0.5571429779470078,147.81060595460198,260.85050266073506,0.6853122251539138,1.8885729840904968,1211
core,NORMAL,11,BASIC_SURGE,ADVANCED_HEURISTIC,5911,2985,422,841,1642,4.692462311557789,2.0,11.0,0.21366942987650145,0.5049906953138217,0.5049906953138217,0.5049906953138217,110.99447939252794,1.0028105480504192,1.5481852217678347,331318.5209866959,82829.63024667397,248488.89074002192,27.748619848131984,260,1655.0333333333333,977.4833333333333,0.5429586879985158,140.99546232217781,254.2129182833691,0.6840981856990395,1.8035890515800286,1263
core,NORMAL,11,AGGRESSIVE_SURGE,NEAREST_DRIVER,5911,3138,312,630,1808,3.8776290630975145,2.0,10.0,0.15936389781762816,0.5308746405007613,0.5308746405007613,0.5308746405007613,117.30146752315025,1.0633016674018108,1.321040976510155,368092.0050876455,92023.00127191137,276069.0038157341,29.325366880787563,260,1654.1333333333334,974.6,0.5425339272076414,156.51397836942039,283.26390705492923,0.693814055636896,1.897065935837498,942
core,NORMAL,11,AGGRESSIVE_SURGE,ETA_OPTIMIZED,5911,3221,289,615,1763,4.000620925178516,2.0,9.0,0.1529352055489765,0.5449162578243952,0.5449162578243952,0.5449162578243952,117.42303419696465,1.0614784837096354,1.185156111610965,378219.5931484231,94554.89828710578,283664.69486131734,29.355758549241163,260,1655.1833333333334,967.2166666666667,0.5376355995347771,159.2875042956188,293.2793702148612,0.6934411500449237,1.9460079950861435,904
core,NORMAL,11,AGGRESSIVE_SURGE,DRIVER_EARNINGS_AWARE,5911,3128,307,632,1820,3.9801790281329925,2.0,10.0,0.15885636948062934,0.5291828793774319,0.5291828793774319,0.5291828793774319,117.58707269994369,1.0639535727515892,1.3423663721463197,367812.3634054239,91953.09085135597,275859.2725540679,29.396768174985922,260,1653.0666666666666,975.9166666666666,0.5525146648864627,158.9457101480573,282.6668320936568,0.692603441962651,1.8922406839812873,939
core,NORMAL,11,AGGRESSIVE_SURGE,MARKETPLACE_AWARE,5911,3100,296,646,1846,4.09516129032258,2.0,10.0,0.15936389781762816,0.5244459482321097,0.5244459482321097,0.5244459482321097,118.70351687438328,1.0689035465157537,1.377935253178182,367980.90231058816,91995.22557764704,275985.6767329411,29.67587921859582,260,1655.05,979.0833333333334,0.5431899117550308,155.4353996043155,281.8817023402241,0.683723462166576,1.8730551947071086,942
core,NORMAL,11,AGGRESSIVE_SURGE,ADVANCED_HEURISTIC,5911,2981,306,753,1844,4.280778262328078,2.0,11.0,0.17915750296058197,0.5043139908644899,0.5043139908644899,0.5043139908644899,116.59632729922485,1.050147476280631,1.4594696898392354,347573.6516789893,86893.41291974732,260680.23875924197,29.149081824806213,260,1656.0666666666666,965.2333333333333,0.535263531389023,147.39894275298687,270.06966062704214,0.6867579908675799,1.8000483072340083,1059
core,NORMAL,11,CAPPED_SMOOTHED_SURGE,NEAREST_DRIVER,5911,3128,410,772,1579,4.397378516624041,2.0,11.0,0.1999661647775334,0.5291828793774319,0.5291828793774319,0.5291828793774319,113.05612628651573,1.0214862345313431,1.465404101685711,353639.5630242212,88409.8907560553,265229.6722681659,28.264031571628934,260,1654.4166666666667,1002.9333333333333,0.560001457379004,150.75368287133813,264.4539407087536,0.6874123422159888,1.8906966201581623,1182
core,NORMAL,11,CAPPED_SMOOTHED_SURGE,ETA_OPTIMIZED,5911,3251,406,696,1535,4.346662565364503,3.0,10.0,0.18643207579089832,0.5499915411943833,0.5499915411943833,0.5499915411943833,112.50681324479403,1.0186436054120083,1.2620302447034029,365759.6498588254,91439.91246470634,274319.73739411903,28.126703311198508,260,1657.3666666666666,989.4666666666667,0.5443734427808955,152.40489783066533,277.2399987139055,0.6867970237065236,1.9615454234629233,1102
core,NORMAL,11,CAPPED_SMOOTHED_SURGE,DRIVER_EARNINGS_AWARE,5911,3116,417,746,1609,4.374839537869063,2.0,11.0,0.19675181864320757,0.5271527660294366,0.5271527660294366,0.5271527660294366,113.30240202622177,1.024325113337022,1.4450804827071977,353050.28471370705,88262.57117842676,264787.7135352803,28.325600506555443,260,1654.4166666666667,998.3166666666667,0.5649489148521315,152.72706945177202,265.23419109028225,0.6922665716322167,1.8834433083161235,1163
core,NORMAL,11,CAPPED_SMOOTHED_SURGE,MARKETPLACE_AWARE,5911,3107,441,730,1607,4.406823302220792,2.0,11.0,0.1981052275418711,0.5256301810184402,0.5256301810184402,0.5256301810184402,113.56264765839616,1.027012332186035,1.4483951421301113,352839.14627463685,88209.78656865921,264629.3597059776,28.39066191459904,260,1655.2666666666667,994.7666666666667,0.5528488939194998,149.01251175406958,266.02153909390245,0.6848076582166283,1.8770389463933304,1171
core,NORMAL,11,CAPPED_SMOOTHED_SURGE,ADVANCED_HEURISTIC,5911,3004,413,843,1630,4.503661784287616,2.0,11.0,0.21248519709017086,0.5082050414481475,0.5082050414481475,0.5082050414481475,111.6013754721469,1.0086959389716692,1.517353007477492,335250.5319183293,83812.63297958233,251437.89893874698,27.900343868036725,260,1658.3166666666666,977.9,0.5402587941338252,141.76279611967632,257.12025660982414,0.6902212705210564,1.8114754922160023,1256
core,NORMAL,12,NO_SURGE,NEAREST_DRIVER,6054,2950,706,824,1549,5.014915254237288,3.0,12.0,0.2527254707631318,0.4872811364387182,0.4872811364387182,0.4872811364387182,110.67103016923099,1.0,1.5338988262719333,326479.5389992314,81619.88474980785,244859.65424942356,27.667757542307747,260,1551.7666666666667,968.5833333333334,0.5511654631839883,142.91051610188933,252.80184556423325,0.6960425064126053,1.901059008012373,1530
core,NORMAL,12,NO_SURGE,ETA_OPTIMIZED,6054,2992,581,847,1612,4.929812834224599,3.0,11.0,0.2358771060455897,0.49421869838123555,0.49421869838123555,0.49421869838123555,111.1557508723349,1.0,1.4140831129746008,332578.00661002606,83144.50165250651,249433.50495751953,27.788937718083726,260,1555.85,960.1333333333333,0.5446058720878648,145.1440527801496,259.7904856521867,0.6947993521684362,1.9230645627791882,1428
core,NORMAL,12,NO_SURGE,DRIVER_EARNINGS_AWARE,6054,2939,688,831,1572,5.053759782238857,3.0,12.0,0.2509084902543773,0.48546415592996367,0.48546415592996367,0.48546415592996367,110.90464490497118,1.0,1.5601656376954383,325948.7513757103,81487.18784392758,244461.5635317827,27.726161226242795,260,1546.0166666666667,975.0333333333333,0.5687744765669062,146.54261467576092,250.72123708432127,0.6994837758112095,1.9010144349457208,1519
core,NORMAL,12,NO_SURGE,MARKETPLACE_AWARE,6054,2959,742,787,1542,5.15444406894221,3.0,13.0,0.2525602907168814,0.4887677568549719,0.4887677568549719,0.4887677568549719,110.91356699109338,1.0,1.5380383103521,328193.2447266453,82048.31118166132,246144.93354498397,27.728391747773344,260,1549.95,971.55,0.55335837703171,143.74967002417918,253.35282131129017,0.6829135712991484,1.9090938417368302,1529
core,NORMAL,12,NO_SURGE,ADVANCED_HEURISTIC,6054,2834,585,928,1681,5.010232886379676,2.0,12.0,0.24991740997687478,0.4681202510736703,0.4681202510736703,0.4681202510736703,111.01472979542348,1.0,1.57748498586942,314615.7442402301,78653.93606005753,235961.80818017258,27.75368244885587,260,1553.5666666666666,950.4166666666666,0.5397919485224927,137.70452282702288,248.27195950566164,0.6884769174845511,1.824189499431416,1513
core,NORMAL,12,BASIC_SURGE,NEAREST_DRIVER,6054,2944,589,810,1689,4.932404891304348,3.0,12.0,0.23108688470432773,0.48629005616121573,0.48629005616121573,0.48629005616121573,112.9000083400986,1.0210863941245478,1.548890149767913,332377.62455325027,83094.40613831257,249283.2184149377,28.22500208502465,260,1548.9333333333334,967.15,0.5528902084453216,145.89989607331327,257.7503163055759,0.6909423604757549,1.9006628217267796,1399
core,NORMAL,12,BASIC_SURGE,ETA_OPTIMIZED,6054,3048,534,836,1612,4.7362204724409445,3.0,11.0,0.22629666336306575,0.5034687809712587,0.5034687809712587,0.5034687809712587,112.68359983784876,1.016804483638809,1.3461041710035295,343459.612305763,85864.90307644075,257594.70922932227,28.17089995946219,260,1556.25,960.6333333333333,0.5424640954191751,148.76449131717246,268.1509169950264,0.6899717514124294,1.9585542168674699,1370
core,NORMAL,12,BASIC_SURGE,DRIVER_EARNINGS_AWARE,6054,2933,601,828,1670,4.873849301056938,3.0,11.0,0.2360422860918401,0.48447307565246117,0.48447307565246117,0.48447307565246117,112.9160792572465,1.0198670199034636,1.5398081346301833,331182.86046150397,82795.71511537599,248387.14534612797,28.229019814311624,260,1545.8833333333334,965.9,0.5652376653735172,149.13910728101092,257.15617076936326,0.6943271525610428,1.8972971224650415,1429
core,NORMAL,12,BASIC_SURGE,MARKETPLACE_AWARE,6054,2955,615,831,1631,4.9319796954314725,3.0,12.0,0.23885034687809711,0.48810703666997024,0.48810703666997024,0.48810703666997024,113.83732386158594,1.0273063584360036,1.5357028744811503,336389.2920109865,84097.32300274662,252291.96900823986,28.459330965396486,260,1551.2333333333333,972.9833333333333,0.5565452117430608,147.7348596165912,259.29731822220987,0.6850152905198776,1.9049358574897393,1446
core,NORMAL,12,BASIC_SURGE,ADVANCED_HEURISTIC,6054,2832,535,924,1741,4.9809322033898304,2.0,12.0,0.2409976874793525,0.46778989098116946,0.46778989098116946,0.46778989098116946,111.93650485058322,1.0072580550183745,1.6018955413377407,317004.1817368517,79251.04543421292,237753.13630263877,27.984126212645805,260,1552.0166666666667,955.5333333333333,0.5449632743520606,139.47205512396496,248.8172081587652,0.6841724013038754,1.8247226726517112,1459
core,NORMAL,12,AGGRESSIVE_SURGE,NEAREST_DRIVER,6054,2953,380,718,1980,4.330172705722994,2.0,11.0,0.18136769078295342,0.4877766765774694,0.4877766765774694,0.4877766765774694,120.44925600077877,1.0870517837948166,1.4368415101373362,355686.6529702997,88921.66324257493,266764.9897277248,30.112314000194694,260,1550.05,945.8833333333333,0.54156977826255,155.93168808513954,282.02737095243396,0.6880939072107323,1.9050998354891777,1098
core,NORMAL,12,AGGRESSIVE_SURGE,ETA_OPTIMIZED,6054,3035,354,703,1940,4.310708401976936,2.0,10.0,0.17459530888668648,0.5013214403700033,0.5013214403700033,0.5013214403700033,117.92738094607986,1.066656594749989,1.3014733592672816,357909.6011713524,89477.4002928381,268432.20087851427,29.481845236519966,260,1550.7,934.4166666666666,0.5374934522952133,156.75267429570926,287.2724882317106,0.6962400444526764,1.9571806281034372,1057
core,NORMAL,12,AGGRESSIVE_SURGE,DRIVER_EARNINGS_AWARE,6054,2964,385,719,1962,4.291835357624831,2.0,10.0,0.1823587710604559,0.489593657086224,0.489593657086224,0.489593657086224,120.17205688457283,1.0869800935183784,1.4174285566606053,356189.97660587385,89047.49415146846,267142.4824544054,30.043014221143206,260,1545.7666666666667,944.4666666666667,0.5527809042683751,159.4717889932699,282.850090831939,0.6883936861652739,1.9174950941280486,1104
core,NORMAL,12,AGGRESSIVE_SURGE,MARKETPLACE_AWARE,6054,2937,394,745,1956,4.1722846441947565,2.0,10.0,0.18814007267922034,0.48513379583746286,0.48513379583746286,0.48513379583746286,119.2292209817161,1.0767054621569248,1.385307248880208,350176.2220233002,87544.05550582505,262632.16651747515,29.807305245429024,260,1547.7166666666667,936.9833333333333,0.535166554034973,152.0867286949359,280.29545155638675,0.6900857249347745,1.897634149230587,1139
core,NORMAL,12,AGGRESSIVE_SURGE,ADVANCED_HEURISTIC,6054,2832,363,857,1979,4.573799435028248,2.0,11.0,0.2015196564255038,0.46778989098116946,0.46778989098116946,0.46778989098116946,117.72403653433842,1.0616605145689475,1.5355934422569502,333394.4714652464,83348.6178663116,250045.8535989348,29.431009133584606,260,1551.2666666666667,932.8833333333333,0.5366425107801017,146.86561920365955,268.0355031164327,0.6884272997032641,1.825604882031888,1220
core,NORMAL,12,CAPPED_SMOOTHED_SURGE,NEAREST_DRIVER,6054,2979,601,764,1688,4.86874790198053,3.0,12.0,0.2254707631318137,0.4920713577799802,0.4920713577799802,0.4920713577799802,115.94509629303013,1.0460138671317691,1.5092703246100385,345400.4418569368,86350.1104642342,259050.3313927026,28.986274073257533,260,1549.6666666666667,972.1833333333333,0.5562877444769315,151.3482170915302,266.4624279296113,0.6881740084079693,1.922348892234889,1365
core,NORMAL,12,CAPPED_SMOOTHED_SURGE,ETA_OPTIMIZED,6054,3071,531,797,1633,4.70172582220775,3.0,11.0,0.2193591014205484,0.5072679220350181,0.5072679220350181,0.5072679220350181,113.83547954664606,1.0287572431040477,1.367810953839393,349588.75768775004,87397.18942193751,262191.56826581253,28.458869886661514,260,1554.2833333333333,966.1166666666667,0.54966140511158,151.93387643570958,271.3870667094856,0.6984554597701149,1.975830232583077,1328
core,NORMAL,12,CAPPED_SMOOTHED_SURGE,DRIVER_EARNINGS_AWARE,6054,2937,591,815,1686,4.782090568607423,3.0,11.0,0.2322431450280806,0.48513379583746286,0.48513379583746286,0.48513379583746286,115.33719597245022,1.0425694378697257,1.5005852253064966,338745.3445710863,84686.33614277157,254059.0084283147,28.834298993112554,260,1547.5,961.85,0.5624261869536997,151.62254616831572,264.1357887698859,0.6861035422343325,1.8978998384491115,1406
core,NORMAL,12,CAPPED_SMOOTHED_SURGE,MARKETPLACE_AWARE,6054,2978,604,791,1661,4.7588985896574885,3.0,11.0,0.23042616451932607,0.49190617773372974,0.49190617773372974,0.49190617773372974,116.27357072450187,1.044134057240526,1.480791327821831,346262.69361756655,86565.67340439164,259697.02021317492,29.068392681125466,260,1550.65,971.35,0.5539018005319586,151.01110815912372,267.3567923129406,0.6855436945901936,1.9204849579208718,1395
core,NORMAL,12,CAPPED_SMOOTHED_SURGE,ADVANCED_HEURISTIC,6054,2834,521,921,1757,5.045518701482004,2.0,12.0,0.23818962669309549,0.4681202510736703,0.4681202510736703,0.4681202510736703,113.34063679461839,1.021345434294744,1.6169923702053017,321207.3646759485,80301.84116898713,240905.52350696138,28.335159198654598,260,1552.0833333333333,947.4,0.5400394668722424,140.94370869771683,254.28068767886998,0.687921297139734,1.8259328859060404,1442
core,NORMAL,13,NO_SURGE,NEAREST_DRIVER,5884,3160,600,750,1354,4.442721518987342,2.0,11.0,0.22943575798776342,0.5370496261046906,0.5370496261046906,0.5370496261046906,110.65286349215452,1.0,1.5035385347713641,349663.0486352083,87415.76215880207,262247.2864764062,27.66321587303863,260,1559.3333333333333,1013.3833333333333,0.5802585174971205,153.9432151929724,258.78389534372275,0.6813453536754508,2.026507054296708,1350
core,NORMAL,13,NO_SURGE,ETA_OPTIMIZED,5884,3231,581,704,1344,4.297431135871247,3.0,10.0,0.21838885112168593,0.5491162474507137,0.5491162474507137,0.5491162474507137,111.04357997463086,1.0,1.294410207399655,358781.8068980323,89695.45172450808,269086.35517352424,27.760894993657715,260,1564.7666666666667,993.9,0.568318189896264,156.78898749708696,270.737856095708,0.6878040305767894,2.0648445987687194,1285
core,NORMAL,13,NO_SURGE,DRIVER_EARNINGS_AWARE,5884,3123,593,779,1364,4.300352225424271,2.0,11.0,0.23317471108089735,0.5307613868116927,0.5307613868116927,0.5307613868116927,110.83685353159987,1.0,1.4577150454274248,346143.4935791864,86535.8733947966,259607.6201843898,27.709213382899968,260,1559.8833333333334,999.4666666666667,0.5819727351214221,155.35557726889564,259.7461514651712,0.6897944844545933,2.0020728045900866,1372
core,NORMAL,13,NO_SURGE,MARKETPLACE_AWARE,5884,3105,601,768,1389,4.345893719806763,2.0,11.0,0.23266485384092453,0.5277022433718559,0.5277022433718559,0.5277022433718559,110.89264005142456,1.0,1.478838319156358,344321.6473596733,86080.41183991832,258241.23551975496,27.72316001285614,260,1556.25,999.8166666666667,0.5769497959682844,152.7908120414589,258.28858842763333,0.6895147006730429,1.9951807228915663,1369
core,NORMAL,13,NO_SURGE,ADVANCED_HEURISTIC,5884,2947,585,846,1484,4.434679334916865,2.0,11.0,0.24320190346702925,0.5008497620666214,0.5008497620666214,0.5008497620666214,110.80308147509845,1.0,1.5361164997394887,326536.6811071151,81634.17027677878,244902.51083033634,27.700770368774613,260,1559.5666666666666,963.35,0.5547213278730991,144.62302404260703,254.2196614214318,0.6947176684881603,1.889627460619403,1431
core,NORMAL,13,BASIC_SURGE,NEAREST_DRIVER,5884,3147,544,740,1432,4.236415633937083,2.0,10.0,0.21821889870836167,0.5348402447314752,0.5348402447314752,0.5348402447314752,111.25605237623509,1.005577480513514,1.4400567199723948,350122.7968280118,87530.69920700295,262592.09762100887,27.814013094058772,260,1560.3833333333334,1000.4,0.5741967739241652,154.222525161698,262.4871027798969,0.6822070892264711,2.016812108135821,1284
core,NORMAL,13,BASIC_SURGE,ETA_OPTIMIZED,5884,3229,515,710,1406,4.358005574481264,3.0,10.0,0.20819170632222977,0.5487763426240653,0.5487763426240653,0.5487763426240653,111.70483505902345,1.0065251620182591,1.3027999889205932,360694.91240558674,90173.72810139669,270521.18430419004,27.926208764755863,260,1563.1666666666667,993.9166666666666,0.5685947706382424,158.19210343158096,272.1769272784674,0.6795883361921098,2.0656786437786545,1225
core,NORMAL,13,BASIC_SURGE,DRIVER_EARNINGS_AWARE,5884,3121,530,760,1450,4.330663248958667,2.0,11.0,0.21923861318830729,0.5304214819850442,0.5304214819850442,0.5304214819850442,111.43919980391304,1.006689198682204,1.4861553166451391,347801.7425880126,86950.43564700315,260851.30694100945,27.85979995097826,260,1557.2,997.5833333333334,0.5824016827659659,156.66270585089387,261.48322473411685,0.6961483594864479,2.004238376573337,1290
core,NORMAL,13,BASIC_SURGE,MARKETPLACE_AWARE,5884,3138,545,740,1440,4.301465901848311,2.0,11.0,0.21838885112168593,0.5333106730115568,0.5333106730115568,0.5333106730115568,111.78722342926974,1.0055606298995896,1.469859856056258,350788.30712104845,87697.07678026211,263091.23034078634,27.946805857317436,260,1559.4333333333334,1007.9,0.5799442359681675,154.81607445822073,261.029100447253,0.6953264359614698,2.0122694141034136,1285
core,NORMAL,13,BASIC_SURGE,ADVANCED_HEURISTIC,5884,2896,521,884,1562,4.723756906077348,2.0,11.0,0.23878314072059822,0.4921821889870836,0.4921821889870836,0.4921821889870836,111.57612369757713,1.0021080205450148,1.6323209008032138,323124.4542281834,80781.11355704584,242343.34067113753,27.894030924394283,260,1559.5833333333333,970.0,0.5544695777633623,142.33984506162355,249.83849553725517,0.6829618979151689,1.8569062249532462,1405
core,NORMAL,13,AGGRESSIVE_SURGE,NEAREST_DRIVER,5884,3127,387,663,1684,3.933162775823473,2.0,10.0,0.17845003399048268,0.5314411964649898,0.5314411964649898,0.5314411964649898,118.07602212088425,1.0655128370838676,1.364447058130435,369223.72117200505,92305.93029300126,276917.7908790038,29.51900553022106,260,1557.85,977.1166666666667,0.5618801642098251,162.1132417435219,283.4029961065759,0.7049574546799852,2.007253586673942,1050
core,NORMAL,13,AGGRESSIVE_SURGE,ETA_OPTIMIZED,5884,3201,364,605,1689,4.031552639800062,2.0,9.0,0.16468388851121685,0.5440176750509857,0.5440176750509857,0.5440176750509857,118.36179294719491,1.0655392900999272,1.229389580992638,378876.0992239709,94719.02480599273,284157.0744179782,29.59044823679873,260,1563.3833333333334,969.4666666666667,0.5543548725304447,164.60183904798927,293.10659581004484,0.7030102790014684,2.0474824898990436,969
core,NORMAL,13,AGGRESSIVE_SURGE,DRIVER_EARNINGS_AWARE,5884,3110,376,664,1710,3.9614147909967845,2.0,10.0,0.17675050985723997,0.5285520054384772,0.5285520054384772,0.5285520054384772,117.96424345532867,1.0667420677329869,1.3842641769180348,366868.79714607215,91717.19928651804,275151.5978595541,29.491060863832168,260,1559.5166666666667,972.9166666666666,0.572774372631038,166.40754407564555,282.81106418112626,0.6944596818431158,1.9942076070577424,1040
core,NORMAL,13,AGGRESSIVE_SURGE,MARKETPLACE_AWARE,5884,3139,385,637,1700,3.9069767441860463,2.0,10.0,0.17369136641740313,0.5334806254248811,0.5334806254248811,0.5334806254248811,118.58694656099092,1.0675350534194388,1.3599743214757316,372244.42525495053,93061.10631373763,279183.3189412129,29.64673664024773,260,1560.0,982.2833333333333,0.5662331882645807,163.4654571131225,284.21872739489237,0.6972645492931889,2.012179487179487,1022
core,NORMAL,13,AGGRESSIVE_SURGE,ADVANCED_HEURISTIC,5884,2938,370,778,1777,4.398910823689585,2.0,11.0,0.19510537049626106,0.49932019034670294,0.49932019034670294,0.49932019034670294,116.69009722882653,1.0510017883176215,1.522478039005986,342835.5056582923,85708.87641457308,257126.62924371925,29.172524307206633,260,1559.6166666666666,957.3833333333333,0.5525749801150418,152.10014866459022,268.57228478009773,0.6887905604719764,1.8837962319800807,1148
core,NORMAL,13,CAPPED_SMOOTHED_SURGE,NEAREST_DRIVER,5884,3138,515,727,1480,4.359783301465902,2.0,11.0,0.21108089734874236,0.5333106730115568,0.5333106730115568,0.5333106730115568,112.65666372755385,1.0161827135513206,1.480174397111047,353516.610777064,88379.152694266,265137.458082798,28.164165931888462,260,1559.3833333333334,1004.2333333333333,0.5760993205922069,155.1420149303779,264.01977437129284,0.680132913606156,2.012333935423191,1242
core,NORMAL,13,CAPPED_SMOOTHED_SURGE,ETA_OPTIMIZED,5884,3260,483,695,1424,4.336503067484663,3.0,10.0,0.2002039428959891,0.5540448674371176,0.5540448674371176,0.5540448674371176,112.8110304460759,1.015958968653901,1.3155435510688533,367763.95925420744,91940.98981355186,275822.96944065555,28.202757611518976,260,1563.5666666666666,999.8166666666667,0.5686303876713154,159.49670923773235,275.87354625746946,0.6878352656168887,2.0849766559362144,1178
core,NORMAL,13,CAPPED_SMOOTHED_SURGE,DRIVER_EARNINGS_AWARE,5884,3098,516,750,1496,4.3692704970949,2.0,11.0,0.21515975526852482,0.526512576478586,0.526512576478586,0.526512576478586,112.91770781473369,1.0161064823309278,1.4851289427437,349819.05881004495,87454.76470251124,262364.2941075337,28.229426953683422,260,1557.1333333333334,1001.9333333333333,0.5860188509059733,157.25110816921975,261.8580352394042,0.6934790397706915,1.9895534529263175,1266
core,NORMAL,13,CAPPED_SMOOTHED_SURGE,MARKETPLACE_AWARE,5884,3120,524,744,1473,4.183974358974359,2.0,10.0,0.21549966009517335,0.53025152957172,0.53025152957172,0.53025152957172,112.94923762510555,1.0182590648168095,1.4104504951752204,352401.6213903293,88100.40534758233,264301.216042747,28.23730940627639,260,1559.5,997.0333333333333,0.5735881058356788,155.53285031967147,265.0876427161382,0.6881530015937666,2.0006412311638346,1268
core,NORMAL,13,CAPPED_SMOOTHED_SURGE,ADVANCED_HEURISTIC,5884,2947,486,860,1568,4.547675602307431,2.0,11.0,0.22875594833446636,0.5008497620666214,0.5008497620666214,0.5008497620666214,111.43933559392043,1.004818609582996,1.5832747111066987,328411.7219952835,82102.93049882088,246308.79149646263,27.859833898480108,260,1559.7833333333333,969.75,0.5574822868544966,145.72060787901478,253.9920510404358,0.6913357400722022,1.889364975904773,1346
core,NORMAL,14,NO_SURGE,NEAREST_DRIVER,5844,3361,487,668,1306,3.9860160666468314,2.0,10.0,0.19763860369609856,0.5751197809719371,0.5751197809719371,0.5751197809719371,110.47078899054175,1.0,1.3533383621144806,371292.32179721084,92823.08044930271,278469.24134790816,27.617697247635437,260,1673.5333333333333,1040.7,0.576455346041468,155.65836627071462,267.578784806292,0.691532946398088,2.00832569812373,1155
core,NORMAL,14,NO_SURGE,ETA_OPTIMIZED,5844,3485,483,571,1286,4.036154949784792,2.0,9.0,0.18035592060232716,0.5963381245722108,0.5963381245722108,0.5963381245722108,110.48589138452553,1.0,1.2164234682298167,385043.3314750715,96260.83286876787,288782.4986063036,27.621472846131383,260,1682.3166666666666,1036.3333333333333,0.5746524853011828,161.6959968775056,278.65792724956924,0.697296372347707,2.071548162751761,1054
core,NORMAL,14,NO_SURGE,DRIVER_EARNINGS_AWARE,5844,3375,488,684,1277,3.853037037037037,2.0,9.0,0.2005475701574264,0.5775154004106776,0.5775154004106776,0.5775154004106776,110.53314418217012,1.0,1.317683230616176,373049.36161482416,93262.34040370604,279787.0212111181,27.63328604554253,260,1674.2833333333333,1041.0,0.586425436106456,159.86643412627677,268.7675515956946,0.692764945652174,2.0157878495276584,1172
core,NORMAL,14,NO_SURGE,MARKETPLACE_AWARE,5844,3369,498,654,1302,3.906500445235975,2.0,10.0,0.1971252566735113,0.5764887063655031,0.5764887063655031,0.5764887063655031,110.73454003299983,1.0,1.327133845480568,373064.66537117644,93266.16634279411,279798.49902838236,27.683635008249958,260,1675.2333333333333,1044.3,0.5762047492390194,155.95852908612244,267.9292339637865,0.6874043855175931,2.011063135483614,1152
core,NORMAL,14,NO_SURGE,ADVANCED_HEURISTIC,5844,3190,484,746,1403,4.230407523510972,2.0,10.0,0.2104722792607803,0.5458590006844627,0.5458590006844627,0.5458590006844627,110.7711269866847,1.0,1.4684062454309463,353359.8950875242,88339.97377188105,265019.9213156431,27.692781746671177,260,1675.8833333333334,1018.4833333333333,0.5668213000138252,149.2103236552715,260.2103663771063,0.7002300477791541,1.9034737899416228,1230
core,NORMAL,14,BASIC_SURGE,NEAREST_DRIVER,5844,3376,450,646,1350,3.9606042654028437,2.0,10.0,0.18754277891854895,0.5776865160848734,0.5776865160848734,0.5776865160848734,111.1294762177473,1.0061211114255983,1.3599625658580132,375173.1117111149,93793.27792777872,281379.83378333616,27.782369054436824,260,1674.1666666666667,1041.8,0.5792325673618854,157.82936420992095,270.0900689031831,0.6922286888052037,2.0165256346441014,1096
core,NORMAL,14,BASIC_SURGE,ETA_OPTIMIZED,5844,3428,425,626,1343,3.9760793465577597,2.0,9.0,0.1798425735797399,0.5865845311430528,0.5865845311430528,0.5865845311430528,111.1632969187647,1.005826630084036,1.2020688499825418,381067.78183752537,95266.94545938134,285800.83637814404,27.790824229691175,260,1679.0833333333333,1029.45,0.5702155102973809,159.67468090027472,277.62478641813004,0.6998626373626373,2.041590153357487,1051
core,NORMAL,14,BASIC_SURGE,DRIVER_EARNINGS_AWARE,5844,3386,448,647,1340,3.8845245126993504,2.0,9.0,0.18737166324435317,0.579397672826831,0.579397672826831,0.579397672826831,111.2472227363736,1.007442319867023,1.3314437601907076,376683.09618536104,94170.77404634026,282512.3221390208,27.8118056840934,260,1672.3833333333334,1042.4,0.5890244648935189,161.6168808567799,271.0210304480245,0.6984673669708972,2.0246554318686902,1095
core,NORMAL,14,BASIC_SURGE,MARKETPLACE_AWARE,5844,3406,442,643,1333,3.916911332941867,2.0,10.0,0.18566050650239563,0.582819986310746,0.582819986310746,0.582819986310746,111.3661392170184,1.0080099863854046,1.3205373244631844,379313.07017316465,94828.26754329116,284484.8026298735,27.8415348042546,260,1673.3,1048.05,0.5802811092376533,159.1400743743213,271.4420138637216,0.6807228915662651,2.035498715113847,1085
core,NORMAL,14,BASIC_SURGE,ADVANCED_HEURISTIC,5844,3187,427,751,1458,4.19736429243803,2.0,10.0,0.20157426420260097,0.5453456536618754,0.5453456536618754,0.5453456536618754,110.84567252175815,1.0012220531497513,1.4528731184857626,353265.15832684323,88316.28958171081,264948.8687451324,27.711418130439537,260,1673.7333333333333,1012.9666666666667,0.5628902131625759,149.13971297002428,261.557341878771,0.6924960643694246,1.9041265036246315,1178
core,NORMAL,14,AGGRESSIVE_SURGE,NEAREST_DRIVER,5844,3351,324,552,1595,3.683378096090719,2.0,9.0,0.14989733059548255,0.5734086242299795,0.5734086242299795,0.5734086242299795,117.2010682580994,1.0601953481161344,1.2786903444284319,392740.77973289107,98185.19493322277,294555.5847996683,29.30026706452485,260,1670.5333333333333,1017.6833333333333,0.5665286409096321,165.1071351145502,289.4373673536316,0.6976537504443654,2.005946204804853,876
core,NORMAL,14,AGGRESSIVE_SURGE,ETA_OPTIMIZED,5844,3401,308,525,1589,3.7809467803587182,2.0,8.0,0.14253935660506503,0.5819644079397673,0.5819644079397673,0.5819644079397673,117.4323842540065,1.0653199672504727,1.1573857383475823,399387.5388478761,99846.88471196902,299540.65413590707,29.358096063501623,260,1673.2833333333333,997.5666666666667,0.554872601695494,167.23440269542505,300.27131433412006,0.7001951392584708,2.0325308525155132,833
core,NORMAL,14,AGGRESSIVE_SURGE,DRIVER_EARNINGS_AWARE,5844,3379,315,554,1577,3.6602545131695767,2.0,9.0,0.14869952087611224,0.5781998631074606,0.5781998631074606,0.5781998631074606,117.31421594635427,1.0595021967133296,1.2634424078849795,396404.7356827311,99101.18392068277,297303.55176204833,29.328553986588567,260,1673.55,1027.3833333333334,0.5773453363331994,168.80881636571127,289.3793797466525,0.6976169461606355,2.0190612769262946,869
core,NORMAL,14,AGGRESSIVE_SURGE,MARKETPLACE_AWARE,5844,3378,325,531,1589,3.541740674955595,2.0,9.0,0.1464750171115674,0.5780287474332649,0.5780287474332649,0.5780287474332649,117.03739040043179,1.0603868524801188,1.217034987334933,395352.30477265856,98838.07619316464,296514.22857949394,29.259347600107947,260,1675.1333333333334,1005.1166666666667,0.5608342960576223,166.45290389686568,295.00478741720923,0.694223635400106,2.0165558960480756,856
core,NORMAL,14,AGGRESSIVE_SURGE,ADVANCED_HEURISTIC,5844,3204,303,671,1645,3.942259675405743,2.0,10.0,0.16666666666666666,0.5482546201232033,0.5482546201232033,0.5482546201232033,117.55288339714532,1.0605109254998104,1.3686791910312168,376639.4384044536,94159.8596011134,282479.5788033402,29.38822084928633,260,1672.3333333333333,999.4833333333333,0.555393492906828,158.67663851111845,282.6256020310563,0.6891365888181175,1.9158859876420171,974
core,NORMAL,14,CAPPED_SMOOTHED_SURGE,NEAREST_DRIVER,5844,3344,453,656,1369,4.038875598086125,2.0,10.0,0.18976728268309376,0.5722108145106092,0.5722108145106092,0.5722108145106092,111.87731051276496,1.0146732430886622,1.3716801543134736,374117.726354686,93529.4315886715,280588.2947660145,27.96932762819124,260,1675.7,1035.8333333333333,0.5754990674686375,157.3810576290508,270.88170049816364,0.6859433640395769,1.9955839350719102,1109
core,NORMAL,14,CAPPED_SMOOTHED_SURGE,ETA_OPTIMIZED,5844,3437,419,605,1362,4.002036659877801,2.0,9.0,0.17522245037645448,0.5881245722108145,0.5881245722108145,0.5881245722108145,112.34130478075654,1.015199292203581,1.2044648819056383,386117.06453146023,96529.26613286506,289587.7983985952,28.085326195189136,260,1680.1833333333334,1030.1,0.5696202475278533,161.2289143374566,281.12590855120396,0.6941739279002221,2.0456101020721946,1024
core,NORMAL,14,CAPPED_SMOOTHED_SURGE,DRIVER_EARNINGS_AWARE,5844,3388,448,631,1355,3.9179456906729633,2.0,10.0,0.18463381245722107,0.5797399041752225,0.5797399041752225,0.5797399041752225,112.0064066976992,1.0124526026554561,1.3299687438626233,379477.7058918049,94869.42647295122,284608.2794188537,28.0016016744248,260,1673.4833333333333,1045.0,0.5884375227173447,162.44694564736415,272.3524204965107,0.6887676836543378,2.024519714368234,1079
core,NORMAL,14,CAPPED_SMOOTHED_SURGE,MARKETPLACE_AWARE,5844,3401,450,628,1344,3.8709203175536606,2.0,9.0,0.18446269678302532,0.5819644079397673,0.5819644079397673,0.5819644079397673,112.24446934931369,1.0162053626900034,1.3056470389137744,381743.44025701587,95435.86006425397,286307.5801927619,28.061117337328422,260,1675.2,1044.4,0.5777730916350517,159.9962319818044,274.135944267294,0.6832602092473844,2.0302053486150906,1078
core,NORMAL,14,CAPPED_SMOOTHED_SURGE,ADVANCED_HEURISTIC,5844,3230,426,736,1431,4.196904024767802,2.0,10.0,0.19883641341546884,0.552703627652293,0.552703627652293,0.552703627652293,111.73483471652034,1.0075007771332476,1.4387108806022777,360903.5161343607,90225.87903359017,270677.6371007705,27.933708679130085,260,1675.4166666666667,1025.5166666666667,0.5707963386148703,152.5939234145563,263.94269922553235,0.6887199861806875,1.9278786371549366,1162
core,NORMAL,15,NO_SURGE,NEAREST_DRIVER,5875,3301,565,694,1297,4.209027567403817,2.0,10.0,0.21429787234042552,0.5618723404255319,0.5618723404255319,0.5618723404255319,110.55941188493226,1.0,1.412070051072731,364956.6186321614,91239.15465804035,273717.463974121,27.639852971233065,260,1648.5,1038.1166666666666,0.5824426703248446,156.52730787498623,263.6673437225627,0.6847584912101041,2.0024264482863208,1259
core,NORMAL,15,NO_SURGE,ETA_OPTIMIZED,5875,3349,535,672,1299,4.2547028963869815,3.0,10.0,0.2054468085106383,0.5700425531914893,0.5700425531914893,0.5700425531914893,110.95974506220097,1.0,1.2583501197770608,371604.18621331104,92901.04655332776,278703.1396599833,27.73993626555024,260,1653.9666666666667,1024.3166666666666,0.5711484990112802,157.42711530667634,272.08689336954717,0.6854961832061068,2.024829198492513,1207
core,NORMAL,15,NO_SURGE,DRIVER_EARNINGS_AWARE,5875,3326,560,680,1291,4.155441972339146,2.0,10.0,0.21106382978723404,0.5661276595744681,0.5661276595744681,0.5661276595744681,110.30042252210072,1.0,1.3972811923249187,366859.20530850696,91714.80132712674,275144.4039813802,27.57510563052518,260,1647.3,1037.2666666666667,0.5905005425687975,159.96231012239156,265.25908218527564,0.6892771497088044,2.0190614945668672,1240
core,NORMAL,15,NO_SURGE,MARKETPLACE_AWARE,5875,3313,552,698,1296,4.081195291276789,2.0,10.0,0.2127659574468085,0.5639148936170213,0.5639148936170213,0.5639148936170213,110.45366689663993,1.0,1.3859090875312037,365932.99842856807,91483.24960714202,274449.74882142607,27.613416724159983,260,1647.3166666666666,1036.2166666666667,0.5800280883466619,155.8580911070682,264.8574932733753,0.6838797350093426,2.011149445057113,1250
core,NORMAL,15,NO_SURGE,ADVANCED_HEURISTIC,5875,3105,526,823,1401,4.326892109500805,2.0,11.0,0.22961702127659575,0.5285106382978724,0.5285106382978724,0.5285106382978724,110.68415334833897,1.0,1.4881923166944289,343674.2961465925,85918.57403664812,257755.72210994436,27.67103833708474,260,1651.5,1007.0333333333333,0.5620684267227682,146.808158332048,255.9555017476525,0.6886446886446886,1.880108991825613,1349
core,NORMAL,15,BASIC_SURGE,NEAREST_DRIVER,5875,3296,506,706,1349,4.081007281553398,2.0,10.0,0.20629787234042554,0.5610212765957446,0.5610212765957446,0.5610212765957446,110.87304839158959,1.004244145882749,1.3842619060041694,365437.5674986793,91359.39187466982,274078.17562400945,27.718262097897398,260,1647.6333333333334,1032.8166666666666,0.5817341959369566,157.14621137888784,265.3696289667506,0.6892471274223976,2.0004450828461025,1212
core,NORMAL,15,BASIC_SURGE,ETA_OPTIMIZED,5875,3372,499,657,1329,4.18950177935943,3.0,9.0,0.1967659574468085,0.5739574468085107,0.5739574468085107,0.5739574468085107,111.6312356518454,1.0060908252918297,1.249822484737859,376420.5266180227,94105.13165450568,282315.394963517,27.90780891296135,260,1656.15,1026.0166666666667,0.5699381897338897,159.04211048663572,275.1567339356252,0.6920971604515909,2.036047459469251,1156
core,NORMAL,15,BASIC_SURGE,DRIVER_EARNINGS_AWARE,5875,3341,518,670,1328,4.159233762346603,2.0,10.0,0.2022127659574468,0.5686808510638298,0.5686808510638298,0.5686808510638298,111.06696865472145,1.0063230706062951,1.407130436715611,371074.74227542436,92768.68556885609,278306.0567065683,27.766742163680362,260,1646.0,1043.6833333333334,0.5968764286636324,162.33188595261998,266.6575653917071,0.6909090909090909,2.0297691373025515,1188
core,NORMAL,15,BASIC_SURGE,MARKETPLACE_AWARE,5875,3334,509,678,1334,4.03119376124775,2.0,10.0,0.20204255319148937,0.5674893617021277,0.5674893617021277,0.5674893617021277,111.0733630972567,1.0035093647627717,1.362734730470576,370318.59256625385,92579.64814156346,277738.9444246904,27.768340774314176,260,1648.45,1040.5833333333333,0.5838307929420735,158.49351521830692,266.906969896395,0.6932599724896836,2.0225059904759015,1187
core,NORMAL,15,BASIC_SURGE,ADVANCED_HEURISTIC,5875,3109,485,810,1453,4.369893856545513,2.0,11.0,0.2204255319148936,0.5291914893617021,0.5291914893617021,0.5291914893617021,111.2840172092766,1.001061991697289,1.512936328399329,345982.00950364093,86495.50237591023,259486.5071277307,27.82100430231915,260,1650.8833333333334,1008.3333333333334,0.5654638440354095,148.63312212599308,257.3419905398982,0.6898002103049422,1.8832342281404904,1295
core,NORMAL,15,AGGRESSIVE_SURGE,NEAREST_DRIVER,5875,3257,355,626,1619,3.8117899907890695,2.0,9.0,0.16697872340425532,0.5543829787234043,0.5543829787234043,0.5543829787234043,118.4961330239107,1.0713649858932606,1.3015124216572584,385941.90525887714,96485.47631471929,289456.42894415784,29.624033255977675,260,1650.05,1004.3666666666667,0.5589218849372543,163.3452142622089,288.1979644991781,0.692034770267873,1.9738795794066848,981
core,NORMAL,15,AGGRESSIVE_SURGE,ETA_OPTIMIZED,5875,3299,351,573,1633,3.8690512276447406,2.0,8.0,0.15727659574468086,0.561531914893617,0.561531914893617,0.561531914893617,118.09756220822813,1.0638642193235301,1.1668782459594986,389603.8577249446,97400.96443123615,292202.89329370845,29.52439055205703,260,1655.4166666666667,991.2166666666667,0.553359648109655,165.31956630162878,294.7921510201689,0.7052746057640021,1.9928517493078277,924
core,NORMAL,15,AGGRESSIVE_SURGE,DRIVER_EARNINGS_AWARE,5875,3261,363,582,1650,3.9248696718797915,2.0,10.0,0.16085106382978723,0.555063829787234,0.555063829787234,0.555063829787234,118.82490649721224,1.0707234311105127,1.3486789968487838,387488.0200874091,96872.00502185228,290616.01506555686,29.70622662430306,260,1646.7666666666667,1008.0333333333333,0.5750755415889212,168.3539615210271,288.3000050251878,0.6927354260089686,1.9802441147298748,945
core,NORMAL,15,AGGRESSIVE_SURGE,MARKETPLACE_AWARE,5875,3283,362,610,1605,3.7752056046299116,2.0,9.0,0.1654468085106383,0.5588085106382978,0.5588085106382978,0.5588085106382978,118.17988407690292,1.0661291250010418,1.3047704798835749,387984.5594244723,96996.13985611807,290988.4195683542,29.54497101922573,260,1647.1,1010.1333333333333,0.5672115382645909,165.43402615465286,288.0693171545217,0.6932765655490509,1.9932001699957502,972
core,NORMAL,15,AGGRESSIVE_SURGE,ADVANCED_HEURISTIC,5875,3094,338,750,1676,4.186813186813187,2.0,10.0,0.18519148936170213,0.5266382978723404,0.5266382978723404,0.5266382978723404,116.72809239820349,1.055204052803308,1.4538345962366555,361156.7178800416,90289.1794700104,270867.5384100312,29.18202309955087,260,1648.35,989.7,0.5519122614352808,153.93605000753098,273.6865094574428,0.6829440905874027,1.8770285436952105,1088
core,NORMAL,15,CAPPED_SMOOTHED_SURGE,NEAREST_DRIVER,5875,3267,494,707,1390,4.110498928680747,2.0,10.0,0.20442553191489363,0.5560851063829787,0.5560851063829787,0.5560851063829787,112.195850353461,1.015000781424054,1.4079842777933824,366543.8431047571,91635.96077618927,274907.8823285678,28.04896258836525,260,1649.4666666666667,1028.45,0.5774575418930383,156.5926654733691,267.303108880906,0.6950539881574365,1.980640206935575,1201
core,NORMAL,15,CAPPED_SMOOTHED_SURGE,ETA_OPTIMIZED,5875,3369,476,648,1366,4.144256455921639,3.0,9.0,0.19131914893617022,0.5734468085106383,0.5734468085106383,0.5734468085106383,113.08598141355331,1.0172626771297935,1.2390408919343736,380986.6713822611,95246.66784556527,285740.00353669585,28.271495353388328,260,1654.6333333333334,1023.35,0.5690769244819568,160.8206909117778,279.22021159593083,0.689873417721519,2.0361006466689497,1124
core,NORMAL,15,CAPPED_SMOOTHED_SURGE,DRIVER_EARNINGS_AWARE,5875,3315,497,681,1363,4.074509803921568,2.0,10.0,0.20051063829787233,0.5642553191489361,0.5642553191489361,0.5642553191489361,111.78673696540679,1.0153165032171698,1.379113656816616,370573.0330403235,92643.25826008088,277929.77478024265,27.946684241351697,260,1644.4,1033.65,0.5893282637860807,161.64187679628327,268.8818988828353,0.6828853351480095,2.015932863050353,1178
core,NORMAL,15,CAPPED_SMOOTHED_SURGE,MARKETPLACE_AWARE,5875,3297,497,670,1391,4.038519866545344,2.0,10.0,0.1986382978723404,0.5611914893617022,0.5611914893617022,0.5611914893617022,112.6300901781054,1.0157621674969541,1.370005977130425,371341.40731721354,92835.35182930338,278506.05548791017,28.15752254452635,260,1647.1333333333334,1036.5,0.5831838805423765,158.78130556603148,268.69855811665235,0.6893153526970954,2.0016594487392236,1167
core,NORMAL,15,CAPPED_SMOOTHED_SURGE,ADVANCED_HEURISTIC,5875,3127,487,788,1454,4.327470418931884,2.0,11.0,0.2170212765957447,0.5322553191489362,0.5322553191489362,0.5322553191489362,112.04169323841089,1.0089295313089341,1.4769416487506404,350354.37475651084,87588.59368912771,262765.7810673831,28.01042330960272,260,1649.15,1004.85,0.5641673039094035,150.58482276308172,261.49751810457593,0.6913341536298119,1.8961283085225722,1275
core,NORMAL,16,NO_SURGE,NEAREST_DRIVER,5915,3324,593,636,1332,3.861612515042118,2.0,9.0,0.20777683854606932,0.5619611158072697,0.5619611158072697,0.5619611158072697,110.74701850167544,1.0,1.3121177202844752,368123.08949956915,92030.77237489229,276092.3171246769,27.68675462541886,260,1728.9333333333334,1025.4,0.5536429003209526,150.76428503758532,269.25328371823366,0.6836332476435304,1.922572684506825,1229
core,NORMAL,16,NO_SURGE,ETA_OPTIMIZED,5915,3391,590,590,1315,3.996756119138897,2.0,9.0,0.19949281487743026,0.5732882502113271,0.5732882502113271,0.5732882502113271,110.83138951283975,1.0,1.2015425777309214,375829.2418380396,93957.3104595099,281871.9313785297,27.707847378209937,260,1732.9666666666667,1014.4666666666667,0.5482451167875808,153.75458376637314,277.85233427600343,0.6949211301785405,1.9567600838638943,1180
core,NORMAL,16,NO_SURGE,DRIVER_EARNINGS_AWARE,5915,3355,597,630,1304,3.887034277198212,2.0,9.0,0.20743871513102283,0.5672020287404903,0.5672020287404903,0.5672020287404903,110.94058793577582,1.0,1.313249933975457,372205.6725245279,93051.41813113197,279154.2543933959,27.735146983943956,260,1731.4833333333333,1039.15,0.574348625937897,155.91782438560662,268.63711147899323,0.6819031435853866,1.9376449864759502,1227
core,NORMAL,16,NO_SURGE,MARKETPLACE_AWARE,5915,3317,589,661,1317,3.827856496834489,2.0,9.0,0.21132713440405748,0.5607776838546069,0.5607776838546069,0.5607776838546069,110.74017358699612,1.0,1.3020767106137365,367325.15578806616,91831.28894701654,275493.86684104963,27.68504339674903,260,1729.65,1028.0333333333333,0.5567158163079654,150.36511279278196,267.9814534298982,0.6909686315063771,1.9177290203220303,1250
core,NORMAL,16,NO_SURGE,ADVANCED_HEURISTIC,5915,3188,577,719,1400,3.998431618569636,2.0,10.0,0.2191039729501268,0.5389687235841082,0.5389687235841082,0.5389687235841082,110.62351474674405,1.0,1.3928362364239915,352667.76501262,88166.941253155,264500.823759465,27.655878686686012,260,1728.3666666666666,1001.7833333333333,0.5452508230372906,145.72428018414536,264.0299703124079,0.6893713885484153,1.8445160170488517,1296
core,NORMAL,16,BASIC_SURGE,NEAREST_DRIVER,5915,3318,567,627,1371,3.873719107896323,2.0,9.0,0.2018596787827557,0.5609467455621302,0.5609467455621302,0.5609467455621302,111.79249760965533,1.008727450054681,1.3107643907133308,370927.50706883636,92731.87676720909,278195.6303016273,27.948124402413832,260,1730.2,1021.6833333333333,0.5548483915937308,152.36126614142754,272.29144415421666,0.6821612349914237,1.9176973760258929,1194
core,NORMAL,16,BASIC_SURGE,ETA_OPTIMIZED,5915,3390,521,610,1367,3.836873156342183,2.0,8.0,0.1912087912087912,0.5731191885038038,0.5731191885038038,0.5731191885038038,112.07093978305102,1.0084271462011207,1.1607040280865988,379920.48586454295,94980.12146613574,284940.3643984072,28.017734945762754,260,1728.7666666666667,1017.3166666666667,0.5513990207966488,155.94421250309702,280.09013686175115,0.6902108691925253,1.960935541715674,1131
core,NORMAL,16,BASIC_SURGE,DRIVER_EARNINGS_AWARE,5915,3335,546,619,1386,3.821289355322339,2.0,9.0,0.19695688926458157,0.5638207945900253,0.5638207945900253,0.5638207945900253,111.41815568467646,1.0074938886804645,1.2985284460105526,371579.549208396,92894.887302099,278684.66190629697,27.854538921169116,260,1728.95,1024.8666666666666,0.5638752915282491,155.16270149812658,271.9228471082063,0.6861427094105481,1.9289163943433876,1165
core,NORMAL,16,BASIC_SURGE,MARKETPLACE_AWARE,5915,3320,566,616,1382,3.8165662650602408,2.0,9.0,0.19983093829247675,0.5612848689771767,0.5612848689771767,0.5612848689771767,111.94906953549827,1.0105629547022035,1.2922512816151421,371670.91085785424,92917.72771446356,278753.1831433907,27.987267383874567,260,1727.5166666666667,1022.35,0.5554242085376189,152.7346708518547,272.6592489298094,0.6785897655314052,1.921833846272588,1182
core,NORMAL,16,BASIC_SURGE,ADVANCED_HEURISTIC,5915,3147,535,739,1464,4.065459167461074,2.0,10.0,0.2153846153846154,0.5320371935756552,0.5320371935756552,0.5320371935756552,111.60377628871088,1.0024435111448744,1.3960941643827018,351217.0839805731,87804.27099514328,263412.81298542983,27.90094407217772,260,1728.2,999.6833333333333,0.5438505498088605,145.18149325739327,263.49625346569394,0.6919406150583245,1.820969795162597,1274
core,NORMAL,16,AGGRESSIVE_SURGE,NEAREST_DRIVER,5915,3306,370,547,1662,3.52994555353902,2.0,8.5,0.15502958579881657,0.5589180050718512,0.5589180050718512,0.5589180050718512,118.16330355280408,1.0641434756450967,1.2185353665505032,390647.8815455703,97661.97038639257,292985.9111591777,29.54082588820102,260,1730.6666666666667,1001.1333333333333,0.5470805368329635,161.3923145965386,292.65423635797197,0.6968772433596554,1.910246533127889,917
core,NORMAL,16,AGGRESSIVE_SURGE,ETA_OPTIMIZED,5915,3318,376,518,1673,3.661844484629295,2.0,8.0,0.1511411665257819,0.5609467455621302,0.5609467455621302,0.5609467455621302,119.043200155407,1.0720651275782855,1.13020642094111,394985.33811564045,98746.33452891011,296239.00358673034,29.76080003885175,260,1730.6833333333334,982.4833333333333,0.5322693359986489,161.2307215223234,301.52064013306114,0.6945742005030543,1.91716181469747,894
core,NORMAL,16,AGGRESSIVE_SURGE,DRIVER_EARNINGS_AWARE,5915,3300,372,565,1649,3.523939393939394,2.0,8.0,0.1584108199492815,0.5579036348267118,0.5579036348267118,0.5579036348267118,117.30483493754386,1.060872319082875,1.2184002966912988,387105.95529389475,96776.48882347369,290329.46647042106,29.326208734385965,260,1727.4166666666667,997.8,0.5511285151001081,161.90849196404486,290.96959958951794,0.6986006458557589,1.910367118529596,937
core,NORMAL,16,AGGRESSIVE_SURGE,MARKETPLACE_AWARE,5915,3302,377,537,1667,3.6411265899454874,2.0,9.0,0.15452240067624684,0.5582417582417583,0.5582417582417583,0.5582417582417583,117.71988324333113,1.0623533127486062,1.2459791196235224,388711.05446947936,97177.76361736984,291533.29085210955,29.42997081083278,260,1727.6833333333334,1001.2666666666667,0.5453405306966129,160.01622183434296,291.16448250759987,0.6906333630686887,1.9112298743018106,914
core,NORMAL,16,AGGRESSIVE_SURGE,ADVANCED_HEURISTIC,5915,3206,380,655,1643,3.7916406737367434,2.0,9.0,0.1749788672865596,0.5420118343195266,0.5420118343195266,0.5420118343195266,116.21881020628196,1.0482336950034665,1.3028279660887012,372597.50552133995,93149.37638033499,279448.129141005,29.05470255157049,260,1728.8833333333334,988.4333333333333,0.5394711245480126,154.23874791645844,282.71823674603405,0.6860014104372355,1.8543761387408055,1035
core,NORMAL,16,CAPPED_SMOOTHED_SURGE,NEAREST_DRIVER,5915,3315,528,632,1413,3.8636500754147813,2.0,9.0,0.19611158072696533,0.5604395604395604,0.5604395604395604,0.5604395604395604,112.69366261890944,1.015515653787169,1.3257275403614257,373579.4915816848,93394.8728954212,280184.61868626357,28.17341565472736,260,1732.0833333333333,1029.15,0.5578366250248762,153.22844345754956,272.2485727894511,0.6781020651988394,1.9138802020687997,1160
core,NORMAL,16,CAPPED_SMOOTHED_SURGE,ETA_OPTIMIZED,5915,3379,495,615,1395,3.8612015389168395,2.0,8.0,0.18765849535080303,0.5712595097210482,0.5712595097210482,0.5712595097210482,112.4864658737368,1.0143551319631554,1.1729818795171367,380091.76818735665,95022.94204683916,285068.8261405175,28.1216164684342,260,1732.1333333333334,1013.5,0.5462780810649139,154.91268279084767,281.27165874742724,0.6925989672977625,1.950773612500962,1110
core,NORMAL,16,CAPPED_SMOOTHED_SURGE,DRIVER_EARNINGS_AWARE,5915,3319,532,622,1411,3.777342573064176,2.0,9.0,0.19509721048182588,0.5611158072696534,0.5611158072696534,0.5611158072696534,112.46712299029792,1.0144146291378688,1.2925456580514432,373278.3812047988,93319.5953011997,279958.7859035991,28.11678074757448,260,1728.05,1020.2166666666667,0.5616249060877985,156.12651406785412,274.4111080034624,0.6860103626943005,1.920662017881427,1154
core,NORMAL,16,CAPPED_SMOOTHED_SURGE,MARKETPLACE_AWARE,5915,3352,519,615,1400,3.7282219570405726,2.0,9.0,0.19171597633136095,0.5666948436179206,0.5666948436179206,0.5666948436179206,112.40270822131924,1.0142267204909117,1.2717095666050817,376773.8779578621,94193.46948946553,282580.4084683966,28.10067705532981,260,1727.4666666666667,1029.6666666666667,0.5591170766540389,154.74630056644546,274.4387262561313,0.6809272200443157,1.9404137079345476,1134
core,NORMAL,16,CAPPED_SMOOTHED_SURGE,ADVANCED_HEURISTIC,5915,3213,501,708,1462,3.982882041705571,2.0,10.0,0.2043956043956044,0.5431952662721894,0.5431952662721894,0.5431952662721894,111.74437918402008,1.0064047649869536,1.36897784763734,359034.6903182565,89758.67257956413,269276.01773869235,27.93609479600502,260,1728.6833333333334,1008.3833333333333,0.5471707231584889,148.18020606325024,267.0373545827735,0.6860566070498351,1.8586400053990995,1209
core,NORMAL,17,NO_SURGE,NEAREST_DRIVER,5793,3409,523,642,1196,3.9495453212085656,2.0,10.0,0.20110478163300535,0.5884688417055066,0.5884688417055066,0.5884688417055066,111.09294834435967,1.0,1.3627415867291461,378715.86090592213,94678.96522648053,284036.89567944163,27.773237086089917,259,1713.3166666666666,1055.65,0.5761557020519789,157.0605990825794,269.063511276883,0.6881756756756757,1.9897080710901858,1165
core,NORMAL,17,NO_SURGE,ETA_OPTIMIZED,5793,3470,507,613,1179,3.9452449567723344,2.0,8.099999999999909,0.19333678577593646,0.5989987916450888,0.5989987916450888,0.5989987916450888,111.28658990715158,1.0,1.1868908786503023,386164.46697781596,96541.11674445399,289623.35023336194,27.821647476787895,259,1721.4,1035.45,0.5609778260029945,158.1263563059769,279.7077118483383,0.6850801068090788,2.0158010921343092,1120
core,NORMAL,17,NO_SURGE,DRIVER_EARNINGS_AWARE,5793,3427,516,631,1196,3.9159614823460753,2.0,9.0,0.1979975832901778,0.5915760400483342,0.5915760400483342,0.5915760400483342,110.79970983978083,1.0,1.3488583348418592,379710.6056209289,94927.65140523223,284782.95421569666,27.699927459945208,259,1715.85,1056.5,0.5826060338348619,158.7108943379377,269.55319850042275,0.6872684405523746,1.997260832823382,1147
core,NORMAL,17,NO_SURGE,MARKETPLACE_AWARE,5793,3402,525,664,1176,3.9006466784244562,2.0,9.900000000000091,0.20524771275677542,0.587260486794407,0.587260486794407,0.587260486794407,110.96833330279802,1.0,1.3338631296316135,377514.26989611884,94378.56747402971,283135.7024220891,27.742083325699504,259,1714.65,1055.85,0.5795685638001786,156.84376735448512,268.1590210939898,0.6855419668286145,1.9840783833435394,1189
core,NORMAL,17,NO_SURGE,ADVANCED_HEURISTIC,5793,3192,506,765,1302,4.219298245614035,2.0,10.0,0.21940272742965647,0.5510098394614189,0.5510098394614189,0.5510098394614189,111.67444145514432,1.0,1.473335535849754,356464.81712482066,89116.20428120517,267348.61284361547,27.91861036378608,259,1717.8,1030.05,0.5586032214814244,147.18546467186823,259.5491605685312,0.6897506925207756,1.858190709046455,1271
core,NORMAL,17,BASIC_SURGE,NEAREST_DRIVER,5793,3423,473,625,1245,3.9176161262050835,2.0,10.0,0.18953909891248058,0.5908855515277058,0.5908855515277058,0.5908855515277058,111.20520407986123,1.0028157434324942,1.3544609573613737,380655.413565365,95163.85339134125,285491.56017402373,27.801301019965308,259,1715.9833333333333,1058.3666666666666,0.576687734208169,157.19060763346056,269.74730891060796,0.689742721733243,1.9947746190231064,1098
core,NORMAL,17,BASIC_SURGE,ETA_OPTIMIZED,5793,3452,472,598,1246,3.9608922363847046,2.0,8.0,0.18470567926808218,0.5958915933022614,0.5958915933022614,0.5958915933022614,111.99208155496578,1.0070217698665198,1.2013275993549264,386596.6655277419,96649.16638193547,289947.4991458064,27.998020388741445,259,1720.7833333333333,1038.35,0.5615224084544521,158.19986651497956,279.2386951854446,0.701497676019969,2.0060631301635885,1070
core,NORMAL,17,BASIC_SURGE,DRIVER_EARNINGS_AWARE,5793,3402,472,649,1245,3.954732510288066,2.0,10.0,0.19350940790609356,0.587260486794407,0.587260486794407,0.587260486794407,111.24533651856004,1.0048641539882557,1.35663965195815,378456.63483614125,94614.15870903531,283842.47612710594,27.81133412964001,259,1717.55,1049.85,0.5765220475968249,157.7943653171676,270.3647912817126,0.6839543470963411,1.9807283630753107,1121
core,NORMAL,17,BASIC_SURGE,MARKETPLACE_AWARE,5793,3410,481,628,1251,3.938123167155425,2.0,10.0,0.19143794234420852,0.5886414638356637,0.5886414638356637,0.5886414638356637,112.13530651422111,1.0074530761633624,1.3574180893247978,382381.395213494,95595.3488033735,286786.0464101205,28.03382662855528,259,1717.3166666666666,1060.0,0.5743784339673682,157.28273140958197,270.5528739718118,0.6873730534867976,1.9856559166917382,1109
core,NORMAL,17,BASIC_SURGE,ADVANCED_HEURISTIC,5793,3228,474,741,1327,4.211895910780669,2.0,10.0,0.20973588814085967,0.5572242361470741,0.5572242361470741,0.5572242361470741,111.94782098505056,1.0012892832295677,1.4796158776177284,361367.5661397432,90341.8915349358,271025.6746048074,27.98695524626264,259,1719.5166666666667,1038.55,0.5614325572201769,148.92514401318329,260.9654562657622,0.6926414439430754,1.8772717139506256,1215
core,NORMAL,17,AGGRESSIVE_SURGE,NEAREST_DRIVER,5793,3350,338,571,1509,3.6931343283582088,2.0,9.0,0.1569135163127913,0.5782841360262385,0.5782841360262385,0.5782841360262385,118.3567968771483,1.0643764292198625,1.2835651606297152,396495.2695384468,99123.8173846117,297371.4521538351,29.589199219287075,259,1717.4,1025.5666666666666,0.5572075358022929,164.05102786771675,289.95818781860606,0.6954529432499119,1.9506230348200768,909
core,NORMAL,17,AGGRESSIVE_SURGE,ETA_OPTIMIZED,5793,3400,327,505,1536,3.595,2.0,7.0,0.14362161229069567,0.5869152425340929,0.5869152425340929,0.5869152425340929,119.07204888755781,1.0664215874016416,1.1016316080007589,404844.96621769655,101211.24155442414,303633.7246632724,29.768012221889453,259,1719.5833333333333,1003.7,0.5458674310291537,166.18816805682226,302.51442130444593,0.7095900307025466,1.9772231645262903,832
core,NORMAL,17,AGGRESSIVE_SURGE,DRIVER_EARNINGS_AWARE,5793,3372,328,560,1510,3.6444246737841044,2.0,9.0,0.1532884515794925,0.5820818228896945,0.5820818228896945,0.5820818228896945,118.25351138128465,1.0628283530480396,1.2672459962069447,398750.84037769184,99687.71009442296,299063.13028326887,29.563377845321163,259,1716.5666666666666,1030.15,0.563390464290989,164.96897881062205,290.31027547761863,0.6967400881057269,1.9643862749286367,888
core,NORMAL,17,AGGRESSIVE_SURGE,MARKETPLACE_AWARE,5793,3378,334,553,1502,3.5023682652457073,2.0,8.0,0.1531158294493354,0.583117555670637,0.583117555670637,0.583117555670637,118.35820210664954,1.0623088497774476,1.2198575816852368,399814.00671626214,99953.50167906554,299860.5050371966,29.589550526662386,259,1714.4666666666667,1025.3166666666666,0.5569660678054192,164.47854301803287,292.45648177362756,0.6926308419394364,1.9702920247307227,887
core,NORMAL,17,AGGRESSIVE_SURGE,ADVANCED_HEURISTIC,5793,3200,323,700,1546,3.974375,2.0,10.0,0.1765924391506991,0.5523908165026756,0.5523908165026756,0.5523908165026756,117.31726884369094,1.0536998284435317,1.3998658858009962,375415.260299811,93853.81507495276,281561.44522485824,29.329317210922735,259,1716.0,1009.25,0.5454420254925918,153.6250715439609,278.98087215740225,0.7022190408017179,1.8648018648018647,1023
core,NORMAL,17,CAPPED_SMOOTHED_SURGE,NEAREST_DRIVER,5793,3415,447,640,1269,3.8884333821376282,2.0,10.0,0.18764025548075264,0.5895045744864492,0.5895045744864492,0.5895045744864492,112.57489356810535,1.0131843030166867,1.343341470535217,384443.2615350798,96110.81538376995,288332.4461513099,28.143723392026338,259,1719.75,1055.0333333333333,0.5737343239205188,158.91426853563945,273.29226199928263,0.6923730253100051,1.985753743276639,1087
core,NORMAL,17,CAPPED_SMOOTHED_SURGE,ETA_OPTIMIZED,5793,3462,457,615,1236,3.8552859618717505,2.0,9.0,0.18505092352839633,0.5976178146038322,0.5976178146038322,0.5976178146038322,113.00345733142923,1.0148128683327289,1.1741869262544373,391217.969281408,97804.492320352,293413.476961056,28.250864332857308,259,1721.4833333333333,1036.4666666666667,0.5648965729033902,161.08290622612637,283.0901237805262,0.697108843537415,2.011056356436794,1072
core,NORMAL,17,CAPPED_SMOOTHED_SURGE,DRIVER_EARNINGS_AWARE,5793,3402,458,630,1280,3.916519694297472,2.0,10.0,0.18781287761090973,0.587260486794407,0.587260486794407,0.587260486794407,112.76703398853323,1.0128523148441277,1.3451966028583133,383633.44962899,95908.3624072475,287725.0872217425,28.191758497133307,259,1717.0,1057.3,0.5838893642467188,161.11456741972827,272.1319277610352,0.6782666889744019,1.9813628421665697,1088
core,NORMAL,17,CAPPED_SMOOTHED_SURGE,MARKETPLACE_AWARE,5793,3430,454,626,1261,3.8416909620991255,2.0,9.0,0.18643190056965303,0.5920939064388054,0.5920939064388054,0.5920939064388054,112.60094321777228,1.0153391302606494,1.3290577788336009,386221.23523695895,96555.30880923974,289665.9264277192,28.15023580444307,259,1715.3166666666666,1057.5,0.5736762705478867,158.9479886935737,273.91576967160205,0.6889790398918187,1.9996307776018034,1080
core,NORMAL,17,CAPPED_SMOOTHED_SURGE,ADVANCED_HEURISTIC,5793,3210,460,741,1357,4.130218068535825,2.0,10.0,0.20731917831866045,0.5541170378042465,0.5541170378042465,0.5541170378042465,111.9513382143967,1.0054257472448154,1.4521582669793882,359363.7956682134,89840.94891705335,269522.84675116005,27.987834553599175,259,1713.5166666666667,1022.55,0.5553598132863548,148.21115624742802,263.57913720713907,0.691544885177453,1.873340401318925,1201
core,NORMAL,18,NO_SURGE,NEAREST_DRIVER,5980,3423,597,608,1320,4.031551270815075,2.0,10.0,0.20150501672240803,0.5724080267558529,0.5724080267558529,0.5724080267558529,110.15881139059093,1.0,1.378640958809388,377073.61138999276,94268.40284749819,282805.20854249457,27.53970284764773,260,1712.8833333333334,1057.5333333333333,0.5792771899756388,157.09054234164566,267.419663880566,0.6891754326433661,1.9983847897794167,1205
core,NORMAL,18,NO_SURGE,ETA_OPTIMIZED,5980,3442,583,611,1312,4.143521208599651,2.0,10.0,0.19966555183946488,0.5755852842809365,0.5755852842809365,0.5755852842809365,110.26162928633534,1.0,1.2670196125740214,379520.5280035662,94880.13200089155,284640.39600267465,27.565407321583834,260,1714.0166666666667,1038.4833333333333,0.5745970153679952,159.55866864401605,274.0924065570058,0.6933265410086602,2.008148501084198,1194
core,NORMAL,18,NO_SURGE,DRIVER_EARNINGS_AWARE,5980,3422,598,628,1299,3.94593804792519,2.0,10.0,0.20501672240802676,0.5722408026755853,0.5722408026755853,0.5722408026755853,110.22604333242914,1.0,1.3426527296313533,377193.52028357255,94298.38007089314,282895.1402126794,27.556510833107286,260,1708.9166666666667,1056.4166666666667,0.5877503820877809,159.62078757621012,267.78746411234147,0.6939816388983339,2.0024381918369336,1226
core,NORMAL,18,NO_SURGE,MARKETPLACE_AWARE,5980,3407,590,628,1321,3.8685060170237744,2.0,10.0,0.20367892976588628,0.5697324414715719,0.5697324414715719,0.5697324414715719,110.17241640956902,1.0,1.3294423928204702,375357.4227074017,93839.35567685042,281518.06703055126,27.543104102392256,260,1713.9166666666667,1049.0833333333333,0.5762113839315421,156.58633600647272,268.3467157333081,0.6899067005937235,1.9878446054358923,1218
core,NORMAL,18,NO_SURGE,ADVANCED_HEURISTIC,5980,3248,581,722,1397,4.275862068965517,2.0,10.0,0.21789297658862877,0.5431438127090301,0.5431438127090301,0.5431438127090301,110.52669033727253,1.0,1.4677939992202769,358990.6902154612,89747.6725538653,269243.0176615959,27.63167258431813,260,1712.5,1030.5666666666666,0.571136047505076,151.92525265449117,261.2572542564892,0.6993532599195945,1.8966423357664233,1303
core,NORMAL,18,BASIC_SURGE,NEAREST_DRIVER,5980,3402,552,606,1388,4.040564373897707,2.0,10.0,0.19364548494983277,0.5688963210702341,0.5688963210702341,0.5688963210702341,111.66599957812753,1.0093744365007957,1.3657535445859283,379887.73056478985,94971.93264119746,284915.7979235924,27.91649989453188,260,1708.2833333333333,1054.4333333333334,0.5827109614649958,159.63262448704052,270.2075028516983,0.6865544790073091,1.9914729211586681,1158
core,NORMAL,18,BASIC_SURGE,ETA_OPTIMIZED,5980,3472,541,581,1353,4.078629032258065,2.0,9.0,0.18762541806020067,0.5806020066889632,0.5806020066889632,0.5806020066889632,111.5770122522581,1.0084804551577211,1.2409617904385275,387395.38653984014,96848.84663496003,290546.5399048801,27.894253063064525,260,1715.1,1044.9666666666667,0.5719697884926371,160.9725347631813,278.0438354380172,0.6856950973807925,2.0243717567488777,1122
core,NORMAL,18,BASIC_SURGE,DRIVER_EARNINGS_AWARE,5980,3403,538,637,1372,3.905377607992947,2.0,10.0,0.19648829431438128,0.5690635451505017,0.5690635451505017,0.5690635451505017,110.92752338958927,1.0070782204892625,1.3442049235044518,377486.3620947723,94371.59052369307,283114.7715710792,27.731880847397317,260,1710.2666666666667,1052.25,0.5873983223526854,160.19035832059654,269.0565659976994,0.6986607142857143,1.989748187417167,1175
core,NORMAL,18,BASIC_SURGE,MARKETPLACE_AWARE,5980,3436,551,581,1382,3.908032596041909,2.0,9.0,0.18929765886287625,0.5745819397993311,0.5745819397993311,0.5745819397993311,111.3548967372206,1.009710420243006,1.3269278882485553,382615.42518908996,95653.85629727249,286961.5688918175,27.83872418430515,260,1712.7833333333333,1053.3166666666666,0.5779015810539223,159.86542489397553,272.4361799001416,0.6864608076009501,2.006091449589849,1132
core,NORMAL,18,BASIC_SURGE,ADVANCED_HEURISTIC,5980,3247,533,713,1453,4.272867262088082,2.0,10.0,0.20836120401337793,0.5429765886287625,0.5429765886287625,0.5429765886287625,111.11776957010916,1.002891394190139,1.4686104028249487,360799.39779414446,90199.84944853612,270599.54834560835,27.77944239252729,260,1712.9333333333334,1033.1666666666667,0.5708649102892177,151.58925176528294,261.91277465295207,0.6905379692094793,1.895578734334864,1246
core,NORMAL,18,AGGRESSIVE_SURGE,NEAREST_DRIVER,5980,3409,381,509,1651,3.6937518333822235,2.0,9.0,0.1488294314381271,0.570066889632107,0.570066889632107,0.570066889632107,118.01476610031608,1.0680446010895646,1.2684454509180796,402312.33763597754,100578.08440899439,301734.2532269831,29.50369152507902,260,1709.75,1032.0166666666667,0.5704582887383651,168.25213559220165,292.37343055859867,0.69538407329105,1.9938587512794268,890
core,NORMAL,18,AGGRESSIVE_SURGE,ETA_OPTIMIZED,5980,3414,373,488,1676,3.780023432923257,2.0,8.0,0.14397993311036789,0.5709030100334448,0.5709030100334448,0.5709030100334448,118.79238772264006,1.0756286092434613,1.1582524624545036,405557.2116850932,101389.3029212733,304167.9087638199,29.698096930660014,260,1713.9833333333333,1003.1666666666666,0.5566140102306509,169.39884694865862,303.20775088601414,0.6926330630948184,1.9918513404447729,861
core,NORMAL,18,AGGRESSIVE_SURGE,DRIVER_EARNINGS_AWARE,5980,3354,383,514,1698,3.7492546213476445,2.0,9.0,0.15,0.5608695652173913,0.5608695652173913,0.5608695652173913,118.48949723201224,1.0721385104432963,1.287535224531238,397413.77371616906,99353.44342904227,298060.3302871268,29.62237430800306,260,1710.6166666666666,1019.9666666666667,0.567593380025672,166.95533719210215,292.2255599403184,0.6883942766295708,1.9606964350088176,897
core,NORMAL,18,AGGRESSIVE_SURGE,MARKETPLACE_AWARE,5980,3379,393,512,1665,3.6762355726546314,2.0,9.0,0.15133779264214048,0.5650501672240803,0.5650501672240803,0.5650501672240803,117.5535823055017,1.0670949436855754,1.2575644474543706,397213.5546102903,99303.38865257257,297910.1659577177,29.388395576375427,260,1712.1833333333334,1019.7666666666667,0.5604157242315048,165.66747595073352,292.13561856410064,0.6926338102808691,1.9735036162404727,905
core,NORMAL,18,AGGRESSIVE_SURGE,ADVANCED_HEURISTIC,5980,3227,379,633,1711,4.048651998760459,2.0,10.0,0.16923076923076924,0.5396321070234114,0.5396321070234114,0.5396321070234114,116.5879174429757,1.0534193510486354,1.398840480157504,376229.20958848257,94057.30239712064,282171.90719136194,29.146979360743924,260,1710.9166666666667,1007.4166666666666,0.5536758302838861,157.55785479358954,280.09453935779163,0.6871686108165429,1.8861234231162631,1012
core,NORMAL,18,CAPPED_SMOOTHED_SURGE,NEAREST_DRIVER,5980,3434,528,597,1390,3.9781595806639487,2.0,10.0,0.18812709030100336,0.574247491638796,0.574247491638796,0.574247491638796,112.5354389511403,1.0194620633746154,1.3553493185253027,386446.6973582158,96611.67433955395,289835.0230186619,28.133859737785077,260,1711.7666666666667,1057.8666666666666,0.5818990305741212,161.37182071559425,273.9806746458235,0.6825823806321453,2.006114540533172,1125
core,NORMAL,18,CAPPED_SMOOTHED_SURGE,ETA_OPTIMIZED,5980,3480,507,574,1388,4.009770114942529,2.0,9.0,0.18076923076923077,0.5819397993311036,0.5819397993311036,0.5819397993311036,112.46493821916386,1.018583678405962,1.2226541939085325,391377.9850026902,97844.49625067256,293533.48875201767,28.116234554790964,260,1711.1833333333334,1038.0,0.5752413979470955,164.35839116661114,282.7875614181288,0.6923207323275131,2.033680396606637,1081
core,NORMAL,18,CAPPED_SMOOTHED_SURGE,DRIVER_EARNINGS_AWARE,5980,3449,522,582,1396,3.9704262104957957,2.0,10.0,0.18461538461538463,0.5767558528428094,0.5767558528428094,0.5767558528428094,112.77885347180212,1.0216455833943552,1.3389148213382933,388974.2656242455,97243.56640606138,291730.6992181841,28.19471336795053,260,1707.7,1057.6,0.5911376397612008,165.3139771702778,275.8421891246068,0.6855696202531646,2.019675587046905,1104
core,NORMAL,18,CAPPED_SMOOTHED_SURGE,MARKETPLACE_AWARE,5980,3423,526,608,1392,3.878761320479112,2.0,10.0,0.18963210702341138,0.5724080267558529,0.5724080267558529,0.5724080267558529,112.20308172604369,1.0184259707007057,1.317459443051149,384071.14874824753,96017.78718706188,288053.3615611857,28.050770431510923,260,1712.5166666666667,1047.65,0.5787868099205284,161.2352936739075,274.951903365805,0.6908286540752084,1.9988126636237118,1134
core,NORMAL,18,CAPPED_SMOOTHED_SURGE,ADVANCED_HEURISTIC,5980,3265,525,687,1471,4.172434915773354,2.0,10.0,0.20267558528428092,0.5459866220735786,0.5459866220735786,0.5459866220735786,111.2938442774642,1.0088500390649215,1.4386333586256848,363374.4015659206,90843.60039148015,272530.8011744405,27.82346106936605,260,1711.9,1027.0833333333333,0.5673585494154684,152.75194398543755,265.34439059580416,0.682145305003427,1.9072375722881008,1212
core,NORMAL,19,NO_SURGE,NEAREST_DRIVER,5758,3271,517,695,1253,4.038826047080404,2.0,10.0,0.21048975338659257,0.5680791941646405,0.5680791941646405,0.5680791941646405,111.07227843666865,1.0,1.3680096974392235,363317.42276634317,90829.35569158579,272488.06707475736,27.768069609167163,260,1727.4666666666667,1029.0333333333333,0.5648866419474755,151.6398135386769,264.80003926800947,0.692481333564855,1.8935242358752702,1212
core,NORMAL,19,NO_SURGE,ETA_OPTIMIZED,5758,3328,509,661,1237,4.132211538461538,2.0,9.0,0.20319555401180966,0.577978464744703,0.577978464744703,0.577978464744703,110.84054658484025,1.0,1.256389668877738,368877.3390343484,92219.3347585871,276658.0042757613,27.710136646210064,260,1727.3666666666666,1013.6833333333333,0.5546225744971071,153.21183717999028,272.9235010365774,0.690599173553719,1.9266320603616296,1170
core,NORMAL,19,NO_SURGE,DRIVER_EARNINGS_AWARE,5758,3329,513,669,1222,4.00420546710724,2.0,10.0,0.20527961097603334,0.5781521361583883,0.5781521361583883,0.5781521361583883,110.64347349462467,1.0,1.3502221508455456,368332.1232636055,92083.03081590138,276249.09244770417,27.660868373656168,260,1725.65,1034.1,0.5769561990551277,156.55794300585845,267.139631029595,0.6985753995830438,1.9291281546084083,1182
core,NORMAL,19,NO_SURGE,MARKETPLACE_AWARE,5758,3334,522,661,1218,3.9184163167366526,2.0,10.0,0.20545328238971866,0.5790204932268148,0.5790204932268148,0.5790204932268148,111.00280875702633,1.0,1.3242005186865515,370083.3643959258,92520.84109898144,277562.52329694433,27.750702189256582,260,1725.0666666666666,1037.1833333333334,0.5653601423427365,153.09225210018116,267.6118236540737,0.6928251121076233,1.9326789302828877,1183
core,NORMAL,19,NO_SURGE,ADVANCED_HEURISTIC,5758,3129,512,776,1318,4.193032917865133,2.0,11.0,0.22368878082667593,0.5434178534213269,0.5434178534213269,0.5434178534213269,111.38433145523916,1.0,1.444337430944917,348521.57312344335,87130.39328086084,261391.1798425825,27.84608286380979,260,1725.0666666666666,1003.25,0.5486684230563292,145.25398799482664,260.5444105084301,0.6978851963746223,1.813842943267893,1288
core,NORMAL,19,BASIC_SURGE,NEAREST_DRIVER,5758,3318,488,641,1287,4.034960819770946,2.0,10.0,0.19607502605071206,0.57624175060785,0.57624175060785,0.57624175060785,111.90888179123408,1.0084751156175236,1.3665793002354727,371313.6697833147,92828.41744582867,278485.252337486,27.97722044780852,260,1725.8666666666666,1034.25,0.5654672265687491,154.41032634960806,269.2629947667256,0.6883318928262748,1.9225123609394315,1129
core,NORMAL,19,BASIC_SURGE,ETA_OPTIMIZED,5758,3345,461,643,1285,4.031091180866966,2.0,9.0,0.19173324070857936,0.5809308787773533,0.5809308787773533,0.5809308787773533,112.08087053220031,1.0064051243580179,1.2210683700113212,374910.51193021005,93727.62798255251,281182.88394765754,28.020217633050077,260,1731.5333333333333,1015.0166666666667,0.5529348489950503,155.21818190850493,277.02292305314285,0.6953355297381654,1.9318138066453625,1104
core,NORMAL,19,BASIC_SURGE,DRIVER_EARNINGS_AWARE,5758,3313,475,675,1270,3.8985813462118926,2.0,9.0,0.1997221257381035,0.5753733935394234,0.5753733935394234,0.5753733935394234,111.52677519012073,1.0060236451549764,1.328335422034778,369488.20620486996,92372.05155121749,277116.15465365245,27.881693797530183,260,1726.7166666666667,1028.1,0.5698443660752969,155.9395413366545,269.54202378528595,0.6951325134245626,1.9186703087748425,1150
core,NORMAL,19,BASIC_SURGE,MARKETPLACE_AWARE,5758,3325,475,649,1286,3.922406015037594,2.0,10.0,0.1952066689822855,0.577457450503647,0.577457450503647,0.577457450503647,111.3773186813914,1.0049399087739583,1.3293013326395278,370329.58461562643,92582.39615390661,277747.18846171984,27.84432967034785,260,1724.5166666666667,1031.0666666666666,0.5642519209913812,153.7357205117517,269.3784965036724,0.6879518072289157,1.928076465869664,1124
core,NORMAL,19,BASIC_SURGE,ADVANCED_HEURISTIC,5758,3116,454,798,1369,4.243581514762516,2.0,11.0,0.21743660993400488,0.5411601250434178,0.5411601250434178,0.5411601250434178,112.06034473633649,1.0020061676233454,1.4673696816405601,349180.0341984245,87295.00854960612,261885.02564881835,28.015086184084122,260,1728.9833333333333,1012.1833333333333,0.5537088627805017,145.96657937793748,258.7327977298102,0.6970233876683204,1.8022151746209236,1252
core,NORMAL,19,AGGRESSIVE_SURGE,NEAREST_DRIVER,5758,3266,336,591,1543,3.6677893447642376,2.0,9.0,0.16099340048627997,0.567210837096214,0.567210837096214,0.567210837096214,117.47139700914273,1.0558672461776255,1.256793235679106,383661.58263186016,95915.39565796504,287746.1869738951,29.367849252285684,260,1725.45,1001.7833333333333,0.5540682598961929,161.018873729519,287.233953090883,0.7000541418516514,1.8928395491031325,927
core,NORMAL,19,AGGRESSIVE_SURGE,ETA_OPTIMIZED,5758,3284,312,560,1579,3.841961023142509,2.0,8.0,0.15144147273358805,0.5703369225425495,0.5703369225425495,0.5703369225425495,118.63692876017872,1.0634554555361666,1.1723182455594177,389603.6740484269,97400.91851210673,292202.75553632015,29.65923219004468,260,1729.2666666666667,987.3666666666667,0.5431309409904532,162.213197425363,295.94148293742967,0.704628279883382,1.8990708971047459,872
core,NORMAL,19,AGGRESSIVE_SURGE,DRIVER_EARNINGS_AWARE,5758,3261,332,600,1542,3.7003986507206377,2.0,9.0,0.1618617575547065,0.5663424800277874,0.5663424800277874,0.5663424800277874,118.20103148089764,1.0611554152354885,1.281711729277217,385453.5636592072,96363.3909148018,289090.1727444054,29.55025787022441,260,1724.1333333333334,1001.4166666666666,0.5630821630135052,164.45408307198093,288.68120770016344,0.6983099604458828,1.8913850436934498,932
core,NORMAL,19,AGGRESSIVE_SURGE,MARKETPLACE_AWARE,5758,3276,341,557,1560,3.654151404151404,2.0,9.0,0.15595692948940604,0.5689475512330671,0.5689475512330671,0.5689475512330671,117.78062341902447,1.0603962019498683,1.2532060458494523,385849.32232072414,96462.33058018103,289386.9917405431,29.445155854756116,260,1726.2833333333333,1002.1833333333333,0.5485927562021142,160.6803439190422,288.75653996162686,0.699238578680203,1.897718605481912,898
core,NORMAL,19,AGGRESSIVE_SURGE,ADVANCED_HEURISTIC,5758,3131,329,705,1573,4.020760140530182,2.0,10.0,0.17957624175060785,0.5437651962486975,0.5437651962486975,0.5437651962486975,116.93372421085007,1.0489913227275476,1.3975641085331167,366119.4905041716,91529.8726260429,274589.61787812866,29.23343105271252,260,1725.8833333333334,991.6666666666666,0.5462557226030484,153.76763141617576,276.89709365861717,0.6965317919075145,1.8141434820816393,1034
core,NORMAL,19,CAPPED_SMOOTHED_SURGE,NEAREST_DRIVER,5758,3316,439,671,1311,3.8458986731001206,2.0,9.0,0.1927752691906912,0.5758944077804793,0.5758944077804793,0.5758944077804793,112.01343418062854,1.0117132243204878,1.3156297593125776,371436.54774296423,92859.13693574106,278577.4108072232,28.003358545157134,260,1726.0333333333333,1028.1666666666667,0.567426625886732,156.3040408866427,270.9457715745403,0.6931857488758215,1.9211679959830825,1110
core,NORMAL,19,CAPPED_SMOOTHED_SURGE,ETA_OPTIMIZED,5758,3355,449,615,1316,4.030104321907601,2.0,9.0,0.18478638416116708,0.5826675929142063,0.5826675929142063,0.5826675929142063,113.45986128057253,1.0197965894773287,1.2237660476321484,380657.8345963208,95164.4586490802,285493.3759472406,28.36496532014313,260,1728.6333333333334,1015.5666666666667,0.5538376537866633,157.04300485873634,281.1173163887885,0.6996144409393621,1.940839584257313,1064
core,NORMAL,19,CAPPED_SMOOTHED_SURGE,DRIVER_EARNINGS_AWARE,5758,3342,454,624,1310,3.8943746259724716,2.0,9.0,0.18721778395276137,0.5804098645362973,0.5804098645362973,0.5804098645362973,112.62162105253223,1.0151434765448322,1.323036621964031,376381.45755756274,94095.36438939068,282286.09316817205,28.15540526313306,260,1724.8,1034.5333333333333,0.5796784267577109,160.18820316445172,272.86321674974744,0.692561123634472,1.9376159554730983,1078
core,NORMAL,19,CAPPED_SMOOTHED_SURGE,MARKETPLACE_AWARE,5758,3304,449,670,1312,3.914043583535109,2.0,9.700000000000273,0.19433831191385897,0.5738103508162556,0.5738103508162556,0.5738103508162556,113.16731541817255,1.0167176248580874,1.323888923769557,373904.8101416421,93476.20253541053,280428.6076062316,28.291828854543137,260,1727.3333333333333,1033.2833333333333,0.5664330572988154,155.5515076675972,271.39565553775014,0.6866517780450094,1.912774990351216,1119
core,NORMAL,19,CAPPED_SMOOTHED_SURGE,ADVANCED_HEURISTIC,5758,3115,441,780,1399,4.367576243980738,2.0,11.0,0.21205279610976033,0.5409864536297325,0.5409864536297325,0.5409864536297325,112.46446850999257,1.0093437898420436,1.4888905171422662,350326.8194086269,87581.70485215672,262745.1145564702,28.116117127498143,260,1726.75,1008.7666666666667,0.5509598150573518,145.82224040298848,260.46173336067494,0.701647564469914,1.8039669900101347,1221
core,NORMAL,20,NO_SURGE,NEAREST_DRIVER,5830,3320,571,650,1257,4.18433734939759,2.0,10.0,0.20943396226415095,0.5694682675814752,0.5694682675814752,0.5694682675814752,111.02539676197044,1.0,1.410147650913638,368604.3172497419,92151.07931243547,276453.2379373064,27.75634919049261,260,1651.3,1044.1166666666666,0.5905180141121911,157.52752682333963,264.77236382010926,0.6788321167883211,2.010537152546479,1221
core,NORMAL,20,NO_SURGE,ETA_OPTIMIZED,5830,3416,548,599,1232,4.144320843091335,3.0,9.0,0.1967409948542024,0.5859348198970841,0.5859348198970841,0.5859348198970841,110.71792137492535,1.0,1.2391716746797157,378212.419416745,94553.10485418625,283659.3145625588,27.67948034373134,260,1661.85,1027.5666666666666,0.5761303534662702,159.71890776389694,276.04954867086525,0.6830379746835443,2.055540512079911,1147
core,NORMAL,20,NO_SURGE,DRIVER_EARNINGS_AWARE,5830,3268,570,688,1270,4.130966952264382,2.0,10.0,0.2157804459691252,0.5605488850771869,0.5605488850771869,0.5605488850771869,110.95891364435761,1.0,1.4090439120151386,362613.72978976066,90653.43244744017,271960.2973423205,27.739728411089402,260,1655.0666666666666,1032.9,0.5889789977640941,156.45771797581978,263.29779973116507,0.6784013605442177,1.974542818013373,1258
core,NORMAL,20,NO_SURGE,MARKETPLACE_AWARE,5830,3302,573,669,1252,4.093882495457299,2.0,10.0,0.2130360205831904,0.5663807890222985,0.5663807890222985,0.5663807890222985,110.41979888903673,1.0,1.3842991820298973,364606.1759315993,91151.54398289982,273454.6319486995,27.60494972225918,260,1654.3333333333333,1034.2333333333333,0.5804337476512975,154.9919442823091,264.40322810651963,0.6785350966429298,1.9959701793270201,1242
core,NORMAL,20,NO_SURGE,ADVANCED_HEURISTIC,5830,3094,555,783,1365,4.511635423400129,2.0,11.0,0.2295025728987993,0.5307032590051458,0.5307032590051458,0.5307032590051458,110.98395659006043,1.0,1.5454773525311813,343384.36168964696,85846.09042241174,257538.27126723522,27.745989147515107,260,1654.9166666666667,1007.95,0.5654836551786457,146.26335308090916,255.50699069123982,0.6843487394957983,1.8695805428269299,1338
core,NORMAL,20,BASIC_SURGE,NEAREST_DRIVER,5830,3300,510,658,1326,4.106060606060606,2.0,10.0,0.20034305317324186,0.5660377358490566,0.5660377358490566,0.5660377358490566,111.07069597819253,1.0053231828757472,1.404743444703951,366533.2967280354,91633.32418200884,274899.9725460265,27.767673994548133,260,1653.4666666666667,1030.8833333333334,0.581920637458125,156.5855920568452,266.66448438655505,0.6825722592782624,1.995806789775018,1168
core,NORMAL,20,BASIC_SURGE,ETA_OPTIMIZED,5830,3375,503,625,1293,4.156444444444444,3.0,9.0,0.1934819897084048,0.5789022298456261,0.5789022298456261,0.5789022298456261,111.53282654218373,1.0062715865799003,1.2437464428021963,376423.28957987006,94105.82239496752,282317.4671849025,27.883206635545932,260,1658.5,1023.5166666666667,0.5753366038910999,160.06189044386835,275.830845143283,0.6893486065994187,2.0349713596623453,1128
core,NORMAL,20,BASIC_SURGE,DRIVER_EARNINGS_AWARE,5830,3262,510,694,1328,4.1079092581238505,2.0,10.0,0.2065180102915952,0.5595197255574614,0.5595197255574614,0.5595197255574614,111.32983159284186,1.0060448794071313,1.4175599641380128,363157.91065585014,90789.47766396253,272368.4329918876,27.832457898210464,260,1654.5666666666666,1033.3833333333334,0.5876919537223096,155.69570438263085,263.56960114048115,0.6859745617050533,1.971513185728388,1204
core,NORMAL,20,BASIC_SURGE,MARKETPLACE_AWARE,5830,3295,515,667,1322,4.188163884673748,2.0,10.0,0.20274442538593482,0.565180102915952,0.565180102915952,0.565180102915952,111.78498204069338,1.0078791053422596,1.4203444192551795,368331.5158240847,92082.87895602117,276248.63686806354,27.946245510173345,260,1651.8333333333333,1041.8,0.5901793289078808,158.10734099660908,265.16475030530194,0.6739827789971299,1.9947533044092423,1182
core,NORMAL,20,BASIC_SURGE,ADVANCED_HEURISTIC,5830,3091,506,789,1413,4.350048527984471,2.0,10.0,0.2221269296740995,0.530188679245283,0.530188679245283,0.530188679245283,111.49686916439514,1.0020805751188382,1.506002895711719,344636.8225871454,86159.20564678634,258477.61694035903,27.874217291098784,260,1655.25,1006.85,0.5689587559631086,148.3013967248448,256.7190911658728,0.6860955056179775,1.8673916326838846,1295
core,NORMAL,20,AGGRESSIVE_SURGE,NEAREST_DRIVER,5830,3266,374,570,1584,3.7627066748315983,2.0,9.0,0.16192109777015437,0.5602058319039451,0.5602058319039451,0.5602058319039451,118.9579979383167,1.0725214101725573,1.2893492171034422,388516.8212665423,97129.20531663558,291387.61594990676,29.739499484579174,260,1656.15,1002.8166666666667,0.5631137206444047,164.86434815018836,290.56917942785157,0.6797190517998244,1.9720435950849862,944
core,NORMAL,20,AGGRESSIVE_SURGE,ETA_OPTIMIZED,5830,3341,352,517,1591,3.855731816821311,2.0,8.0,0.1490566037735849,0.5730703259005145,0.5730703259005145,0.5730703259005145,118.8370671868646,1.070225183966603,1.1749184601857487,397034.64147131465,99258.66036782866,297775.981103486,29.70926679671615,260,1654.4166666666667,995.45,0.5599717746892222,168.92739332328486,299.1370547023818,0.6938593359514459,2.0194429053543543,869
core,NORMAL,20,AGGRESSIVE_SURGE,DRIVER_EARNINGS_AWARE,5830,3278,365,586,1570,3.7446613788895666,2.0,9.0,0.16312178387650086,0.5622641509433962,0.5622641509433962,0.5622641509433962,119.00274543846218,1.0706737754336229,1.2900436524680723,390090.99954727903,97522.74988681976,292568.2496604593,29.750686359615546,260,1651.6666666666667,1011.8166666666667,0.5793000477544401,168.66368721770232,289.15144343717657,0.6879858657243816,1.9846619576185671,951
core,NORMAL,20,AGGRESSIVE_SURGE,MARKETPLACE_AWARE,5830,3277,376,548,1597,3.736954531583766,2.0,9.0,0.15849056603773584,0.5620926243567753,0.5620926243567753,0.5620926243567753,119.16232936522655,1.0721279943666853,1.2836482413605546,390494.9533298474,97623.73833246186,292871.21499738557,29.79058234130664,260,1654.0666666666666,1005.35,0.5697977684096434,166.75014715489021,291.31269209467905,0.6855770940778944,1.9811777034379914,924
core,NORMAL,20,AGGRESSIVE_SURGE,ADVANCED_HEURISTIC,5830,2993,360,786,1654,4.275977280320748,2.0,10.0,0.19656946826758148,0.5133790737564322,0.5133790737564322,0.5133790737564322,117.63374158445524,1.0572777203928465,1.493812093277256,352077.78856227454,88019.44714056863,264058.3414217059,29.40843539611381,260,1654.8166666666666,978.1,0.5512399123994651,150.67006705222224,269.9706997461465,0.6829006266786034,1.8086595695394254,1146
core,NORMAL,20,CAPPED_SMOOTHED_SURGE,NEAREST_DRIVER,5830,3293,513,662,1331,4.138779228666869,2.0,10.0,0.20154373927958832,0.5648370497427101,0.5648370497427101,0.5648370497427101,112.64488792101474,1.016847838377736,1.4104831474582598,370939.61592390155,92734.90398097539,278204.71194292617,28.161221980253686,260,1654.35,1032.15,0.5814208822259058,158.40169969287118,269.5390320621287,0.6778968861664114,1.9905098679239581,1175
core,NORMAL,20,CAPPED_SMOOTHED_SURGE,ETA_OPTIMIZED,5830,3372,497,607,1325,4.222716488730724,3.0,9.0,0.18936535162950258,0.5783876500857633,0.5783876500857633,0.5783876500857633,113.1420482036712,1.019360085353796,1.2626876331059924,381514.98654277925,95378.74663569481,286136.23990708444,28.2855120509178,260,1659.2,1025.9166666666667,0.5747057976853848,161.3471784727491,278.9078774173514,0.6868357901954062,2.032304725168756,1104
core,NORMAL,20,CAPPED_SMOOTHED_SURGE,DRIVER_EARNINGS_AWARE,5830,3276,521,654,1346,4.130952380952381,2.0,10.0,0.20154373927958832,0.5619210977701544,0.5619210977701544,0.5619210977701544,112.7505056146032,1.0162194243023333,1.400185779541705,369370.6563934401,92342.66409836002,277027.9922950801,28.1876264036508,260,1652.75,1034.2333333333333,0.5890039651891934,158.92553109743042,267.8583094998679,0.6729559748427673,1.982150960520345,1175
core,NORMAL,20,CAPPED_SMOOTHED_SURGE,MARKETPLACE_AWARE,5830,3298,512,667,1319,4.104608853850818,2.0,10.0,0.20222984562607205,0.5656946826758148,0.5656946826758148,0.5656946826758148,112.69778714320508,1.0155786513731249,1.3920350499846585,371677.30199829035,92919.32549957259,278757.9764987178,28.17444678580127,260,1652.8666666666666,1041.35,0.5863831239008214,158.2980672969324,267.6890349053803,0.6802246426140232,1.995321260033074,1179
core,NORMAL,20,CAPPED_SMOOTHED_SURGE,ADVANCED_HEURISTIC,5830,3128,492,767,1408,4.45076726342711,2.0,11.0,0.21595197255574614,0.5365351629502573,0.5365351629502573,0.5365351629502573,111.76627654604417,1.0090407529942242,1.527927601588332,349604.9130360262,87401.22825900654,262203.68477701966,27.941569136511042,260,1656.2,1009.85,0.5714888940893204,149.94037538310974,259.646170002495,0.6788800553059108,1.8886607897596908,1259
core,NORMAL,21,NO_SURGE,NEAREST_DRIVER,5963,3205,626,760,1340,4.364742589703588,2.0,11.0,0.23243333892336074,0.5374811336575549,0.5374811336575549,0.5374811336575549,110.07464159164921,1.0,1.4077083183593322,352789.2263012357,88197.30657530893,264591.9197259268,27.518660397912303,260,1683.5,1019.6833333333333,0.5608421001643809,147.98082908308461,259.48440175145237,0.6821440764766131,1.9037719037719039,1386
core,NORMAL,21,NO_SURGE,ETA_OPTIMIZED,5963,3355,562,682,1333,4.182414307004471,3.0,9.0,0.20861982223712897,0.562636256917659,0.562636256917659,0.562636256917659,110.5229312550737,1.0,1.239098537708221,370804.43436077225,92701.10859019306,278103.32577057916,27.630732813768425,260,1690.85,1016.3666666666667,0.5613289760112231,155.46662935128484,273.6249966586,0.6913139554648988,1.9842091255877223,1244
core,NORMAL,21,NO_SURGE,DRIVER_EARNINGS_AWARE,5963,3251,601,753,1326,4.276222700707475,2.0,11.0,0.22706691262787188,0.5451953714573201,0.5451953714573201,0.5451953714573201,110.30516559368223,1.0,1.4032438668629426,358602.09334506094,89650.52333626524,268951.5700087957,27.576291398420558,260,1682.1166666666666,1028.1666666666667,0.5764970101923906,153.5796142702718,261.58363106707316,0.6967708513210153,1.9326840191425487,1354
core,NORMAL,21,NO_SURGE,MARKETPLACE_AWARE,5963,3231,616,743,1341,4.220984215413185,2.0,10.0,0.22790541673654202,0.5418413550226396,0.5418413550226396,0.5418413550226396,110.47633576572575,1.0,1.374691974518848,356949.0408590599,89237.26021476497,267711.7806442949,27.619083941431438,260,1685.4333333333334,1017.4666666666667,0.5615272585594375,149.94467038700273,263.11602081407574,0.6887895460797799,1.9170144176571802,1359
core,NORMAL,21,NO_SURGE,ADVANCED_HEURISTIC,5963,3034,562,866,1466,4.41331575477917,2.0,11.0,0.23947677343618984,0.5088042931410364,0.5088042931410364,0.5088042931410364,110.28273627734421,1.0,1.5025508731515784,334597.82186546235,83649.45546636559,250948.36639909676,27.570684069336053,260,1685.8333333333333,985.55,0.5426700146642263,140.6079020639402,254.6277372016608,0.6850722870580038,1.7997034107760752,1428
core,NORMAL,21,BASIC_SURGE,NEAREST_DRIVER,5963,3226,531,763,1411,4.302851828890266,2.0,11.0,0.2170048633238303,0.5410028509139695,0.5410028509139695,0.5410028509139695,111.26595003866916,1.0114217314775003,1.4395914078326222,358943.9548247467,89735.98870618668,269207.96611856006,27.81648750966729,260,1684.6833333333334,1017.55,0.5613740595100958,150.32519089379034,264.5648529492998,0.6856558076070272,1.9148999317379132,1294
core,NORMAL,21,BASIC_SURGE,ETA_OPTIMIZED,5963,3336,505,673,1417,4.282673860911271,3.0,10.0,0.19755156800268323,0.5594499413047124,0.5594499413047124,0.5594499413047124,111.29443320781466,1.0075415726963841,1.2794818380529995,371278.2291812697,92819.55729531743,278458.6718859523,27.823608301953666,260,1689.2333333333333,1017.65,0.5599481478837847,154.95962240483186,273.629117954063,0.6954201101928374,1.9748603903151332,1178
core,NORMAL,21,BASIC_SURGE,DRIVER_EARNINGS_AWARE,5963,3248,530,741,1410,4.207512315270936,2.0,11.0,0.21314774442394768,0.5446922689921181,0.5446922689921181,0.5446922689921181,110.87669238434195,1.009234834078433,1.398175531630348,360127.49686434265,90031.87421608566,270095.622648257,27.719173096085488,260,1681.6666666666667,1022.65,0.5760834079229638,155.41942573951792,264.1134529391844,0.687168973176149,1.9314172447968285,1271
core,NORMAL,21,BASIC_SURGE,MARKETPLACE_AWARE,5963,3227,544,725,1437,4.237372172296251,2.0,11.0,0.2128123427804796,0.5411705517357035,0.5411705517357035,0.5411705517357035,111.74499659626511,1.0113024798886145,1.3917111500116106,360601.1040161475,90150.27600403687,270450.8280121106,27.936249149066278,260,1686.4166666666667,1017.8,0.5610922331817576,151.24045754141744,265.7209943133333,0.6909595696685754,1.9135247319266688,1269
core,NORMAL,21,BASIC_SURGE,ADVANCED_HEURISTIC,5963,3088,501,856,1485,4.387629533678757,2.0,11.0,0.22757001509307395,0.5178601375146739,0.5178601375146739,0.5178601375146739,110.27344665683239,1.0026590275886582,1.4888248231520491,340524.4032762984,85131.1008190746,255393.30245722382,27.568361664208098,260,1685.5166666666667,991.7666666666667,0.5454673440879595,142.71013887644438,257.5134969151586,0.6858720027600483,1.8320791844241628,1357
core,NORMAL,21,AGGRESSIVE_SURGE,NEAREST_DRIVER,5963,3231,376,618,1710,3.9495512225317237,2.0,10.0,0.16669461680362233,0.5418413550226396,0.5418413550226396,0.5418413550226396,119.2893869000152,1.0784578778457676,1.3390091963674104,385424.0090739491,96356.00226848728,289068.00680546183,29.8223467250038,260,1684.5666666666666,999.9666666666667,0.5512028142929271,160.41180201083202,289.0776427268861,0.6896244883431215,1.918000672774403,994
core,NORMAL,21,AGGRESSIVE_SURGE,ETA_OPTIMIZED,5963,3331,355,592,1656,3.8802161513059144,2.0,9.0,0.15881267818212308,0.5586114371960422,0.5586114371960422,0.5586114371960422,118.5260506098148,1.0685674031269383,1.1880723307821675,394810.2745812931,98702.56864532328,296107.70593596983,29.6315126524537,260,1686.65,995.9666666666667,0.5501413309160391,165.36161382154643,297.30684353824074,0.7038488952245189,1.9749207007974385,947
core,NORMAL,21,AGGRESSIVE_SURGE,DRIVER_EARNINGS_AWARE,5963,3237,378,624,1694,3.9391411801050356,2.0,10.0,0.16803622337749455,0.5428475599530438,0.5428475599530438,0.5428475599530438,117.9921414326482,1.0701575822486875,1.3520671554480477,381940.56181748223,95485.14045437056,286455.4213631117,29.49803535816205,260,1683.05,1004.7333333333333,0.5622866245586227,161.85660477033252,285.10592000840523,0.6963135289906943,1.9232940197855084,1002
core,NORMAL,21,AGGRESSIVE_SURGE,MARKETPLACE_AWARE,5963,3204,378,634,1717,3.9166666666666665,2.0,10.0,0.1697132315948348,0.5373134328358209,0.5373134328358209,0.5373134328358209,118.92581464503914,1.0777585426686798,1.3398380420967755,381038.3101227054,95259.57753067635,285778.73259202903,29.731453661259785,260,1682.9833333333333,994.7,0.5525497345482377,160.8034663977542,287.3014301719403,0.6933142140168489,1.9037621683716417,1012
core,NORMAL,21,AGGRESSIVE_SURGE,ADVANCED_HEURISTIC,5963,3050,381,771,1730,4.161967213114754,2.0,10.0,0.19319134663759852,0.5114875062887808,0.5114875062887808,0.5114875062887808,116.74618724812059,1.0529839268319654,1.4370489431561777,356075.8711067678,89018.96777669195,267056.90333007585,29.186546812030148,260,1684.75,976.2166666666667,0.5398887588387715,149.4948864288021,273.5631468390649,0.6857753249065337,1.8103576198248998,1152
core,NORMAL,21,CAPPED_SMOOTHED_SURGE,NEAREST_DRIVER,5963,3218,526,738,1451,4.272840273461777,2.0,11.0,0.2119738386718095,0.5396612443400972,0.5396612443400972,0.5396612443400972,113.50828306467972,1.0268280446747593,1.4124876808698938,365269.65490213933,91317.41372553483,273952.2411766045,28.37707076616993,260,1685.5,1017.45,0.5623333227397781,153.5288070964941,269.25376301204426,0.6860585197934596,1.9092257490358944,1264
core,NORMAL,21,CAPPED_SMOOTHED_SURGE,ETA_OPTIMIZED,5963,3340,488,697,1407,4.187125748502994,3.0,9.0,0.19872547375482139,0.5601207445916485,0.5601207445916485,0.5601207445916485,111.98424379909011,1.0167285562801978,1.2548043809665916,374027.37428896094,93506.84357224024,280520.53071672074,27.996060949772527,260,1692.5333333333333,1010.9,0.5542397863933939,155.75214663352313,277.49582621102064,0.6870461070765074,1.9733732472034031,1185
core,NORMAL,21,CAPPED_SMOOTHED_SURGE,DRIVER_EARNINGS_AWARE,5963,3267,512,710,1441,4.1842669115396385,2.0,10.0,0.20493040415898037,0.5478785846050646,0.5478785846050646,0.5478785846050646,112.85532235880581,1.0253601672803092,1.38593264289532,368698.33814621856,92174.58453655464,276523.7536096639,28.213830589701452,260,1683.4166666666667,1019.65,0.5713682217845966,156.7443899026849,271.19477625622903,0.6944396327732548,1.9406960051482598,1222
core,NORMAL,21,CAPPED_SMOOTHED_SURGE,MARKETPLACE_AWARE,5963,3265,540,687,1438,4.215007656967841,2.0,11.0,0.2057689082676505,0.5475431829615965,0.5475431829615965,0.5475431829615965,113.91830347924248,1.0303677946428884,1.3851900161122208,371943.2608597267,92985.81521493167,278957.445644795,28.47957586981062,260,1682.4,1021.0833333333334,0.5638586226732087,155.84594469522537,273.1975310321995,0.6966940703165996,1.940679980979553,1227
core,NORMAL,21,CAPPED_SMOOTHED_SURGE,ADVANCED_HEURISTIC,5963,3133,486,817,1494,4.354293009894669,2.0,11.0,0.21851417071943652,0.5254066744927051,0.5254066744927051,0.5254066744927051,111.3313117191158,1.0087268911101859,1.4763056209502106,348800.9996159898,87200.24990399745,261600.74971199234,27.83282792977895,260,1688.6166666666666,1008.5166666666667,0.5534173002539297,145.58750978773926,259.3915979362354,0.6873166522864539,1.8553648449914626,1303
core,NORMAL,22,NO_SURGE,NEAREST_DRIVER,5902,3519,550,548,1266,3.8275078147200907,2.0,9.0,0.1860386309725517,0.5962385631989157,0.5962385631989157,0.5962385631989157,110.67946037745824,1.0,1.2906506353184004,389481.02106827556,97370.25526706889,292110.7658012067,27.66986509436456,260,1775.9833333333333,1074.95,0.5725181809981416,156.927627844672,271.7435841678279,0.6897366644159352,1.9814375134901792,1098
core,NORMAL,22,NO_SURGE,ETA_OPTIMIZED,5902,3476,515,593,1300,3.9683544303797467,2.0,9.0,0.18773297187394103,0.5889528973229414,0.5889528973229414,0.5889528973229414,111.12026731905553,1.0,1.205685565504703,386254.04920103704,96563.51230025926,289690.5369007778,27.780066829763882,260,1778.9,1048.95,0.5582418112473917,155.87982941893634,276.17192135066284,0.6947797993538514,1.9540165270672887,1108
core,NORMAL,22,NO_SURGE,DRIVER_EARNINGS_AWARE,5902,3482,529,598,1276,3.823090178058587,2.0,9.900000000000091,0.19095221958658082,0.589969501863775,0.589969501863775,0.589969501863775,110.72377086557896,1.0,1.299510141986881,385540.1701539459,96385.04253848648,289155.12761545944,27.68094271639474,260,1774.8833333333334,1069.5333333333333,0.5777550044635633,158.01743152369713,270.3563494503454,0.6915414485902415,1.9618190867005343,1127
core,NORMAL,22,NO_SURGE,MARKETPLACE_AWARE,5902,3486,535,585,1277,3.7963281698221456,2.0,9.0,0.18976618095560827,0.5906472382243307,0.5906472382243307,0.5906472382243307,111.02096260865946,1.0,1.2937114386126287,387019.0756537869,96754.76891344672,290264.3067403402,27.755240652164865,260,1776.2666666666667,1073.45,0.5726636354851059,156.97155896240506,270.40319226823806,0.6983097148710944,1.9625431616874343,1120
core,NORMAL,22,NO_SURGE,ADVANCED_HEURISTIC,5902,3378,528,659,1319,3.876850207223209,2.0,10.0,0.20111826499491697,0.5723483564893257,0.5723483564893257,0.5723483564893257,110.75685008908437,1.0,1.3461877465541896,374136.639600927,93534.15990023175,280602.47970069526,27.68921252227109,260,1775.2333333333333,1050.4833333333333,0.5614462123735144,151.51991001539267,267.1174980095149,0.6916908377409998,1.9028484518467055,1187
core,NORMAL,22,BASIC_SURGE,NEAREST_DRIVER,5902,3503,483,570,1327,3.760491007707679,2.0,9.0,0.17841409691629956,0.5935276177566926,0.5935276177566926,0.5935276177566926,111.65378335468179,1.0049704673752329,1.2895379670003357,391123.2030914503,97780.80077286258,293342.40231858776,27.913445838670448,260,1774.65,1075.1333333333334,0.5723674884259305,157.57783022042372,272.8428123506427,0.693977947413062,1.9739103485194263,1053
core,NORMAL,22,BASIC_SURGE,ETA_OPTIMIZED,5902,3533,459,553,1338,3.904896688366827,2.0,9.0,0.1714672992206032,0.5986106404608608,0.5986106404608608,0.5986106404608608,112.1071449714229,1.0077590050940346,1.192490379838626,396074.5431840371,99018.63579600927,297055.9073880278,28.026786242855724,260,1778.2,1062.6666666666667,0.5670872716123214,160.33328721984643,279.5381813563624,0.6990803814713896,1.986840625351479,1012
core,NORMAL,22,BASIC_SURGE,DRIVER_EARNINGS_AWARE,5902,3481,486,577,1336,3.751508187302499,2.0,9.0,0.18010843781768893,0.589800067773636,0.589800067773636,0.589800067773636,111.63890730139308,1.0072353595703119,1.2836973821584516,388615.0363161493,97153.75907903732,291461.27723711194,27.90972682534827,260,1771.2166666666667,1068.6166666666666,0.5768965629486245,159.47435058559205,272.74633301974075,0.6889564336372846,1.965315743415543,1063
core,NORMAL,22,BASIC_SURGE,MARKETPLACE_AWARE,5902,3500,479,568,1335,3.6517142857142857,2.0,9.0,0.17739749237546595,0.5930193154862758,0.5930193154862758,0.5930193154862758,111.70136340369027,1.0055753042169082,1.2516507438697153,390954.7719129159,97738.69297822898,293216.07893468696,27.925340850922566,260,1775.8333333333333,1069.2666666666667,0.5698981236593984,158.19015028120745,274.22165870816787,0.6881629904024247,1.970905678085406,1047
core,NORMAL,22,BASIC_SURGE,ADVANCED_HEURISTIC,5902,3380,486,645,1374,3.9023668639053253,2.0,10.0,0.19162995594713655,0.5726872246696035,0.5726872246696035,0.5726872246696035,111.48165518902547,1.0031227299602585,1.3536057385020068,376807.9945389061,94201.99863472652,282605.9959041796,27.87041379725637,260,1775.0166666666667,1050.65,0.5645535042509884,153.85613579687052,268.98205482718276,0.6979796235537904,1.9042074722303077,1131
core,NORMAL,22,AGGRESSIVE_SURGE,NEAREST_DRIVER,5902,3454,351,472,1608,3.540822235089751,2.0,9.0,0.13944425618434428,0.5852253473398847,0.5852253473398847,0.5852253473398847,117.80307925090548,1.062454611216959,1.2191965350106204,406891.83573262754,101722.95893315689,305168.8767994706,29.45076981272637,260,1771.1333333333334,1033.9166666666667,0.5537390903836067,164.6688458595999,295.1580979764365,0.6948017621145375,1.9501637369669138,823
core,NORMAL,22,AGGRESSIVE_SURGE,ETA_OPTIMIZED,5902,3433,346,470,1634,3.607631808913487,2.0,7.0,0.13825821755337173,0.5816672314469671,0.5816672314469671,0.5816672314469671,117.35456836243304,1.0571912160000614,1.1144788940454975,402878.23318823264,100719.55829705816,302158.6748911745,29.33864209060826,260,1778.9,1014.9166666666666,0.5425628855510983,162.9405568725016,297.7177189173244,0.7062848910498829,1.929844285794592,816
core,NORMAL,22,AGGRESSIVE_SURGE,DRIVER_EARNINGS_AWARE,5902,3467,346,466,1603,3.5226420536486875,2.0,9.0,0.137580481192816,0.5874279905116909,0.5874279905116909,0.5874279905116909,117.57690576275567,1.0601914965336816,1.2192553185353883,407639.13227947394,101909.78306986848,305729.3492096055,29.394226440688918,260,1773.0833333333333,1045.4166666666667,0.569897977520757,167.06874540116894,292.44736472819966,0.7052105638829408,1.9553508483338817,812
core,NORMAL,22,AGGRESSIVE_SURGE,MARKETPLACE_AWARE,5902,3471,341,459,1613,3.502160760587727,2.0,9.0,0.13554727211114875,0.5881057268722467,0.5881057268722467,0.5881057268722467,118.45744985174409,1.0666424026343864,1.1996496559825416,411165.80843540374,102791.45210885094,308374.3563265528,29.614362462936022,260,1775.15,1035.3666666666666,0.5526959553610602,165.45898562949836,297.84072276477207,0.6895527603074773,1.955327718784328,800
core,NORMAL,22,AGGRESSIVE_SURGE,ADVANCED_HEURISTIC,5902,3364,345,568,1606,3.741973840665874,2.0,9.0,0.15469332429684854,0.5699762792273806,0.5699762792273806,0.5699762792273806,116.7568317735657,1.0490594586369113,1.3120708256656166,392769.982086275,98192.49552156875,294577.48656470625,29.189207943391423,260,1774.0,1038.2833333333333,0.5536064775077932,158.72582649661396,283.7158963334089,0.702846975088968,1.8962795941375423,913
core,NORMAL,22,CAPPED_SMOOTHED_SURGE,NEAREST_DRIVER,5902,3475,481,575,1352,3.8071942446043168,2.0,9.0,0.17892239918671637,0.5887834632328024,0.5887834632328024,0.5887834632328024,112.4774612013233,1.0151935461091672,1.3014673175086968,390859.17767459847,97714.79441864962,293144.38325594884,28.119365300330823,260,1774.9833333333333,1069.15,0.5742338960184719,159.40071158114986,274.18452345877455,0.6851321771341977,1.9577648616418932,1056
core,NORMAL,22,CAPPED_SMOOTHED_SURGE,ETA_OPTIMIZED,5902,3461,461,585,1374,3.865067899451026,2.0,9.0,0.177228058285327,0.5864113859708573,0.5864113859708573,0.5864113859708573,112.90072852704726,1.0151271920244176,1.1791289567822327,390749.4214321106,97687.35535802765,293062.066074083,28.225182131761816,260,1778.5,1043.9333333333334,0.5563100647474339,157.41393352186105,280.72871774131454,0.7021754143646409,1.9460219285915097,1046
core,NORMAL,22,CAPPED_SMOOTHED_SURGE,DRIVER_EARNINGS_AWARE,5902,3482,475,574,1352,3.6883974727168294,2.0,9.0,0.17773636055574382,0.589969501863775,0.589969501863775,0.589969501863775,112.09638139499242,1.0119976336501348,1.2602351070952056,390319.6000173636,97579.9000043409,292739.7000130227,28.024095348748105,260,1772.6166666666666,1062.8333333333333,0.5726078038764209,159.83334016142885,275.4333072099947,0.6866048862679023,1.9643276888216104,1049
core,NORMAL,22,CAPPED_SMOOTHED_SURGE,MARKETPLACE_AWARE,5902,3512,481,554,1337,3.751993166287016,2.0,9.0,0.17536428329379872,0.5950525245679431,0.5950525245679431,0.5950525245679431,112.64881868421925,1.0167270730928546,1.2811264909352245,395622.651218978,98905.6628047445,296716.9884142335,28.162204671054813,260,1773.8833333333334,1073.1666666666667,0.5707685550879192,159.44659241525883,276.4873319592174,0.6855271994627267,1.9798370806046997,1035
core,NORMAL,22,CAPPED_SMOOTHED_SURGE,ADVANCED_HEURISTIC,5902,3312,468,678,1424,3.9447463768115942,2.0,10.0,0.1941714672992206,0.5611657065401559,0.5611657065401559,0.5611657065401559,111.7849374259047,1.0039733390964445,1.3724458240018431,370231.7127545964,92557.9281886491,277673.78456594725,27.946234356476175,260,1772.7666666666667,1042.3333333333333,0.5585284373603011,150.84589829633097,266.39633952601275,0.6950944704454844,1.868266175281575,1146
core,NORMAL,23,NO_SURGE,NEAREST_DRIVER,5857,3143,574,727,1389,4.503022589882278,2.0,11.0,0.22212736896021854,0.5366228444596209,0.5366228444596209,0.5366228444596209,111.1923894464392,1.0,1.4971200997146836,349477.6800301584,87369.4200075396,262108.26002261878,27.7980973616098,260,1678.1333333333334,1022.45,0.5657387245193253,147.80334302643638,256.35313220462496,0.6850255146929438,1.8729143492769742,1301
core,NORMAL,23,NO_SURGE,ETA_OPTIMIZED,5857,3268,542,685,1338,4.314565483476132,3.0,10.0,0.20949291446132834,0.557964828410449,0.557964828410449,0.557964828410449,111.30223580350031,1.0,1.2892338994126327,363735.706605839,90933.92665145975,272801.77995437925,27.825558950875077,260,1683.8,1009.55,0.5578527520319118,152.6580423830014,270.2211678018714,0.6765356474391696,1.9408480817199192,1227
core,NORMAL,23,NO_SURGE,DRIVER_EARNINGS_AWARE,5857,3194,573,721,1347,4.427050720100188,2.0,11.0,0.22093221785897216,0.5453303739115588,0.5453303739115588,0.5453303739115588,110.72119316902308,1.0,1.4621518182496567,353643.49098185974,88410.87274546493,265232.61823639483,27.68029829225577,260,1676.5333333333333,1022.7833333333333,0.5779831090299801,153.20669911695452,259.32434523740267,0.6847599164926931,1.9051216796564339,1294
core,NORMAL,23,NO_SURGE,MARKETPLACE_AWARE,5857,3216,568,699,1350,4.368781094527363,2.0,11.0,0.2163223493255933,0.5490865630869045,0.5490865630869045,0.5490865630869045,110.77403743803971,1.0,1.4671118845339655,356249.3044007357,89062.32610018393,267186.97830055177,27.693509359509928,260,1678.3833333333334,1026.15,0.569658009214921,151.4149778702925,260.3780912152724,0.6855849582172702,1.916129608849786,1267
core,NORMAL,23,NO_SURGE,ADVANCED_HEURISTIC,5857,2982,526,865,1458,4.450368879946344,2.0,11.0,0.23749359740481474,0.5091343691309544,0.5091343691309544,0.5091343691309544,111.40678169117989,1.0,1.528165462215751,332215.02300309844,83053.75575077461,249161.26725232383,27.851695422794972,260,1678.1333333333334,987.6166666666667,0.5515257720270066,142.023533831229,252.2854014739091,0.6833098094565985,1.7769744160177974,1391
core,NORMAL,23,BASIC_SURGE,NEAREST_DRIVER,5857,3149,511,744,1436,4.422991425849476,2.0,11.0,0.21427351886631382,0.5376472596892607,0.5376472596892607,0.5376472596892607,111.61825205752062,1.0073984807212502,1.4922525861887035,351485.87572913244,87871.46893228311,263614.40679684933,27.904563014380155,260,1678.1166666666666,1012.0833333333334,0.5583945159068454,148.4345643209136,260.4670960528771,0.6921579040538148,1.8765083873787083,1255
core,NORMAL,23,BASIC_SURGE,ETA_OPTIMIZED,5857,3300,486,687,1365,4.199393939393939,3.0,10.0,0.2002731773945706,0.563428376301861,0.563428376301861,0.563428376301861,112.1740082097388,1.0062174614636819,1.275837267759692,370174.227092138,92543.5567730345,277630.6703191035,28.0435020524347,260,1683.2,1018.6666666666666,0.5626635891025372,155.54054922029556,272.5431973027849,0.6873713109128345,1.960551330798479,1173
core,NORMAL,23,BASIC_SURGE,DRIVER_EARNINGS_AWARE,5857,3196,506,718,1414,4.259073842302879,2.0,10.0,0.20898070684650846,0.5456718456547721,0.5456718456547721,0.5456718456547721,111.80413817256064,1.0093349508852507,1.4318591909035085,357326.02559950383,89331.50639987596,267994.51919962786,27.95103454314016,260,1677.9833333333333,1015.8666666666667,0.5699326182426142,153.77768879429618,263.8087536418439,0.6813224857192315,1.9046673089720796,1224
core,NORMAL,23,BASIC_SURGE,MARKETPLACE_AWARE,5857,3164,536,698,1436,4.447850821744627,2.0,11.0,0.2106880655625747,0.5402082977633601,0.5402082977633601,0.5402082977633601,112.15374769032901,1.0078832539686042,1.4811970122755809,354854.457692201,88713.61442305025,266140.84326915076,28.038436922582253,260,1677.2166666666667,1019.35,0.565415427880113,150.256872996892,261.0887754639238,0.6886524822695036,1.8864587163256585,1234
core,NORMAL,23,BASIC_SURGE,ADVANCED_HEURISTIC,5857,3048,486,829,1470,4.441601049868766,2.0,11.0,0.2245176711627113,0.5204029366569917,0.5204029366569917,0.5204029366569917,111.31983598477798,1.0025570437877418,1.51671083504695,339302.8600816033,84825.71502040082,254477.14506120246,27.829958996194495,260,1678.8833333333334,993.3833333333333,0.5520465047855305,144.1569124446668,256.172150792278,0.6877093986951155,1.8154924404117816,1315
core,NORMAL,23,AGGRESSIVE_SURGE,NEAREST_DRIVER,5857,3158,352,639,1687,3.953451551614946,2.0,10.0,0.16919924876216494,0.5391838825337203,0.5391838825337203,0.5391838825337203,119.05404596584437,1.070129595654162,1.3639993115492617,375972.6771601365,93993.16929003413,281979.5078701024,29.76351149146109,260,1678.7,993.1,0.5501648304862427,158.28025159449325,283.9386847951892,0.693369663941871,1.8812176088640018,991
core,NORMAL,23,AGGRESSIVE_SURGE,ETA_OPTIMIZED,5857,3265,330,575,1662,3.9007656967840734,2.0,9.0,0.1545159638039952,0.5574526207956292,0.5574526207956292,0.5574526207956292,118.99873206274916,1.0701758711870828,1.1925663799967952,388530.860184876,97132.715046219,291398.145138657,29.74968301568729,260,1682.05,987.7833333333333,0.5463661372551618,162.87361904916756,295.00208730523593,0.6989150090415913,1.9410837965577719,905
core,NORMAL,23,AGGRESSIVE_SURGE,DRIVER_EARNINGS_AWARE,5857,3167,359,592,1713,3.9608462267129774,2.0,9.400000000000091,0.16236981389789995,0.54072050537818,0.54072050537818,0.54072050537818,119.00561121275742,1.0722768007429422,1.3665565923014351,376890.77071080275,94222.69267770069,282668.0780331021,29.751402803189354,260,1677.8,991.6833333333333,0.5573069542425456,161.27800604847982,285.03864946784296,0.6957161242875528,1.8875908928358565,951
core,NORMAL,23,AGGRESSIVE_SURGE,MARKETPLACE_AWARE,5857,3189,346,636,1662,3.9476324866729384,2.0,10.0,0.1676626259177053,0.5444766945535257,0.5444766945535257,0.5444766945535257,118.39681624430716,1.0644807890023644,1.3548158632177,377567.4470030955,94391.86175077388,283175.5852523217,29.59920406107679,260,1676.8666666666666,1002.2,0.556858703586111,159.42294989967215,282.5539665259645,0.6888650196920874,1.9017612213254882,982
core,NORMAL,23,AGGRESSIVE_SURGE,ADVANCED_HEURISTIC,5857,2969,337,769,1757,4.381273155944762,2.0,11.0,0.18883387399692675,0.5069148028000683,0.5069148028000683,0.5069148028000683,117.51438906787614,1.0546665608500496,1.524591373850566,348900.2211425243,87225.05528563107,261675.1658568932,29.378597266969035,260,1680.0,973.8166666666667,0.5408696337228355,147.76299609360214,268.71091326932844,0.7008196721311475,1.7672619047619047,1106
core,NORMAL,23,CAPPED_SMOOTHED_SURGE,NEAREST_DRIVER,5857,3161,498,727,1449,4.405251502689023,2.0,11.0,0.2091514427181151,0.5396960901485403,0.5396960901485403,0.5396960901485403,112.80800167306367,1.0158096513109867,1.4882447370807237,356586.0932885543,89146.52332213857,267439.5699664157,28.202000418265918,260,1675.2666666666667,1020.3666666666667,0.5666582078689484,151.32850532774802,262.1014373588733,0.6925939050318922,1.8868637828803374,1225
core,NORMAL,23,CAPPED_SMOOTHED_SURGE,ETA_OPTIMIZED,5857,3299,492,648,1396,4.268566232191573,3.0,10.0,0.19463889363155198,0.5632576404302544,0.5632576404302544,0.5632576404302544,113.14148639745775,1.0175990201417817,1.283495289752056,373253.7636252131,93313.44090630328,279940.3227189098,28.28537159936444,260,1684.0333333333333,1014.2666666666667,0.5597163964232095,156.5524472428499,276.0026844211678,0.6786386180947495,1.9589873517943035,1140
core,NORMAL,23,CAPPED_SMOOTHED_SURGE,DRIVER_EARNINGS_AWARE,5857,3194,503,722,1417,4.24264245460238,2.0,10.0,0.2091514427181151,0.5453303739115588,0.5453303739115588,0.5453303739115588,112.87119054293218,1.0173262681314845,1.4313212016054522,360510.5825941254,90127.64564853135,270382.93694559403,28.217797635733046,260,1676.1166666666666,1019.6333333333333,0.5786247893895888,156.35684336095022,265.17663566536413,0.6908899420747762,1.9055952747919298,1225
core,NORMAL,23,CAPPED_SMOOTHED_SURGE,MARKETPLACE_AWARE,5857,3167,505,705,1455,4.406694032207136,2.0,11.0,0.2065904046440157,0.54072050537818,0.54072050537818,0.54072050537818,113.6616045364683,1.0230159625827784,1.4790386497173418,359966.3015669951,89991.57539174877,269974.7261752463,28.415401134117076,260,1679.05,1018.4,0.5638588266269178,152.05636196413107,265.09694243445244,0.6810555749737854,1.8861856406896758,1210
core,NORMAL,23,CAPPED_SMOOTHED_SURGE,ADVANCED_HEURISTIC,5857,3031,482,787,1534,4.632464533157374,2.0,11.0,0.21666382106880655,0.517500426839679,0.517500426839679,0.517500426839679,111.99790814922574,1.0081323168401068,1.574443397762786,339465.6596003032,84866.4149000758,254599.2447002274,27.999477037306434,260,1679.9666666666667,994.8,0.5478828287253936,143.25186665304201,255.93008112206212,0.6838261489134307,1.8042024643346097,1269
robustness,PEAK_DEMAND,0,NO_SURGE,NEAREST_DRIVER,9464,4032,1576,1286,2531,6.149801587301587,4.0,14.0,0.30240912933220626,0.4260355029585799,0.4260355029585799,0.4260355029585799,110.40710227997711,1.0,1.6645034205508882,445161.4363928677,111290.35909821693,333871.0772946508,27.601775569994278,260,1698.2166666666667,1361.8333333333333,0.7575652364825987,190.58787416695503,245.1629499165224,0.6961268520925397,2.3742553462946425,2862
robustness,PEAK_DEMAND,0,NO_SURGE,ETA_OPTIMIZED,9464,4219,1231,1382,2596,6.069210713439204,4.0,13.0,0.2760989010989011,0.44579459002535926,0.44579459002535926,0.44579459002535926,110.34789215502217,1.0,1.4878708836100876,465557.75700203853,116389.43925050963,349168.3177515289,27.58697303875554,260,1715.0,1363.15,0.7444140902782493,194.67781294941472,256.1481258493408,0.6943452014290994,2.4600583090379007,2613
robustness,PEAK_DEMAND,0,NO_SURGE,DRIVER_EARNINGS_AWARE,9464,4002,1627,1245,2552,6.274862568715642,4.0,14.0,0.30346576500422656,0.42286559594251905,0.42286559594251905,0.42286559594251905,110.55364460582686,1.0,1.679965206671943,442435.6857125191,110608.92142812978,331826.7642843893,27.638411151456715,260,1697.65,1351.5333333333333,0.7649676682504882,192.97696772786495,245.51874237980758,0.6943093704823236,2.3573763732218067,2872
robustness,PEAK_DEMAND,0,NO_SURGE,MARKETPLACE_AWARE,9464,4076,1616,1228,2504,6.1707556427870465,4.0,14.0,0.30050718512256974,0.43068469991546915,0.43068469991546915,0.43068469991546915,109.53666159144424,1.0,1.673532204029016,446471.4326467267,111617.85816168168,334853.57448504504,27.38416539786106,260,1698.8166666666666,1358.8833333333334,0.760122188148563,192.97494620617738,246.41819225470297,0.6917001165350253,2.3993171717568114,2844
robustness,PEAK_DEMAND,0,NO_SURGE,ADVANCED_HEURISTIC,9464,3846,1213,1559,2805,6.3606344253770155,4.0,14.0,0.29289940828402367,0.4063820794590025,0.4063820794590025,0.4063820794590025,110.53026717995085,1.0,1.766194760218161,425099.407574091,106274.85189352275,318824.5556805682,27.632566794987714,260,1708.2833333333333,1340.6166666666666,0.7410158618204962,182.1208391317401,237.8193286775252,0.6939347604485219,2.2513829673063603,2772
robustness,PEAK_DEMAND,0,BASIC_SURGE,NEAREST_DRIVER,9464,4010,1117,1285,3010,5.792768079800498,4.0,13.0,0.25380388841927304,0.42371090448013526,0.42371090448013526,0.42371090448013526,117.49028536802035,1.0651389711348307,1.6705962382870738,471136.0443257616,117784.0110814404,353352.03324432124,29.372571342005088,260,1698.3333333333333,1356.5833333333333,0.7525938228237132,199.95383141478584,260.47204367171537,0.6931271924126283,2.3611383709519136,2402
robustness,PEAK_DEMAND,0,BASIC_SURGE,ETA_OPTIMIZED,9464,4258,851,1377,2940,5.379520901831846,4.0,11.0,0.23541842772612004,0.44991546914623837,0.44991546914623837,0.44991546914623837,114.75049550073702,1.0394926908896607,1.4140211937551734,488607.6098421382,122151.90246053455,366455.70738160366,28.687623875184254,260,1720.45,1366.6833333333334,0.7458416893465343,203.4621720146399,268.135052534679,0.6857246464402272,2.474933883576971,2228
robustness,PEAK_DEMAND,0,BASIC_SURGE,DRIVER_EARNINGS_AWARE,9464,4045,1098,1273,3010,5.6726823238566135,4.0,13.0,0.25052831783601015,0.42740912933220626,0.42740912933220626,0.42740912933220626,116.76590649028849,1.0621072352537326,1.6475910448904807,472318.0917532169,118079.52293830423,354238.5688149127,29.19147662257212,260,1699.0833333333333,1356.0666666666666,0.7667041536996687,203.72487547739897,261.2250396845627,0.6938325991189427,2.3806954730491934,2371
robustness,PEAK_DEMAND,0,BASIC_SURGE,MARKETPLACE_AWARE,9464,4100,1124,1210,2994,5.789512195121951,4.0,13.0,0.24661876584953507,0.43322062552831786,0.43322062552831786,0.43322062552831786,118.69999643015866,1.0745134674021746,1.630339916203042,486669.98536365054,121667.49634091264,365002.4890227379,29.674999107539666,260,1701.6166666666666,1368.7833333333333,0.7623564346842403,206.9026824361831,266.66199107923427,0.6909749159555211,2.4094733439768063,2334
robustness,PEAK_DEMAND,0,BASIC_SURGE,ADVANCED_HEURISTIC,9464,3907,816,1551,3152,5.705144612234451,4.0,12.0,0.25010566356720204,0.4128275570583263,0.4128275570583263,0.4128275570583263,114.02216813933546,1.0328414264988892,1.7076859458797562,445484.61092038365,111371.15273009591,334113.45819028775,28.505542034833866,260,1708.2833333333333,1335.8333333333333,0.7363232880872888,188.0629332863701,250.1161259066409,0.6892875062719518,2.287091329502327,2367
robustness,PEAK_DEMAND,0,AGGRESSIVE_SURGE,NEAREST_DRIVER,9464,4100,591,1091,3644,4.786341463414634,3.0,11.0,0.17772612003381233,0.43322062552831786,0.43322062552831786,0.43322062552831786,129.5446349429186,1.1708154849079857,1.5033794485852852,531133.0032659663,132783.25081649158,398349.75244947476,32.38615873572965,260,1697.95,1332.6333333333334,0.7374325100864557,222.719564108071,298.91924694175043,0.6891232696110745,2.414676521687918,1682
robustness,PEAK_DEMAND,0,AGGRESSIVE_SURGE,ETA_OPTIMIZED,9464,4268,534,1138,3484,4.648781630740394,3.0,10.0,0.17666948436179206,0.45097210481825867,0.45097210481825867,0.45097210481825867,124.51001921817915,1.1256607366719595,1.2954750339014323,531408.7620231886,132852.19050579716,398556.5715173915,31.127504804544788,260,1714.3666666666666,1321.5666666666666,0.7216723045196992,220.93846118822916,301.5788620960411,0.6892884274499873,2.489549104625615,1672
robustness,PEAK_DEMAND,0,AGGRESSIVE_SURGE,DRIVER_EARNINGS_AWARE,9464,4090,570,1126,3643,4.7547677261613694,3.0,11.0,0.17920540997464074,0.43216398985629756,0.43216398985629756,0.43216398985629756,128.5955913345777,1.167453017094835,1.5232396831877733,525955.9685584228,131488.9921396057,394466.97641881707,32.148897833644426,260,1695.0166666666667,1328.5166666666667,0.7493615531544845,226.13590743733192,296.9228661681453,0.6986027944111777,2.4129556248217816,1696
robustness,PEAK_DEMAND,0,AGGRESSIVE_SURGE,MARKETPLACE_AWARE,9464,4073,563,1131,3658,4.691873312054996,3.0,11.0,0.17899408284023668,0.4303677092138631,0.4303677092138631,0.4303677092138631,129.61331466107617,1.170811333976864,1.486882732063579,527915.0306145633,131978.75765364082,395936.27296092245,32.40332866526904,260,1699.3666666666666,1324.4666666666667,0.7376356455951665,223.27001602803838,298.9401567631669,0.6901501185146168,2.3967752692179443,1694
robustness,PEAK_DEMAND,0,AGGRESSIVE_SURGE,ADVANCED_HEURISTIC,9464,3863,522,1436,3603,5.222366036758996,3.0,12.0,0.20688926458157228,0.40817836010143704,0.40817836010143704,0.40817836010143704,122.35990668350092,1.1029209907314588,1.664085787727349,472676.3195183641,118169.07987959102,354507.2396387731,30.58997667087523,260,1705.2,1317.6333333333334,0.7307231684260396,200.80300225964254,269.048475528427,0.6878865979381443,2.2654234107436078,1958
robustness,PEAK_DEMAND,0,CAPPED_SMOOTHED_SURGE,NEAREST_DRIVER,9464,4081,1057,1227,3058,5.652536143102181,4.0,13.0,0.24133558748943365,0.4312130177514793,0.4312130177514793,0.4312130177514793,122.94999028775855,1.1182022148243542,1.6145413708252805,501758.9103643427,125439.72759108567,376319.182773257,30.737497571939638,260,1699.5166666666667,1349.8166666666666,0.7516429142587018,211.69799360121002,278.7928109545175,0.6846350832266325,2.4012709495837052,2284
robustness,PEAK_DEMAND,0,CAPPED_SMOOTHED_SURGE,ETA_OPTIMIZED,9464,4247,828,1352,2998,5.457028490699317,4.0,12.0,0.23034657650042265,0.4487531699070161,0.4487531699070161,0.4487531699070161,118.93528198468512,1.0768836731007945,1.4465312891068554,505118.1425889577,126279.53564723942,378838.60694171826,29.73382049617128,260,1723.7333333333333,1361.7333333333333,0.7467098538439869,210.89809376553123,278.2032264822175,0.6933202115881413,2.4638381806930694,2180
robustness,PEAK_DEMAND,0,CAPPED_SMOOTHED_SURGE,DRIVER_EARNINGS_AWARE,9464,4015,1017,1295,3100,5.575342465753424,4.0,13.0,0.24429416737109044,0.4242392223161454,0.4242392223161454,0.4242392223161454,121.54652743082953,1.103103240225691,1.6349361950219439,488009.30763478053,122002.32690869513,366006.98072608537,30.386631857707382,260,1698.7166666666667,1351.2833333333333,0.7647388941372071,209.43454938574,270.8587989635177,0.688611182684875,2.363548953621852,2312
robustness,PEAK_DEMAND,0,CAPPED_SMOOTHED_SURGE,MARKETPLACE_AWARE,9464,4071,1025,1241,3088,5.612134610660771,4.0,13.0,0.23943364327979713,0.430156382079459,0.430156382079459,0.430156382079459,122.14031761179598,1.1081280704073784,1.6420294981276737,497233.2329976214,124308.30824940535,372924.92474821606,30.535079402948995,260,1700.3666666666666,1357.8666666666666,0.7505009012933468,208.69122181303936,274.6403118236077,0.6904208623805835,2.3941894885416874,2266
robustness,PEAK_DEMAND,0,CAPPED_SMOOTHED_SURGE,ADVANCED_HEURISTIC,9464,3866,801,1570,3186,5.693998965338851,4.0,13.0,0.25052831783601015,0.4084953508030431,0.4084953508030431,0.4084953508030431,117.22629674592572,1.0608160806237532,1.7052691760762544,453196.86321974883,113299.21580493721,339897.64741481165,29.30657418648143,260,1705.0333333333333,1331.8333333333333,0.7375405061023936,192.66199359668957,255.21034720171065,0.6958566344687341,2.267404351821079,2371
robustness,PEAK_DEMAND,1,NO_SURGE,NEAREST_DRIVER,9437,3938,1606,1303,2552,6.722955815134586,5.0,15.0,0.30825474197308467,0.4172936314506729,0.4172936314506729,0.4172936314506729,111.03855200592344,1.0,1.7682552972557104,437269.8177993265,109317.45444983162,327952.3633494949,27.75963800148086,260,1673.8333333333333,1359.7833333333333,0.7750948229710406,191.12973965616507,241.17986690244393,0.6976867151354924,2.3526834611171963,2909
robustness,PEAK_DEMAND,1,NO_SURGE,ETA_OPTIMIZED,9437,4150,1121,1459,2668,6.272771084337349,5.0,13.0,0.2733919677863728,0.4397583977959097,0.4397583977959097,0.4397583977959097,111.44991430432177,1.0,1.5615600999034391,462517.14436293533,115629.28609073383,346887.8582722015,27.86247857608044,260,1695.2166666666667,1376.4666666666667,0.7744624136521487,199.08650532511083,252.01326459451843,0.6961775585696671,2.4480646525026297,2580
robustness,PEAK_DEMAND,1,NO_SURGE,DRIVER_EARNINGS_AWARE,9437,3848,1556,1407,2586,6.718295218295219,5.0,15.0,0.31397689943838086,0.4077567023418459,0.4077567023418459,0.4077567023418459,111.03696331671448,1.0,1.788881336027157,427270.2348427173,106817.55871067932,320452.676132038,27.75924082917862,260,1670.0333333333333,1349.6333333333334,0.780984260392965,190.35245266567077,237.43684170913428,0.6914838035527691,2.3041456258358117,2963
robustness,PEAK_DEMAND,1,NO_SURGE,MARKETPLACE_AWARE,9437,3867,1557,1360,2609,6.65140936126196,5.0,14.400000000000091,0.3091024690049804,0.4097700540425983,0.4097700540425983,0.4097700540425983,111.18473414572387,1.0,1.7676502164198389,429951.3669415142,107487.84173537855,322463.52520613564,27.796183536430966,260,1672.5333333333333,1345.6333333333334,0.7637660641915293,187.69341863744447,239.63699264742917,0.6988463068558547,2.312061543367347,2917
robustness,PEAK_DEMAND,1,NO_SURGE,ADVANCED_HEURISTIC,9437,3740,1067,1681,2911,6.490909090909091,5.0,14.0,0.2911942354561831,0.3963123874112536,0.3963123874112536,0.3963123874112536,110.79824933802726,1.0,1.8706682400240007,414385.45252422197,103596.36313105549,310789.0893931665,27.699562334506815,260,1681.9833333333333,1331.25,0.7577437540958561,181.30824554144453,233.45659297139267,0.6881381570654229,2.2235654336646222,2748
robustness,PEAK_DEMAND,1,BASIC_SURGE,NEAREST_DRIVER,9437,3894,1128,1321,3055,6.220338983050848,5.0,13.0,0.2595104376390802,0.4126311327752464,0.4126311327752464,0.4126311327752464,119.66222422242595,1.0796918446279993,1.76636935897923,465964.70112212666,116491.17528053166,349473.525841595,29.915556055606487,260,1673.85,1348.7666666666667,0.76751821748719,201.71235477486547,259.10599251780263,0.6865847280334728,2.326373330943633,2449
robustness,PEAK_DEMAND,1,BASIC_SURGE,ETA_OPTIMIZED,9437,4150,830,1415,2999,5.808192771084338,5.0,12.0,0.2378933983257391,0.4397583977959097,0.4397583977959097,0.4397583977959097,116.72270945892997,1.050748684465854,1.521075661854302,484399.2442545594,121099.81106363985,363299.4331909196,29.180677364732492,260,1694.9833333333333,1368.7833333333333,0.7673789233068011,206.68205430744663,265.4177796760526,0.6881825990919131,2.4484016558668227,2245
robustness,PEAK_DEMAND,1,BASIC_SURGE,DRIVER_EARNINGS_AWARE,9437,3916,1145,1350,2990,6.103166496424923,4.0,13.0,0.2643848680724807,0.4149623821129596,0.4149623821129596,0.4149623821129596,119.1782066140767,1.0735291300913354,1.7126935930518288,466701.85710072436,116675.46427518109,350026.3928255433,29.794551653519175,260,1671.65,1347.1666666666667,0.7764041386055138,205.66849084244555,259.82411938058385,0.6892559833506764,2.3425956390392724,2495
robustness,PEAK_DEMAND,1,BASIC_SURGE,MARKETPLACE_AWARE,9437,3955,1138,1308,2997,6.084197218710493,4.0,13.0,0.25919254000211933,0.4190950513934513,0.4190950513934513,0.4190950513934513,119.64445673318747,1.0780361064277608,1.6891316794355744,473193.82637975644,118298.45659493911,354895.36978481733,29.911114183296867,260,1673.2666666666667,1355.4333333333334,0.7765261108758083,206.20375762550196,261.83166745061897,0.6865207820795027,2.363639985656799,2446
robustness,PEAK_DEMAND,1,BASIC_SURGE,ADVANCED_HEURISTIC,9437,3760,820,1677,3139,5.925,4.0,13.0,0.2645967998304546,0.3984317049909929,0.3984317049909929,0.3984317049909929,114.86429418876853,1.0337951763696327,1.8023650415434953,431889.74614976963,107972.43653744241,323917.30961232726,28.71607354719213,260,1685.1333333333334,1333.5166666666667,0.757262635119594,187.54679150075117,242.9045828291064,0.6889699408879386,2.231277445899434,2497
robustness,PEAK_DEMAND,1,AGGRESSIVE_SURGE,NEAREST_DRIVER,9437,3987,591,1110,3714,5.021319287684976,3.0,11.0,0.1802479601568295,0.42248595952103424,0.42248595952103424,0.42248595952103424,134.45902158636773,1.2076107084251004,1.5772611183955767,536088.1190648482,134022.02976621204,402066.0892986361,33.61475539659193,260,1675.0833333333333,1322.65,0.7518638463157855,229.95765802062834,303.9852487798254,0.6811844376576816,2.3801800905427593,1701
robustness,PEAK_DEMAND,1,AGGRESSIVE_SURGE,ETA_OPTIMIZED,9437,4199,482,1176,3543,4.880685877589903,4.0,10.0,0.17569142736038995,0.44495072586627105,0.44495072586627105,0.44495072586627105,125.66909958868163,1.1291274456757796,1.3502089702373383,527684.5491728742,131921.13729321855,395763.4118796557,31.417274897170408,260,1694.2666666666667,1329.2833333333333,0.7448322707974917,224.7534750850177,297.72690438180143,0.6808858688813388,2.4783583851420476,1658
robustness,PEAK_DEMAND,1,AGGRESSIVE_SURGE,DRIVER_EARNINGS_AWARE,9437,3953,557,1201,3688,5.0060713382241335,3.0,11.0,0.1862880152590866,0.41888311963547736,0.41888311963547736,0.41888311963547736,132.5696121624692,1.1913372402390427,1.5907944913103684,524047.67687824083,131011.91921956021,393035.7576586806,33.1424030406173,260,1669.9833333333333,1327.9833333333333,0.7672304257698627,229.2070051770294,295.96437529990135,0.6882875712959279,2.3670894919110967,1758
robustness,PEAK_DEMAND,1,AGGRESSIVE_SURGE,MARKETPLACE_AWARE,9437,3951,572,1183,3691,4.980005062009618,3.0,11.0,0.18597011762212567,0.41867118787750346,0.41867118787750346,0.41867118787750346,132.75128263080563,1.1960388996636062,1.56483277829356,524500.3176743131,131125.07941857827,393375.2382557348,33.18782065770141,260,1671.5166666666667,1322.3833333333334,0.7567944511787368,227.9291605542029,297.4744375098507,0.6824600765474462,2.363721570230629,1755
robustness,PEAK_DEMAND,1,AGGRESSIVE_SURGE,ADVANCED_HEURISTIC,9437,3815,506,1429,3650,5.358584534731324,3.0,12.0,0.2050439758397796,0.404259828335276,0.404259828335276,0.404259828335276,124.94836440729101,1.1220367042180395,1.708712725376724,476678.0102138152,119169.5025534538,357508.5076603614,31.237091101822752,260,1679.5,1314.3166666666666,0.7500946727585701,207.36916686469212,272.0109367303882,0.6820883949340915,2.271509377791009,1935
robustness,PEAK_DEMAND,1,CAPPED_SMOOTHED_SURGE,NEAREST_DRIVER,9437,3918,1025,1379,3077,5.971158754466565,4.0,13.0,0.25474197308466673,0.41517431387093356,0.41517431387093356,0.41517431387093356,123.64330432646678,1.1193990345842029,1.6957440111634607,484434.4663510968,121108.6165877742,363325.8497633226,30.910826081616694,260,1672.3833333333334,1338.0166666666667,0.7669278434917847,210.76512600954626,271.5406009616143,0.6893254070819334,2.342764318387929,2404
robustness,PEAK_DEMAND,1,CAPPED_SMOOTHED_SURGE,ETA_OPTIMIZED,9437,4112,787,1455,3044,5.735408560311284,4.0,12.0,0.23757550068877822,0.435731694394405,0.435731694394405,0.435731694394405,120.02928306747265,1.0807228344367754,1.5063961866072473,493560.41197344754,123390.10299336188,370170.30898008565,30.007320766868162,260,1691.9666666666667,1353.8166666666666,0.7642267473697232,211.8916042573777,273.4272062786091,0.6934785298849152,2.430307925688055,2242
robustness,PEAK_DEMAND,1,CAPPED_SMOOTHED_SURGE,DRIVER_EARNINGS_AWARE,9437,3862,1038,1365,3133,6.19135163127913,4.0,13.0,0.25463600720567975,0.40924022464766346,0.40924022464766346,0.40924022464766346,124.56555850731067,1.1234331847435026,1.7914029508942757,481072.1869552338,120268.04673880845,360804.14021642535,31.141389626827667,260,1673.0666666666666,1347.8166666666666,0.7808981246992688,212.01191252560307,267.6952653425357,0.6875244937949053,2.308335989799171,2403
robustness,PEAK_DEMAND,1,CAPPED_SMOOTHED_SURGE,MARKETPLACE_AWARE,9437,3934,1046,1317,3099,6.118708693441789,4.0,13.0,0.2503973720462011,0.416869767934725,0.416869767934725,0.416869767934725,125.4090799641148,1.1315441155444865,1.721833840851579,493359.3205788276,123339.8301447069,370019.4904341207,31.3522699910287,260,1675.5666666666666,1355.0833333333333,0.7731274595554705,213.4084332787195,273.0603213338324,0.6887124072386408,2.3478624147054727,2363
robustness,PEAK_DEMAND,1,CAPPED_SMOOTHED_SURGE,ADVANCED_HEURISTIC,9437,3764,757,1675,3199,5.899043570669501,4.0,13.0,0.2577090176963018,0.39885556850694076,0.39885556850694076,0.39885556850694076,117.33442851096932,1.0556527301005783,1.7948178686161078,441646.7889152885,110411.69722882213,331235.09168646636,29.33360712774233,260,1687.6666666666667,1335.0333333333333,0.7552011974713655,190.4055662274008,248.1099785422085,0.6887017720246325,2.2302982421489235,2432
robustness,PEAK_DEMAND,2,NO_SURGE,NEAREST_DRIVER,9627,4112,1440,1424,2612,6.375972762645914,5.0,14.0,0.2974966240781136,0.42713202451438664,0.42713202451438664,0.42713202451438664,109.83051791365644,1.0,1.7678206290865346,451623.08966095524,112905.77241523881,338717.31724571646,27.45762947841411,260,1718.4,1410.2166666666667,0.7832237368569451,192.13173263738253,240.18813934907146,0.692431962221946,2.39292364990689,2864
robustness,PEAK_DEMAND,2,NO_SURGE,ETA_OPTIMIZED,9627,4326,1094,1486,2679,5.926259824318077,5.0,13.0,0.2679962605172951,0.44936117170458084,0.44936117170458084,0.44936117170458084,110.93567025281881,1.0,1.516553795753001,479907.70951369416,119976.92737842354,359930.78213527065,27.733917563204702,260,1738.4666666666667,1416.7,0.778990929726464,201.96383617676446,254.06280944114533,0.6906364387767151,2.4883997392338073,2580
robustness,PEAK_DEMAND,2,NO_SURGE,DRIVER_EARNINGS_AWARE,9627,4113,1514,1377,2582,6.351811329929492,4.0,14.0,0.300301236106783,0.42723589903396697,0.42723589903396697,0.42723589903396697,110.04445580249964,1.0,1.7375187288667802,452612.846715681,113153.21167892026,339459.63503676077,27.51111395062491,260,1717.75,1406.25,0.7940216482106824,196.8052808910384,241.39351824836316,0.6892296185489902,2.394411293843691,2891
robustness,PEAK_DEMAND,2,NO_SURGE,MARKETPLACE_AWARE,9627,4086,1452,1411,2636,6.615026921194322,5.0,14.0,0.2973927495585333,0.4244312870052976,0.4244312870052976,0.4244312870052976,110.68109636695485,1.0,1.7937527590945992,452242.9597553775,113060.73993884437,339182.21981653315,27.67027409173871,260,1720.75,1419.8166666666666,0.7848468683644669,192.10961120329404,238.89156098782692,0.6960513078470825,2.3745459828563127,2863
robustness,PEAK_DEMAND,2,NO_SURGE,ADVANCED_HEURISTIC,9627,3952,1042,1718,2873,6.1839574898785425,4.0,13.0,0.28669367404175755,0.4105121013815311,0.4105121013815311,0.4105121013815311,110.40510180732143,1.0,1.8063066335051756,436320.9623425343,109080.24058563357,327240.7217569007,27.601275451830357,260,1726.4666666666667,1386.8333333333333,0.7642039649488421,184.8252292610102,235.96254423042953,0.6930080116533139,2.289068231841526,2760
robustness,PEAK_DEMAND,2,BASIC_SURGE,NEAREST_DRIVER,9627,4104,1099,1341,3043,5.98416179337232,4.0,13.0,0.2534538277760465,0.42630102835774386,0.42630102835774386,0.42630102835774386,118.09644410301988,1.0690603527774194,1.7358359055536516,484667.8065987936,121166.9516496984,363500.85494909517,29.52411102575497,260,1721.4333333333334,1406.3,0.7788123219373608,204.55236712206224,258.4803064417942,0.6861861861861862,2.3840597951319635,2440
robustness,PEAK_DEMAND,2,BASIC_SURGE,ETA_OPTIMIZED,9627,4328,852,1459,2946,5.554297597042514,4.0,12.0,0.2400540147501818,0.44956892074374155,0.44956892074374155,0.44956892074374155,115.00459178806184,1.0362874786151,1.490639840250611,497739.8732587317,124434.96831468292,373304.9049440487,28.75114794701546,260,1740.1333333333334,1417.0666666666666,0.7769379159659061,207.74739512933843,263.4349630297672,0.6885342789598109,2.4871657344264806,2311
robustness,PEAK_DEMAND,2,BASIC_SURGE,DRIVER_EARNINGS_AWARE,9627,4071,1078,1397,3043,5.889707688528617,4.0,13.0,0.2570894359613587,0.4228731692115924,0.4228731692115924,0.4228731692115924,117.44983503852826,1.0619878800758118,1.727759603054367,478138.2784418486,119534.56961046215,358603.7088313864,29.362458759632066,260,1716.1333333333334,1401.7,0.7924423465985466,206.15361506545696,255.83484970492003,0.6935869976061484,2.372193302773677,2475
robustness,PEAK_DEMAND,2,BASIC_SURGE,MARKETPLACE_AWARE,9627,4098,1081,1374,3035,5.9333821376281115,4.0,13.0,0.25501194556975176,0.4256777812402618,0.4256777812402618,0.4256777812402618,118.3586044834777,1.0643545570688406,1.6997085673282528,485033.56117329164,121258.39029332291,363775.17087996873,29.589651120869426,260,1719.2333333333333,1410.5,0.7820139811502107,205.10587908664698,257.9051193760856,0.6852842393332504,2.3836206060841074,2455
robustness,PEAK_DEMAND,2,BASIC_SURGE,ADVANCED_HEURISTIC,9627,3925,810,1726,3126,5.7301910828025475,4.0,12.0,0.26342578165575986,0.4077074893528617,0.4077074893528617,0.4077074893528617,113.27067123080307,1.0206505620851234,1.7898741823212494,444587.38458090206,111146.84614522551,333440.53843567654,28.31766780770077,260,1727.4666666666667,1385.3833333333334,0.7683777602891004,188.1771917762292,240.68467579539467,0.6838500360490267,2.2721133065761037,2536
robustness,PEAK_DEMAND,2,AGGRESSIVE_SURGE,NEAREST_DRIVER,9627,4139,562,1234,3656,4.8876540227108,3.0,11.0,0.1865586371663031,0.42993663654305597,0.42993663654305597,0.42993663654305597,128.43768341475956,1.1620182239201438,1.5871903639582485,531603.5716536898,132900.89291342246,398702.6787402674,32.10942085368989,260,1717.9833333333333,1375.9833333333333,0.7674976519377565,224.79279659647975,289.7583634057588,0.6800402465098729,2.4092201127290718,1796
robustness,PEAK_DEMAND,2,AGGRESSIVE_SURGE,ETA_OPTIMIZED,9627,4384,534,1172,3497,4.77668795620438,4.0,10.0,0.17720993040407187,0.455385893840241,0.455385893840241,0.455385893840241,124.91403874567926,1.1204536448922084,1.3384283136587312,547623.1458610579,136905.78646526448,410717.3593957934,31.228509686419816,260,1732.1166666666666,1377.7,0.7533513270062453,226.49144834197946,298.11813848863574,0.6850740786090364,2.5310073416917644,1706
robustness,PEAK_DEMAND,2,AGGRESSIVE_SURGE,DRIVER_EARNINGS_AWARE,9627,4155,596,1170,3667,4.900601684717208,3.0,11.0,0.1834424015788927,0.43159862885634154,0.43159862885634154,0.43159862885634154,130.0226100266496,1.1704940429096435,1.5828029361010858,540243.9446607291,135060.9861651823,405182.95849554683,32.5056525066624,260,1718.5666666666666,1377.15,0.7764901210851093,230.2090063656099,294.218464579419,0.6895176848874598,2.4177124347809222,1766
robustness,PEAK_DEMAND,2,AGGRESSIVE_SURGE,MARKETPLACE_AWARE,9627,4132,573,1231,3656,4.943610842207163,3.0,11.0,0.1873896333229459,0.42920951490599357,0.42920951490599357,0.42920951490599357,128.83630585484087,1.164588403003554,1.6100827194416536,532351.6157922025,133087.90394805063,399263.7118441519,32.20907646371022,260,1719.0,1376.4833333333333,0.7654620910185461,224.92986441497487,290.06069465242484,0.6817033105888299,2.4037230948225714,1804
robustness,PEAK_DEMAND,2,AGGRESSIVE_SURGE,ADVANCED_HEURISTIC,9627,3883,524,1537,3643,5.357455575585887,3.0,12.0,0.21408538485509504,0.40334475953048715,0.40334475953048715,0.40334475953048715,121.02313587398261,1.0940180743507069,1.7873528003689638,469932.8365986745,117483.20914966862,352449.62744900584,30.255783968495653,260,1722.0,1350.2,0.7480297159295617,199.84989918334523,261.03512623982067,0.6938334392879847,2.2549361207897793,2061
robustness,PEAK_DEMAND,2,CAPPED_SMOOTHED_SURGE,NEAREST_DRIVER,9627,4108,999,1368,3113,5.686708860759493,4.0,12.0,0.2458709878466812,0.4267165264360652,0.4267165264360652,0.4267165264360652,122.18112959608027,1.1042728809081386,1.6748764314630076,501920.08038069773,125480.02009517443,376440.0602855233,30.545282399020067,260,1720.3333333333333,1397.8833333333334,0.7747482408408405,211.25356576307863,269.2929025685429,0.6918057472706739,2.3879093198992445,2367
robustness,PEAK_DEMAND,2,CAPPED_SMOOTHED_SURGE,ETA_OPTIMIZED,9627,4356,796,1478,2956,5.4492653810835625,4.0,12.0,0.23621065752570894,0.45247740729199126,0.45247740729199126,0.45247740729199126,117.18783085736492,1.0596035508983104,1.486948896446966,510470.19121468154,127617.54780367039,382852.64341101114,29.29695771434123,260,1742.1833333333334,1414.0666666666666,0.7734487102586627,212.59455386456375,270.745822977001,0.6870613008890969,2.500310912552257,2274
robustness,PEAK_DEMAND,2,CAPPED_SMOOTHED_SURGE,DRIVER_EARNINGS_AWARE,9627,4172,1020,1304,3090,5.769415148609779,4.0,12.0,0.2414043835047263,0.43336449568920743,0.43336449568920743,0.43336449568920743,122.98098280559944,1.1129096185804217,1.6833808610243326,513076.66026496084,128269.16506624021,384807.4951987206,30.74524570139986,260,1719.2,1410.4666666666667,0.7952038583208854,219.50312426897497,272.822821193024,0.6916227740155505,2.4267100977198695,2324
robustness,PEAK_DEMAND,2,CAPPED_SMOOTHED_SURGE,MARKETPLACE_AWARE,9627,4130,1000,1356,3100,5.646004842615012,4.0,12.0,0.2447283681312974,0.42900176586683286,0.42900176586683286,0.42900176586683286,121.54133562575754,1.1013161282194028,1.6731525747912983,501965.7161343786,125491.42903359466,376474.28710078396,30.385333906439385,260,1718.5333333333333,1401.0166666666667,0.7800502065862986,212.7449018100325,268.715066749706,0.6894185175942101,2.4032120412755065,2356
robustness,PEAK_DEMAND,2,CAPPED_SMOOTHED_SURGE,ADVANCED_HEURISTIC,9627,3963,778,1688,3161,5.745394902851375,4.0,12.0,0.2561545652851356,0.4116547210969149,0.4116547210969149,0.4116547210969149,115.91768994912728,1.0459495026241676,1.769126548440758,459381.8052683914,114845.45131709785,344536.3539512935,28.97942248728182,260,1727.8333333333333,1387.0833333333333,0.7660791416150906,193.80771663537672,248.38908064977605,0.6835838845460012,2.2936239992283207,2466
robustness,PEAK_DEMAND,3,NO_SURGE,NEAREST_DRIVER,9327,3807,1650,1264,2553,6.545836616758603,4.0,14.0,0.31242628926771737,0.4081698295271792,0.4081698295271792,0.4081698295271792,109.84631667120102,1.0,1.7401295163885042,418184.9275672623,104546.23189181558,313638.69567544677,27.461579167800256,260,1643.6166666666666,1296.15,0.742204709518936,185.613505938092,241.9771598005221,0.6883989783573061,2.316233509435493,2914
robustness,PEAK_DEMAND,3,NO_SURGE,ETA_OPTIMIZED,9327,4010,1204,1390,2669,6.205236907730673,5.0,13.0,0.2781172938779886,0.42993459847753834,0.42993459847753834,0.42993459847753834,110.01803094134316,1.0,1.5307806502644532,441172.3040747861,110293.07601869652,330879.22805608955,27.50450773533579,260,1660.6666666666667,1311.5,0.7403600752962731,193.11720635626446,252.29068094250056,0.6927083333333334,2.4146928944199115,2594
robustness,PEAK_DEMAND,3,NO_SURGE,DRIVER_EARNINGS_AWARE,9327,3836,1628,1288,2517,6.359489051094891,4.0,14.0,0.3126407204889032,0.4112790822343733,0.4112790822343733,0.4112790822343733,109.30468823961407,1.0,1.68321131020232,419292.78408715955,104823.19602178989,314469.58806536964,27.326172059903516,260,1637.6333333333334,1295.0333333333333,0.7543605166732815,189.02456387887068,242.82740835399576,0.6856878061697339,2.3424046896944777,2916
robustness,PEAK_DEMAND,3,NO_SURGE,MARKETPLACE_AWARE,9327,3828,1612,1276,2552,6.394984326018808,4.0,14.0,0.30963868339230194,0.4104213573496301,0.4104213573496301,0.4104213573496301,109.93180104777423,1.0,1.6980421402061194,420818.93441087974,105204.73360271993,315614.2008081598,27.482950261943557,260,1638.3833333333334,1298.6166666666666,0.7451606394655357,185.5927948644481,243.03877264896732,0.6897473599786125,2.3364495488438806,2888
robustness,PEAK_DEMAND,3,NO_SURGE,ADVANCED_HEURISTIC,9327,3670,1172,1599,2835,6.323705722070844,4.0,13.0,0.29709445695293235,0.3934812908759515,0.3934812908759515,0.3934812908759515,109.62654528266864,1.0,1.7986110745913342,402329.42118739395,100582.35529684849,301747.0658905455,27.40663632066716,260,1648.7166666666667,1278.7833333333333,0.7275330616048328,177.15748522324722,235.96418409989607,0.6911477966982972,2.2259737371490957,2771
robustness,PEAK_DEMAND,3,BASIC_SURGE,NEAREST_DRIVER,9327,3810,1144,1262,3059,5.981102362204725,4.0,13.0,0.257960759086523,0.4084914763589579,0.4084914763589579,0.4084914763589579,119.25864900943151,1.082389494037815,1.6903505742346512,454375.45272593404,113593.86318148351,340781.5895444505,29.814662252357877,260,1641.0166666666667,1292.8833333333334,0.74248041175158,199.40074290715364,263.58263020209387,0.6847172081829122,2.3217314469688506,2406
robustness,PEAK_DEMAND,3,BASIC_SURGE,ETA_OPTIMIZED,9327,3978,864,1383,3050,5.727249874308698,4.0,12.0,0.24091347700225152,0.42650369893856543,0.42650369893856543,0.42650369893856543,116.29866987309552,1.0547674447192381,1.48134919816499,462636.108755174,115659.0271887935,346977.08156638045,29.07466746827388,260,1662.2666666666667,1290.2,0.7274743501616084,199.8029790907152,268.9327868286935,0.6901300688599847,2.3931178310740355,2247
robustness,PEAK_DEMAND,3,BASIC_SURGE,DRIVER_EARNINGS_AWARE,9327,3821,1182,1247,3019,6.02250719706883,4.0,13.0,0.2604267181301598,0.40967084807547977,0.40967084807547977,0.40967084807547977,119.43658101972308,1.0812731970908347,1.6924905463651851,456367.1760763619,114091.79401909048,342275.38205727143,29.85914525493077,260,1639.1166666666666,1293.5666666666666,0.7558726695107955,204.33977642302517,264.59817717726554,0.6837469975980784,2.3311336390535553,2429
robustness,PEAK_DEMAND,3,BASIC_SURGE,MARKETPLACE_AWARE,9327,3866,1197,1236,2976,6.02198654940507,4.0,13.0,0.2608555805725314,0.4144955505521604,0.4144955505521604,0.4144955505521604,119.61101371012505,1.0891407624214247,1.6597161654824608,462416.17900334345,115604.04475083586,346812.1342525076,29.902753427531263,260,1639.5833333333333,1297.0166666666667,0.7487068766646844,203.69138622056673,267.3921956175127,0.679324894514768,2.3579161372299873,2433
robustness,PEAK_DEMAND,3,BASIC_SURGE,ADVANCED_HEURISTIC,9327,3677,853,1561,3178,6.024204514549905,4.0,13.0,0.2588184839712662,0.39423180015010184,0.39423180015010184,0.39423180015010184,114.93584738650301,1.041716490207247,1.7646594862454936,422619.1108401716,105654.7777100429,316964.3331301287,28.733961846625753,260,1653.0,1280.7,0.7315609409727636,185.0760791786719,247.49303750302855,0.6902620258114979,2.2244404113732608,2414
robustness,PEAK_DEMAND,3,AGGRESSIVE_SURGE,NEAREST_DRIVER,9327,3828,580,1074,3787,5.072622779519331,3.0,12.0,0.17733461992066044,0.4104213573496301,0.4104213573496301,0.4104213573496301,130.12927312642498,1.1794026514100617,1.6123185024600206,498134.8575279548,124533.7143819887,373601.1431459661,32.532318281606244,260,1639.5,1264.9666666666667,0.7232691937828474,215.62453832806725,295.3446545199869,0.6926515786532551,2.3348581884720954,1654
robustness,PEAK_DEMAND,3,AGGRESSIVE_SURGE,ETA_OPTIMIZED,9327,4052,516,1179,3534,4.96248766041461,4.0,11.0,0.18173045995496945,0.43443765412244023,0.43443765412244023,0.43443765412244023,124.10568016212802,1.1271604503841948,1.3964942592441036,502876.21601694275,125719.05400423569,377157.1620127071,31.026420040532006,260,1658.0166666666667,1270.7333333333333,0.7186009941700076,216.32208450727018,296.8027611453022,0.6898129985615274,2.4438837566972587,1695
robustness,PEAK_DEMAND,3,AGGRESSIVE_SURGE,DRIVER_EARNINGS_AWARE,9327,3862,601,1080,3732,5.102278612118074,3.0,12.0,0.1802294414066688,0.4140666881097888,0.4140666881097888,0.4140666881097888,132.39162076858327,1.2014671276277908,1.581131543687752,511296.43940826855,127824.10985206714,383472.3295562014,33.09790519214582,260,1638.3166666666666,1263.1166666666666,0.7358011600735826,225.19089618258886,303.5921698097574,0.6807146753955264,2.357297632732785,1681
robustness,PEAK_DEMAND,3,AGGRESSIVE_SURGE,MARKETPLACE_AWARE,9327,3866,591,1090,3725,4.969994826694258,3.0,11.0,0.1802294414066688,0.4144955505521604,0.4144955505521604,0.4144955505521604,129.56856594440052,1.1788191904147156,1.5671691240728916,500912.0759410524,125228.0189852631,375684.05695578933,32.39214148610013,260,1639.1833333333334,1268.9,0.728242438116971,218.4922353568592,296.0706572273538,0.682332107342324,2.3584915252513956,1681
robustness,PEAK_DEMAND,3,AGGRESSIVE_SURGE,ADVANCED_HEURISTIC,9327,3707,514,1394,3655,5.309414620987321,3.0,12.0,0.20456738501125765,0.39744826846788894,0.39744826846788894,0.39744826846788894,122.28818236740749,1.10913887299617,1.6840938913065724,453322.29203597957,113330.57300899489,339991.71902698465,30.57204559185187,260,1651.7,1255.4666666666667,0.7135161222028106,197.52524846900388,270.80903703296354,0.6812417437252312,2.244354301628625,1908
robustness,PEAK_DEMAND,3,CAPPED_SMOOTHED_SURGE,NEAREST_DRIVER,9327,3759,1078,1299,3134,5.941473796222399,4.0,13.0,0.25485150637932885,0.40302348021871987,0.40302348021871987,0.40302348021871987,123.77319799706214,1.1222795723291985,1.6928060975217978,465263.4512709566,116315.86281773915,348947.58845321747,30.943299499265535,260,1639.8,1286.4,0.7355397692559146,201.77490305769763,271.2590084368917,0.6931417728381676,2.2923527259421883,2377
robustness,PEAK_DEMAND,3,CAPPED_SMOOTHED_SURGE,ETA_OPTIMIZED,9327,3946,832,1366,3130,5.80841358337557,4.0,13.0,0.2356599120831993,0.4230727993995926,0.4230727993995926,0.4230727993995926,120.65662723248683,1.0892970352226374,1.537761565992954,476111.05105939304,119027.76276484826,357083.2882945448,30.164156808121707,260,1659.0833333333333,1296.9833333333333,0.7321060383145768,205.00032192749663,275.3183322539828,0.6919504643962848,2.3784218192777136,2198
robustness,PEAK_DEMAND,3,CAPPED_SMOOTHED_SURGE,DRIVER_EARNINGS_AWARE,9327,3805,1102,1235,3131,6.146649145860709,4.0,13.0,0.2505628819556127,0.40795539830599337,0.40795539830599337,0.40795539830599337,124.13383620078032,1.1286974431714987,1.7562874106471231,472329.24674396915,118082.31168599229,354246.93505797687,31.03345905019508,260,1639.3333333333333,1295.2,0.7578308714002246,210.01657072511887,273.507516258475,0.6889880952380952,2.321065473769825,2337
robustness,PEAK_DEMAND,3,CAPPED_SMOOTHED_SURGE,MARKETPLACE_AWARE,9327,3834,1072,1248,3120,6.0,4.0,13.0,0.24874021657553338,0.4110646510131875,0.4110646510131875,0.4110646510131875,122.94576077369616,1.1172514125903583,1.7354079291488307,471374.0468063511,117843.51170158778,353530.53510476334,30.73644019342404,260,1640.5,1298.25,0.743089817820411,204.75875304964674,272.31314084711215,0.6919654893502292,2.337092349893325,2320
robustness,PEAK_DEMAND,3,CAPPED_SMOOTHED_SURGE,ADVANCED_HEURISTIC,9327,3744,824,1481,3227,5.990384615384615,4.0,13.0,0.24713198241663986,0.4014152460598263,0.4014152460598263,0.4014152460598263,117.72500941307777,1.0680353323321798,1.7772247998488633,440762.4352425632,110190.6088106408,330571.8264319224,29.431252353269443,260,1654.5666666666666,1286.5833333333333,0.7257749543983655,190.14648151717327,256.9377496718096,0.6874267100977198,2.2628281322400627,2305
robustness,PEAK_DEMAND,4,NO_SURGE,NEAREST_DRIVER,9463,4039,1404,1436,2539,6.4268383263183955,5.0,13.0,0.3001162422064884,0.42682024727887563,0.42682024727887563,0.42682024727887563,109.8724826349186,1.0,1.7876427531210033,443774.9573624362,110943.73934060906,332831.21802182717,27.46812065872965,260,1691.05,1393.4,0.7803232461779244,189.96523176570497,238.86265108499148,0.6921726041144004,2.3884568759055025,2840
robustness,PEAK_DEMAND,4,NO_SURGE,ETA_OPTIMIZED,9463,4266,1056,1493,2601,5.841068917018284,5.0,12.0,0.2693648948536405,0.45080841170876046,0.45080841170876046,0.45080841170876046,110.12880483882763,1.0,1.5553764474270084,469809.4814424387,117452.37036060967,352357.111081829,27.53220120970691,260,1713.65,1395.75,0.7703505484562508,197.45102694935682,252.4500168954533,0.6932727924483212,2.4894231610889035,2549
robustness,PEAK_DEMAND,4,NO_SURGE,DRIVER_EARNINGS_AWARE,9463,4040,1383,1431,2561,6.494554455445544,5.0,14.0,0.2973686991440347,0.42692592201204693,0.42692592201204693,0.42692592201204693,109.6627047876354,1.0,1.777472404096941,443037.32734204707,110759.33183551177,332277.9955065353,27.41567619690885,260,1691.2833333333333,1386.5,0.7864333751552469,194.1435738352567,239.65235882187903,0.6907087402955172,2.3887186258955233,2814
robustness,PEAK_DEMAND,4,NO_SURGE,MARKETPLACE_AWARE,9463,4097,1440,1406,2474,6.23944349524042,5.0,13.0,0.3007502906055162,0.43294938180281095,0.43294938180281095,0.43294938180281095,110.21088769937782,1.0,1.6773512774972439,451534.00690435094,112883.50172608774,338650.5051782632,27.552721924844455,260,1690.1333333333334,1392.1833333333334,0.782291181421387,194.34088180479947,243.25137147521028,0.6796520886928825,2.4240691069738087,2846
robustness,PEAK_DEMAND,4,NO_SURGE,ADVANCED_HEURISTIC,9463,3875,984,1712,2848,5.87716129032258,4.0,13.0,0.2848990806298214,0.40948959103878263,0.40948959103878263,0.40948959103878263,110.03784264680645,1.0,1.8360062054217199,426396.640256375,106599.16006409375,319797.48019228125,27.509460661701613,260,1702.6333333333334,1367.0333333333333,0.7595332917278573,181.6877146149662,233.93539308401253,0.6855506822612085,2.2758863720902913,2696
robustness,PEAK_DEMAND,4,BASIC_SURGE,NEAREST_DRIVER,9463,4116,1039,1339,2922,5.8875121477162295,4.0,13.0,0.2512945154813484,0.4349572017330656,0.4349572017330656,0.4349572017330656,116.65814609316229,1.062464548012419,1.725049499136281,480164.929319456,120041.232329864,360123.696989592,29.164536523290572,260,1692.9833333333333,1386.9,0.7755331326521304,204.96877107644315,259.660896235916,0.6851944167497508,2.431211175538251,2378
robustness,PEAK_DEMAND,4,BASIC_SURGE,ETA_OPTIMIZED,9463,4279,857,1453,2826,5.526291189530264,4.0,12.0,0.2441086336257001,0.4521821832399873,0.4521821832399873,0.4521821832399873,113.81352772624102,1.0293367569153171,1.485353627776819,487008.0851405853,121752.02128514633,365256.06385543896,28.453381931560255,260,1708.8833333333334,1393.1833333333334,0.7773508749647747,207.68289582473244,262.1737248187764,0.6832702318977757,2.503974330215638,2310
robustness,PEAK_DEMAND,4,BASIC_SURGE,DRIVER_EARNINGS_AWARE,9463,4066,1025,1403,2922,5.875307427447122,4.0,12.0,0.25657825213991337,0.42967346507450066,0.42967346507450066,0.42967346507450066,115.67894671707157,1.0533013809539797,1.760362853579157,470350.597351613,117587.64933790325,352762.94801370974,28.919736679267892,260,1690.5333333333333,1389.2833333333333,0.7893419832971814,203.5151260140109,253.91721008220762,0.6784791435954227,2.405158135499645,2428
robustness,PEAK_DEMAND,4,BASIC_SURGE,MARKETPLACE_AWARE,9463,4114,1068,1353,2881,5.910549343704424,4.0,13.0,0.25583852900771425,0.434745852266723,0.434745852266723,0.434745852266723,116.29169210839146,1.0553237536582265,1.713658098508785,478424.02133392246,119606.00533348061,358818.01600044186,29.072923027097865,260,1692.9166666666667,1396.6833333333334,0.78176033764185,202.90725536184624,256.90720826752073,0.6841256050639196,2.4301255230125522,2421
robustness,PEAK_DEMAND,4,BASIC_SURGE,ADVANCED_HEURISTIC,9463,3837,834,1708,3039,5.998175658066198,4.0,13.0,0.2686251717214414,0.4054739511782733,0.4054739511782733,0.4054739511782733,112.59279088952985,1.0214579049657708,1.8973289340702564,432018.538643126,108004.6346607815,324013.90398234455,28.148197722382463,260,1698.55,1361.7666666666667,0.7644767976005208,184.4648808561367,237.93643354148622,0.6810092637737689,2.258985605369286,2542
robustness,PEAK_DEMAND,4,AGGRESSIVE_SURGE,NEAREST_DRIVER,9463,4072,595,1226,3529,4.87524557956778,3.0,11.0,0.192433689104935,0.43030751347352847,0.43030751347352847,0.43030751347352847,129.1194614701784,1.164540670698976,1.5849328645361642,525774.4471065665,131443.61177664163,394330.8353299249,32.2798653675446,260,1690.4,1351.9,0.7571858070352744,223.73786875689123,291.6863934683962,0.6796536796536796,2.4088973024136298,1821
robustness,PEAK_DEMAND,4,AGGRESSIVE_SURGE,ETA_OPTIMIZED,9463,4326,544,1141,3407,4.732547387887194,4.0,10.0,0.17806192539363838,0.4571488956990384,0.4571488956990384,0.4571488956990384,125.21263598831824,1.1322131100782111,1.3215437205898928,541669.8632854647,135417.46582136618,406252.3974640985,31.30315899707956,260,1706.0166666666667,1340.8833333333334,0.7435094056983648,227.3382270046466,302.9737094682102,0.6811325420375866,2.535731382069343,1685
robustness,PEAK_DEMAND,4,AGGRESSIVE_SURGE,DRIVER_EARNINGS_AWARE,9463,4106,576,1199,3540,4.926692644909888,3.0,11.0,0.18757265137905527,0.43390045440135266,0.43390045440135266,0.43390045440135266,126.40503021220987,1.147245145612052,1.6179708440347065,519019.0540513337,129754.76351283342,389264.2905385003,31.601257553052466,260,1691.4166666666667,1357.85,0.7715840682463978,225.16679693169314,286.67694556725723,0.6826714340441834,2.4275508695866383,1775
robustness,PEAK_DEMAND,4,AGGRESSIVE_SURGE,MARKETPLACE_AWARE,9463,4127,569,1217,3508,4.754300944996365,3.0,11.0,0.18873507344393955,0.4361196237979499,0.4361196237979499,0.4361196237979499,126.55956019720949,1.1465995698182765,1.558488636484555,522311.3049338836,130577.8262334709,391733.47870041267,31.639890049302373,260,1689.9333333333334,1355.1833333333334,0.7603765959499755,221.82735322354,289.0630876760187,0.6774031202818319,2.442108169947532,1786
robustness,PEAK_DEMAND,4,AGGRESSIVE_SURGE,ADVANCED_HEURISTIC,9463,3822,552,1536,3512,5.229984301412872,3.0,12.0,0.22064884286167177,0.4038888301807038,0.4038888301807038,0.4038888301807038,121.37684291560622,1.095327465029825,1.7299784250504258,463902.29362344695,115975.57340586174,347926.7202175852,30.344210728901555,260,1698.9833333333333,1323.0333333333333,0.7377594389607592,197.76740908038684,262.9765338874696,0.6829978478288391,2.249580631554165,2088
robustness,PEAK_DEMAND,4,CAPPED_SMOOTHED_SURGE,NEAREST_DRIVER,9463,4087,1020,1333,2978,5.815512600929777,4.0,12.0,0.24865264715206595,0.43189263447109794,0.43189263447109794,0.43189263447109794,121.6937446000221,1.105327877714034,1.7321376424648658,497362.33418029035,124340.58354507259,373021.75063521776,30.423436150005525,260,1690.7166666666667,1385.75,0.7758232577669865,212.05002979808992,269.1840163342722,0.6825396825396826,2.417318099819603,2353
robustness,PEAK_DEMAND,4,CAPPED_SMOOTHED_SURGE,ETA_OPTIMIZED,9463,4274,791,1462,2896,5.389330837622836,4.0,11.0,0.23808517383493608,0.4516538095741308,0.4516538095741308,0.4516538095741308,116.09180732084333,1.0537101596131766,1.470286359366361,496176.38448928436,124044.09612232109,372132.2883669633,29.022951830210832,260,1709.5333333333333,1381.5166666666667,0.7682171504440992,209.7785714231507,269.3650372418935,0.6819846426461902,2.500097492493078,2253
robustness,PEAK_DEMAND,4,CAPPED_SMOOTHED_SURGE,DRIVER_EARNINGS_AWARE,9463,4053,979,1394,2994,5.827288428324698,4.0,12.0,0.2507661418154919,0.4282996935432738,0.4282996935432738,0.4282996935432738,121.61504568903449,1.1031608951580585,1.7316419499206974,492905.7801776568,123226.4450444142,369679.3351332426,30.403761422258622,260,1687.95,1387.05,0.7894238824299225,213.47550232033166,266.52199641919367,0.6865223376298336,2.4011374744512572,2373
robustness,PEAK_DEMAND,4,CAPPED_SMOOTHED_SURGE,MARKETPLACE_AWARE,9463,4066,997,1354,3005,5.715691096901131,4.0,12.0,0.24844129768572334,0.42967346507450066,0.42967346507450066,0.42967346507450066,121.71737487648498,1.1023577123861863,1.6909413749960607,494902.84624778794,123725.71156194698,371177.1346858409,30.429343719121245,260,1690.1166666666666,1382.1,0.7720694879674808,208.61564269832323,268.56025952235075,0.6866742166855417,2.405751082272427,2351
robustness,PEAK_DEMAND,4,CAPPED_SMOOTHED_SURGE,ADVANCED_HEURISTIC,9463,3830,769,1720,3100,5.839164490861619,4.0,13.0,0.2630244108633626,0.4047342280460742,0.4047342280460742,0.4047342280460742,113.7024107117294,1.0325852431655582,1.8548062456686771,435480.2330259236,108870.0582564809,326610.1747694427,28.42560267793235,260,1699.4833333333333,1354.2,0.7545242487175386,185.6331158911811,241.18311532228822,0.6845391112743298,2.253626102050623,2489
robustness,PEAK_DEMAND,5,NO_SURGE,NEAREST_DRIVER,9363,4021,1458,1348,2493,6.278786371549366,4.0,13.0,0.2996902702125387,0.42945637082131793,0.42945637082131793,0.42945637082131793,110.301745319516,1.0,1.7135933548533133,443523.3179297738,110880.82948244346,332642.48844733037,27.575436329879,260,1726.05,1372.15,0.7499776665277416,185.29755868190904,242.4242892157055,0.6960494144897696,2.3295964775064455,2806
robustness,PEAK_DEMAND,5,NO_SURGE,ETA_OPTIMIZED,9363,4210,1140,1395,2569,6.0809976247030875,5.0,13.0,0.2707465555911567,0.44964220869379473,0.44964220869379473,0.44964220869379473,111.20314220537352,1.0,1.5398291092825098,468165.22868462256,117041.30717115564,351123.9215134669,27.80078555134338,260,1743.3,1386.9833333333333,0.7547391548438517,193.16490235205836,253.15655428217133,0.6978266238577426,2.4149601330809385,2535
robustness,PEAK_DEMAND,5,NO_SURGE,DRIVER_EARNINGS_AWARE,9363,4004,1464,1361,2486,6.293956043956044,4.0,14.0,0.30171953433728504,0.4276407134465449,0.4276407134465449,0.4276407134465449,110.8666073086641,1.0,1.722059636027655,443909.89566389105,110977.47391597276,332932.4217479183,27.716651827166025,260,1723.2833333333333,1380.5,0.7666085889231945,188.92421724416585,241.1679983686478,0.6941629249518922,2.3234716674565026,2825
robustness,PEAK_DEMAND,5,NO_SURGE,MARKETPLACE_AWARE,9363,4090,1489,1295,2441,6.145721271393643,4.0,14.0,0.2973405959628324,0.43682580369539675,0.43682580369539675,0.43682580369539675,110.49881870249052,1.0,1.652404400097444,451940.16849318624,112985.04212329656,338955.1263698897,27.62470467562263,260,1724.8166666666666,1381.4,0.7579995253408297,188.1966956171763,245.37072996227712,0.6909183413889596,2.3712665114166724,2784
robustness,PEAK_DEMAND,5,NO_SURGE,ADVANCED_HEURISTIC,9363,3803,1101,1637,2780,6.063633973179069,4.0,13.0,0.29242764071344657,0.40617323507422837,0.40617323507422837,0.40617323507422837,110.85700199980727,1.0,1.8028933295747613,421589.178605267,105397.29465131676,316191.88395395025,27.714250499951817,260,1727.3333333333333,1344.15,0.7392979245108491,178.3493280000215,235.2355644488712,0.698394495412844,2.201659590891548,2738
robustness,PEAK_DEMAND,5,BASIC_SURGE,NEAREST_DRIVER,9363,3991,1051,1334,2944,5.81533450263092,4.0,13.0,0.25472604934315923,0.42625226957171847,0.42625226957171847,0.42625226957171847,117.15668410663223,1.0569408322136036,1.7254325559557966,467572.3262695692,116893.0815673923,350679.2447021769,29.289171026658057,260,1725.9333333333334,1374.2,0.7509136989782886,193.00347599144186,255.18792366626172,0.6957085440165953,2.312372049905365,2385
robustness,PEAK_DEMAND,5,BASIC_SURGE,ETA_OPTIMIZED,9363,4235,876,1346,2863,5.555371900826446,4.0,12.0,0.23731709922033536,0.452312293068461,0.452312293068461,0.452312293068461,115.73818637441595,1.0469686642675897,1.4768858187158573,490151.21929565154,122537.80482391288,367613.4144717386,28.934546593603987,260,1737.9833333333333,1364.9666666666667,0.7456685351663179,202.4566983929091,269.320433567417,0.6914749661705006,2.4367322279653623,2222
robustness,PEAK_DEMAND,5,BASIC_SURGE,DRIVER_EARNINGS_AWARE,9363,4040,1042,1282,2951,5.700990099009901,4.0,13.0,0.24821104346897363,0.4314856349460643,0.4314856349460643,0.4314856349460643,117.5480303737203,1.0649991540376351,1.6715606161508476,474894.04270983,118723.5106774575,356170.5320323725,29.387007593430074,260,1721.9666666666667,1371.95,0.7637375583058081,200.43587817903833,259.60897411157293,0.6868363822438276,2.346154590681198,2324
robustness,PEAK_DEMAND,5,BASIC_SURGE,MARKETPLACE_AWARE,9363,4030,1020,1343,2926,5.587096774193548,4.0,12.0,0.25237637509345295,0.4304176011961978,0.4304176011961978,0.4304176011961978,117.15049996694955,1.0553753091868832,1.647064191914349,472116.5148668067,118029.12871670167,354087.38615010504,29.28762499173739,260,1727.8666666666666,1374.6666666666667,0.7503306962835865,195.25216654499368,257.5805427862063,0.6902000764623423,2.332355891658307,2363
robustness,PEAK_DEMAND,5,BASIC_SURGE,ADVANCED_HEURISTIC,9363,3835,848,1587,3048,5.859713168187745,4.0,12.0,0.2600662180924917,0.4095909430738011,0.4095909430738011,0.4095909430738011,113.52524471474754,1.026529129739984,1.8202009357255113,435369.31348105683,108842.32837026421,326526.9851107926,28.381311178686886,260,1733.55,1345.45,0.7291402064049379,180.40689976563408,242.68979531814085,0.689589905362776,2.212223472065992,2435
robustness,PEAK_DEMAND,5,AGGRESSIVE_SURGE,NEAREST_DRIVER,9363,4037,598,1124,3562,4.82065890512757,3.0,11.0,0.18391541172701056,0.43116522482110436,0.43116522482110436,0.43116522482110436,127.70419041456321,1.1561610647173197,1.5688401700622572,515541.81670359167,128885.45417589792,386656.36252769374,31.926047603640804,260,1725.0666666666666,1331.55,0.7320745816742651,213.0950348957352,290.38065602320137,0.6875578474150469,2.3401994125830887,1722
robustness,PEAK_DEMAND,5,AGGRESSIVE_SURGE,ETA_OPTIMIZED,9363,4231,530,1123,3432,4.906877806665091,4.0,11.0,0.17654597885293175,0.45188507956851437,0.45188507956851437,0.45188507956851437,125.12015908797277,1.1285094855917592,1.3761535642015965,529383.3931012128,132345.8482753032,397037.5448259096,31.28003977199319,260,1735.35,1330.5,0.7245025376700523,216.93301850093363,298.41228472447165,0.6918247052793439,2.4381248739447376,1653
robustness,PEAK_DEMAND,5,AGGRESSIVE_SURGE,DRIVER_EARNINGS_AWARE,9363,4027,595,1147,3548,4.831388130121678,3.0,11.0,0.18605147922674356,0.43009719107123784,0.43009719107123784,0.43009719107123784,129.11568505501955,1.167760191287521,1.5818595043210524,519948.8637165638,129987.21592914095,389961.6477874229,32.27892126375489,260,1723.8166666666666,1334.4333333333334,0.7401490752749474,216.95243261334042,292.23014597014173,0.6910752118644068,2.3360952924228213,1742
robustness,PEAK_DEMAND,5,AGGRESSIVE_SURGE,MARKETPLACE_AWARE,9363,4073,614,1082,3553,4.815860545052787,3.0,11.0,0.1811385239773577,0.43501014632062374,0.43501014632062374,0.43501014632062374,129.5231585345986,1.166375533534586,1.5561292296787042,527547.8247114201,131886.95617785503,395660.8685335651,32.38078963364965,260,1724.1833333333334,1337.9166666666667,0.7385499387867283,218.70608610301335,295.7290826784665,0.6858085808580858,2.3622777933514416,1696
robustness,PEAK_DEMAND,5,AGGRESSIVE_SURGE,ADVANCED_HEURISTIC,9363,3857,538,1436,3488,5.1415607985480944,3.0,12.0,0.21082986222364627,0.4119406173235074,0.4119406173235074,0.4119406173235074,122.50549783346567,1.1055722635466219,1.6905471498293079,472503.70514367707,118125.92628591927,354377.7788577578,30.626374458366417,260,1730.9333333333334,1323.7833333333333,0.7275365306046648,196.23858331182916,267.7007406985719,0.689900426742532,2.2282776151594517,1974
robustness,PEAK_DEMAND,5,CAPPED_SMOOTHED_SURGE,NEAREST_DRIVER,9363,4020,1003,1299,2995,5.793034825870647,4.0,13.0,0.24586136921926732,0.4293495674463313,0.4293495674463313,0.4293495674463313,122.1258592145416,1.1049941893958712,1.7156376734388326,490945.9540424573,122736.48851061432,368209.46553184296,30.5314648036354,260,1722.6666666666667,1374.6333333333334,0.7537427470098084,204.57815373605044,267.86013157339625,0.6887604367373154,2.33359133126935,2302
robustness,PEAK_DEMAND,5,CAPPED_SMOOTHED_SURGE,ETA_OPTIMIZED,9363,4223,830,1359,2906,5.565237982476912,4.0,12.0,0.23379258784577592,0.4510306525686212,0.4510306525686212,0.4510306525686212,118.38321498072996,1.06790679826086,1.5044419919902225,499932.31686362263,124983.07921590566,374949.237647717,29.59580374518249,260,1746.0666666666666,1377.4666666666667,0.7425874969790965,203.13395247423944,272.20204068898244,0.690985015966593,2.41857890114925,2189
robustness,PEAK_DEMAND,5,CAPPED_SMOOTHED_SURGE,DRIVER_EARNINGS_AWARE,9363,4041,1001,1293,2981,5.710715169512497,4.0,12.0,0.24500694221937414,0.43159243832105093,0.43159243832105093,0.43159243832105093,121.9274756566299,1.1046249515344255,1.6890490999372116,492708.9291284414,123177.23228211034,369531.696846331,30.481868914157474,260,1723.25,1368.8166666666666,0.7627289009329781,207.26336011812467,269.9643464644628,0.6905006418485238,2.3449876686493543,2294
robustness,PEAK_DEMAND,5,CAPPED_SMOOTHED_SURGE,MARKETPLACE_AWARE,9363,4069,1004,1295,2948,5.693782256082575,4.0,13.0,0.24554095909430737,0.4345829328206771,0.4345829328206771,0.4345829328206771,121.46439687618002,1.1022887746866885,1.6810791023788108,494238.6308891765,123559.65772229413,370678.9731668824,30.366099219045005,260,1724.7,1371.6666666666667,0.7489994111549996,204.2175592690259,270.23983462956187,0.6933623782675551,2.359250884211747,2299
robustness,PEAK_DEMAND,5,CAPPED_SMOOTHED_SURGE,ADVANCED_HEURISTIC,9363,3852,806,1563,3095,5.7466251298027,4.0,13.0,0.25301719534337286,0.4114066004485742,0.4114066004485742,0.4114066004485742,115.95282080106068,1.050493172342029,1.7781894507105165,446650.26572568575,111662.56643142144,334987.6992942643,28.98820520026517,260,1730.7833333333333,1339.45,0.7313983690907896,185.20268682328793,250.09347067398133,0.689259119020573,2.225581865629243,2369
robustness,SUPPLY_SHORTAGE,0,NO_SURGE,NEAREST_DRIVER,5893,2185,979,950,1745,6.736384439359267,5.0,14.0,0.3273375190904463,0.37077889020872223,0.37077889020872223,0.37077889020872223,110.74168962126683,1.0,1.8579624747245909,241970.591822468,60492.647955617,181477.943866851,27.685422405316707,156,1009.8166666666667,792.1333333333333,0.7453567087956928,176.1757299620263,229.10024894822124,0.6918541166193493,2.1637590981861394,1929
robustness,SUPPLY_SHORTAGE,0,NO_SURGE,ETA_OPTIMIZED,5893,2291,717,1043,1810,6.166302924487123,4.0,13.0,0.29865942643814697,0.38876633293738333,0.38876633293738333,0.38876633293738333,110.28924154953911,1.0,1.6680510484077107,252672.65238999412,63168.16309749853,189504.4892924956,27.57231038738478,156,1021.25,793.6,0.7342691198462581,180.61688486559282,238.7909391286487,0.6931794766124046,2.243329253365973,1760
robustness,SUPPLY_SHORTAGE,0,NO_SURGE,DRIVER_EARNINGS_AWARE,5893,2160,975,938,1790,6.699537037037037,5.0,15.0,0.324622433395554,0.3665365688104531,0.3665365688104531,0.3665365688104531,110.64012719612442,1.0,1.8831774614011085,238982.67474362877,59745.66868590719,179237.00605772156,27.660031799031106,156,1011.5166666666667,783.6833333333333,0.7466472918213325,177.6866278725535,228.71100919723727,0.6981680071492404,2.1354072267716795,1913
robustness,SUPPLY_SHORTAGE,0,NO_SURGE,MARKETPLACE_AWARE,5893,2180,960,970,1752,6.572018348623853,5.0,15.0,0.32750721194637705,0.3699304259290684,0.3699304259290684,0.3699304259290684,109.9396027541729,1.0,1.8474797276276855,239668.33400409692,59917.08350102423,179751.2505030727,27.484900688543224,156,1011.9666666666667,785.9166666666666,0.7388190813015186,174.59165728075254,228.7154072777937,0.6901867129830656,2.154221153529431,1930
robustness,SUPPLY_SHORTAGE,0,NO_SURGE,ADVANCED_HEURISTIC,5893,2072,733,1153,1907,6.364382239382239,4.0,14.0,0.3200407262854234,0.35160359748854575,0.35160359748854575,0.35160359748854575,110.74505718722038,1.0,1.871574493720947,229463.75849192063,57365.93962298016,172097.81886894046,27.686264296805096,156,1015.6833333333333,766.05,0.7118281327355965,165.93517190170837,224.65611757579853,0.6838451830037863,2.0400059073530135,1886
robustness,SUPPLY_SHORTAGE,0,BASIC_SURGE,NEAREST_DRIVER,5893,2171,800,937,1959,6.487333026255182,5.0,14.0,0.2947564907517394,0.3684031902256915,0.3684031902256915,0.3684031902256915,114.80636141121352,1.0392305626559877,1.8824642122468842,249244.61062374455,62311.15265593614,186933.4579678084,28.70159035280338,156,1012.7,785.2666666666667,0.7358741475730242,179.87676428645952,238.05092703261107,0.685489166119501,2.1437740693196403,1737
robustness,SUPPLY_SHORTAGE,0,BASIC_SURGE,ETA_OPTIMIZED,5893,2315,634,1008,1904,5.9844492440604755,4.0,13.0,0.27863566943831664,0.3928389614797217,0.3928389614797217,0.3928389614797217,113.72338457422806,1.0250440419753217,1.6302384072899039,263269.63528933795,65817.40882233449,197452.22646700346,28.430846143557016,156,1021.5333333333333,801.4,0.7432780271492694,187.78512568445012,246.3841108896974,0.6852760736196319,2.2662011355478695,1642
robustness,SUPPLY_SHORTAGE,0,BASIC_SURGE,DRIVER_EARNINGS_AWARE,5893,2174,828,923,1935,6.3068077276908925,4.0,14.0,0.29713219073477004,0.3689122687934838,0.3689122687934838,0.3689122687934838,114.28299876829763,1.036286285430791,1.8230158452845764,248451.23932227906,62112.809830569764,186338.42949170928,28.570749692074408,156,1009.2333333333333,783.3,0.7479149105875319,182.89534416226005,237.888969094484,0.6879947229551451,2.154110380817122,1751
robustness,SUPPLY_SHORTAGE,0,BASIC_SURGE,MARKETPLACE_AWARE,5893,2140,768,982,1971,6.308411214953271,4.0,14.0,0.2969624978788393,0.36314271169183776,0.36314271169183776,0.36314271169183776,114.4781862047075,1.031651524193609,1.882849539925281,244983.31847807404,61245.82961951851,183737.48885855553,28.619546551176875,156,1009.9833333333333,786.7,0.7429641772785982,177.13269753092746,233.55470809527841,0.6925104326817483,2.118846845657519,1750
robustness,SUPPLY_SHORTAGE,0,BASIC_SURGE,ADVANCED_HEURISTIC,5893,2080,620,1119,2047,6.4408653846153845,5.0,14.0,0.29509587646360086,0.35296114033599185,0.35296114033599185,0.35296114033599185,112.7156943300894,1.0200612659002186,1.9440565272002321,234448.64420658597,58612.16105164649,175836.4831549395,28.17892358252235,156,1015.1166666666667,770.7833333333333,0.7219991962470542,169.1860130073029,228.12699178965917,0.685374149659864,2.0490255635641224,1739
robustness,SUPPLY_SHORTAGE,0,AGGRESSIVE_SURGE,NEAREST_DRIVER,5893,2174,457,877,2352,5.5524379024839,3.0,12.0,0.22637026981164093,0.3689122687934838,0.3689122687934838,0.3689122687934838,126.39764866039796,1.1406031561759231,1.784003540293099,274788.48818770517,68697.12204692629,206091.36614077887,31.59941216509949,156,1009.6833333333333,770.1,0.7272457800442204,196.44184833845836,267.6163694854939,0.6778095447547834,2.1531503276604878,1334
robustness,SUPPLY_SHORTAGE,0,AGGRESSIVE_SURGE,ETA_OPTIMIZED,5893,2264,393,903,2301,5.506183745583039,4.0,12.0,0.21992194128627185,0.38418462582725266,0.38418462582725266,0.38418462582725266,122.5441658246991,1.0979882083844281,1.5982138495632263,277439.9914271188,69359.9978567797,208079.99357033908,30.636041456174777,156,1020.1333333333333,775.3666666666667,0.723230916171235,198.03924372278138,268.3633466794279,0.6901986183074266,2.2193177362436285,1296
robustness,SUPPLY_SHORTAGE,0,AGGRESSIVE_SURGE,DRIVER_EARNINGS_AWARE,5893,2192,449,854,2368,5.557481751824818,3.0,12.900000000000091,0.2211097912777872,0.37196674020023757,0.37196674020023757,0.37196674020023757,124.39192823271826,1.1280333620207352,1.7730858012173387,272667.1066861184,68166.7766715296,204500.3300145888,31.097982058179564,156,1009.2333333333333,769.1,0.7314258203390693,198.4162769969681,265.8956312762825,0.685701539147892,2.171945701357466,1303
robustness,SUPPLY_SHORTAGE,0,AGGRESSIVE_SURGE,MARKETPLACE_AWARE,5893,2219,460,858,2324,5.328526363226679,3.0,12.0,0.22365518411674867,0.37654844731036824,0.37654844731036824,0.37654844731036824,126.05592001743051,1.1354055275665453,1.6813370724878074,279718.0865186783,69929.52162966957,209788.5648890087,31.513980004357627,156,1011.85,776.45,0.7261508302583908,198.23875305453475,270.1894067731453,0.6766179995641752,2.1930127983396748,1318
robustness,SUPPLY_SHORTAGE,0,AGGRESSIVE_SURGE,ADVANCED_HEURISTIC,5893,2044,397,1045,2378,5.847847358121331,4.0,13.0,0.2446970982521636,0.3468521975224843,0.3468521975224843,0.3468521975224843,119.94464524512416,1.082164919932612,1.8810655372726703,245166.8548810338,61291.71372025845,183875.14116077535,29.98616131128104,156,1015.05,745.0,0.6959450431418613,175.955405092152,246.81227001446354,0.6823555166374781,2.0136939067041033,1442
robustness,SUPPLY_SHORTAGE,0,CAPPED_SMOOTHED_SURGE,NEAREST_DRIVER,5893,2162,749,952,1998,6.321924144310823,4.0,14.0,0.2886475479382318,0.3668759545223146,0.3668759545223146,0.3668759545223146,119.59949755200728,1.0825003529009223,1.8463332292494044,258574.11370743974,64643.528426859935,193930.5852805798,29.89987438800182,156,1008.5333333333333,781.7333333333333,0.7360324664965628,186.27099583862807,248.077671772872,0.6927485122327529,2.1437070333157062,1701
robustness,SUPPLY_SHORTAGE,0,CAPPED_SMOOTHED_SURGE,ETA_OPTIMIZED,5893,2310,607,963,1983,5.98008658008658,4.0,13.0,0.26641778381130155,0.3919904972000679,0.3919904972000679,0.3919904972000679,116.36578618834207,1.046194701204832,1.6417607955612035,268804.9660950702,67201.24152376755,201603.72457130265,29.091446547085518,156,1021.1833333333333,796.1833333333333,0.7390086225298825,192.14596911664825,253.21269126202424,0.6846361185983828,2.262081572032446,1570
robustness,SUPPLY_SHORTAGE,0,CAPPED_SMOOTHED_SURGE,DRIVER_EARNINGS_AWARE,5893,2177,744,928,2013,6.250344510794672,4.0,14.0,0.2837264551162396,0.3694213473612761,0.3694213473612761,0.3694213473612761,118.4051707453656,1.0717994343071937,1.8669466493047024,257768.0567126609,64442.01417816523,193326.04253449567,29.6012926863414,156,1010.6,785.6666666666666,0.7507191440749534,188.89904023547132,246.066239967538,0.6916795409401898,2.1541658420740153,1672
robustness,SUPPLY_SHORTAGE,0,CAPPED_SMOOTHED_SURGE,MARKETPLACE_AWARE,5893,2198,754,926,1986,6.432666060054595,4.0,14.0,0.2850839979636857,0.3729848973358222,0.3729848973358222,0.3729848973358222,118.07026305612905,1.0705691937882675,1.8778456788888056,259518.43819737167,64879.60954934292,194638.82864802875,29.517565764032263,156,1010.05,789.6666666666666,0.7471203399890584,188.4549555320845,246.48226506715335,0.6910087719298246,2.176129894559675,1680
robustness,SUPPLY_SHORTAGE,0,CAPPED_SMOOTHED_SURGE,ADVANCED_HEURISTIC,5893,2044,579,1123,2114,6.4466731898238745,4.0,13.0,0.28881724079416254,0.3468521975224843,0.3468521975224843,0.3468521975224843,114.9034214898809,1.0397251262460916,1.975101345542784,234862.59352531657,58715.64838132914,176146.94514398742,28.725855372470225,156,1015.1166666666667,767.4833333333333,0.7196757886029597,169.90866598348956,229.51240436576788,0.6948305821025196,2.013561659579359,1702
robustness,SUPPLY_SHORTAGE,1,NO_SURGE,NEAREST_DRIVER,5862,2232,973,930,1700,6.386200716845878,4.0,14.0,0.324633230979188,0.38075742067553736,0.38075742067553736,0.38075742067553736,110.79140164529647,1.0,1.8559553382630347,247286.40847230173,61821.60211807543,185464.8063542263,27.69785041132412,156,990.9666666666667,800.45,0.7613524196729551,181.63848129446515,231.7006763123572,0.6828014564146498,2.2523461939520333,1903
robustness,SUPPLY_SHORTAGE,1,NO_SURGE,ETA_OPTIMIZED,5862,2368,828,934,1706,6.0574324324324325,4.0,13.0,0.3005800068236097,0.40395769361992495,0.40395769361992495,0.40395769361992495,111.21164103826773,1.0,1.6173491666302389,263349.16597861797,65837.29149465449,197511.87448396347,27.802910259566932,156,1002.6666666666666,805.1166666666667,0.7542320504202863,190.14686129733147,245.3208120777074,0.6875387476751394,2.3617021276595747,1762
robustness,SUPPLY_SHORTAGE,1,NO_SURGE,DRIVER_EARNINGS_AWARE,5862,2210,1027,917,1680,6.6117647058823525,4.0,15.0,0.33162743091095187,0.3770044353462982,0.3770044353462982,0.3770044353462982,111.19876989633454,1.0,1.889049308568046,245749.28147089932,61437.32036772483,184311.9611031745,27.799692474083635,156,990.5166666666667,798.5833333333334,0.7702090656865105,184.0176464515109,230.7986573346649,0.684096333261011,2.2311588228365666,1944
robustness,SUPPLY_SHORTAGE,1,NO_SURGE,MARKETPLACE_AWARE,5862,2261,1041,857,1678,6.5320654577620525,4.0,15.0,0.3237802797679973,0.38570453770044355,0.38570453770044355,0.38570453770044355,111.18894722597899,1.0,1.8691246477445174,251398.2096779385,62849.55241948462,188548.65725845387,27.797236806494748,156,989.55,800.0833333333334,0.7680214033619119,186.91668287361034,235.66127352374193,0.6834892321078965,2.2848769642766915,1898
robustness,SUPPLY_SHORTAGE,1,NO_SURGE,ADVANCED_HEURISTIC,5862,2096,787,1084,1871,6.64837786259542,5.0,14.0,0.3191743432275674,0.35755714773114977,0.35755714773114977,0.35755714773114977,111.07291274126898,1.0,1.979849389322519,232808.82510569977,58202.20627642494,174606.61882927484,27.768228185317245,156,991.55,780.0666666666667,0.7446855572409594,172.65661361608554,223.83550828468694,0.6849871685201027,2.1138621350410975,1871
robustness,SUPPLY_SHORTAGE,1,BASIC_SURGE,NEAREST_DRIVER,5862,2252,785,911,1885,6.320603907637655,4.0,14.0,0.2893210508358922,0.38416922552030025,0.38416922552030025,0.38416922552030025,114.48073090293724,1.0359068708407921,1.8703398916517533,257810.60599341465,64452.65149835366,193357.95449506099,28.62018272573431,156,991.7166666666667,800.3833333333333,0.7612528401048687,187.76578264951908,241.58168522798783,0.68337617823479,2.270809875132346,1696
robustness,SUPPLY_SHORTAGE,1,BASIC_SURGE,ETA_OPTIMIZED,5862,2329,658,966,1884,5.903392013739802,4.0,13.0,0.2770385533947458,0.3973046741726373,0.3973046741726373,0.3973046741726373,114.22238533304842,1.0236550707135066,1.629748667281357,266023.93544066977,66505.98386016744,199517.95158050233,28.555596333262105,156,1003.25,799.4833333333333,0.7521564995125672,192.1820348061579,249.55861274635996,0.691810793915399,2.321455270371293,1624
robustness,SUPPLY_SHORTAGE,1,BASIC_SURGE,DRIVER_EARNINGS_AWARE,5862,2268,820,905,1844,6.231040564373898,4.0,14.0,0.29426816786079835,0.38689866939611056,0.38689866939611056,0.38689866939611056,114.38855484234013,1.0332610940831637,1.8254628022518395,259433.24238242742,64858.310595606854,194574.93178682055,28.597138710585032,156,989.85,800.4666666666667,0.776164401849514,193.39028244154417,243.0768698927549,0.6872985170857512,2.291256250947113,1725
robustness,SUPPLY_SHORTAGE,1,BASIC_SURGE,MARKETPLACE_AWARE,5862,2288,825,881,1839,6.19493006993007,4.0,14.0,0.2910269532582736,0.3903104742408734,0.3903104742408734,0.3903104742408734,115.01557728346305,1.0329928104405157,1.792529675736236,263155.64082456345,65788.91020614086,197366.7306184226,28.75389432086576,156,990.65,806.25,0.7705152166054094,194.4571490954458,244.79594495308226,0.6763274804315633,2.3095947105435823,1706
robustness,SUPPLY_SHORTAGE,1,BASIC_SURGE,ADVANCED_HEURISTIC,5862,2074,657,1095,2009,6.5732883317261335,5.0,14.0,0.29887410440122825,0.3538041624019106,0.3538041624019106,0.3538041624019106,113.67295793735946,1.0215858260972315,2.020853560712365,235757.71476208352,58939.42869052088,176818.28607156264,28.418239484339864,156,992.9166666666666,776.7,0.7413818257782717,172.8762951384244,227.65325875056342,0.6893874029335634,2.0887956357532524,1752
robustness,SUPPLY_SHORTAGE,1,AGGRESSIVE_SURGE,NEAREST_DRIVER,5862,2236,465,848,2288,5.348389982110913,3.0,12.0,0.22398498805868305,0.38143978164448994,0.38143978164448994,0.38143978164448994,125.07184130041851,1.1239728547678447,1.7087030458160362,279660.6371477358,69915.15928693395,209745.47786080185,31.267960325104628,156,990.8166666666667,779.5,0.7455932654769586,202.21156364059095,269.0769440164231,0.6807532296912634,2.256724251038705,1313
robustness,SUPPLY_SHORTAGE,1,AGGRESSIVE_SURGE,ETA_OPTIMIZED,5862,2363,414,840,2216,5.31950909860347,4.0,12.0,0.21392016376663256,0.40310474240873423,0.40310474240873423,0.40310474240873423,122.31773300724716,1.094222012892796,1.535816904243615,289036.803096125,72259.20077403125,216777.60232209376,30.57943325181179,156,999.05,790.05,0.7458184286044443,207.8162980514933,274.38466213795806,0.6840990895617193,2.365246984635404,1254
robustness,SUPPLY_SHORTAGE,1,AGGRESSIVE_SURGE,DRIVER_EARNINGS_AWARE,5862,2248,452,804,2331,5.35720640569395,3.0,12.0,0.21426134425110885,0.3834868645513477,0.3834868645513477,0.3834868645513477,123.19787396974374,1.1076553511007563,1.7227674459395288,276948.8206839839,69237.20517099598,207711.61551298795,30.799468492435935,156,988.5333333333333,780.9333333333333,0.7609413657813031,205.4311363543205,265.97867788072557,0.6791703442188879,2.274076072295657,1256
robustness,SUPPLY_SHORTAGE,1,AGGRESSIVE_SURGE,MARKETPLACE_AWARE,5862,2282,460,814,2278,5.2449605609114816,3.0,12.0,0.21733196861139542,0.3892869327874446,0.3892869327874446,0.3892869327874446,123.73432078307678,1.1168278960609066,1.6796141772964355,282361.7200269812,70590.4300067453,211771.2900202359,30.933580195769196,156,991.2166666666667,787.1166666666667,0.7502563561154012,205.0514176888726,269.0468884581734,0.6775873291386418,2.3022211759958298,1274
robustness,SUPPLY_SHORTAGE,1,AGGRESSIVE_SURGE,ADVANCED_HEURISTIC,5862,2058,401,1016,2360,5.967930029154519,4.0,13.0,0.24172637325145002,0.3510747185261003,0.3510747185261003,0.3510747185261003,119.67975954740834,1.0748795702261196,1.9543129003061177,246300.94514856636,61575.23628714159,184725.70886142476,29.919939886852084,156,989.9333333333333,759.9333333333333,0.7317833487028649,181.13692373062793,243.08146617434613,0.6839549768263077,2.0789278739309047,1417
robustness,SUPPLY_SHORTAGE,1,CAPPED_SMOOTHED_SURGE,NEAREST_DRIVER,5862,2241,750,920,1923,6.0981704596162425,4.0,14.0,0.28488570453770046,0.38229273285568066,0.38229273285568066,0.38229273285568066,118.34065609087315,1.0671250030036488,1.7969056448280305,265201.4102996467,66300.35257491168,198901.05772473506,29.58516402271829,156,991.2333333333333,798.6666666666666,0.7601177609533502,194.50773220116125,249.0413911411541,0.6836012861736335,2.260819854053872,1670
robustness,SUPPLY_SHORTAGE,1,CAPPED_SMOOTHED_SURGE,ETA_OPTIMIZED,5862,2336,616,982,1903,5.79195205479452,4.0,13.0,0.27260320709655406,0.39849880586830433,0.39849880586830433,0.39849880586830433,115.6391683761932,1.0450569039587971,1.6247041767249892,270133.0973267873,67533.27433169683,202599.82299509048,28.9097920940483,156,996.7,796.9,0.7526424812962016,195.13841533402032,254.2349391330035,0.6811328443357784,2.3437343232667804,1598
robustness,SUPPLY_SHORTAGE,1,CAPPED_SMOOTHED_SURGE,DRIVER_EARNINGS_AWARE,5862,2278,785,864,1904,6.136523266022827,4.0,14.0,0.2813033094506994,0.388604571818492,0.388604571818492,0.388604571818492,118.6936815257241,1.0737833309717122,1.7887218539128047,270384.2065155995,67596.05162889988,202788.15488669963,29.673420381431026,156,990.7166666666667,798.6666666666666,0.774199586349799,198.89869566096814,253.90837423209467,0.6816326530612244,2.2993455915751224,1649
robustness,SUPPLY_SHORTAGE,1,CAPPED_SMOOTHED_SURGE,MARKETPLACE_AWARE,5862,2241,783,887,1925,6.091030789825971,4.0,14.0,0.28488570453770046,0.38229273285568066,0.38229273285568066,0.38229273285568066,119.87695372483424,1.0739140460249228,1.8153553015870814,268644.2532973535,67161.06332433838,201483.18997301513,29.96923843120856,156,991.2666666666667,795.05,0.7615059816155283,197.03704017595217,253.42203631597403,0.6865476708750544,2.2607438294438094,1670
robustness,SUPPLY_SHORTAGE,1,CAPPED_SMOOTHED_SURGE,ADVANCED_HEURISTIC,5862,2144,644,1039,2011,6.3278917910447765,5.0,13.0,0.28710337768679633,0.3657454793585807,0.3657454793585807,0.3657454793585807,116.58373869563793,1.046562719772992,1.9154805336687937,249955.53576344773,62488.88394086193,187466.6518225858,29.145934673909483,156,995.0333333333333,782.0666666666667,0.7445212137512786,181.6337995403538,239.7067408864365,0.6707112970711298,2.1547016850356773,1683
robustness,SUPPLY_SHORTAGE,2,NO_SURGE,NEAREST_DRIVER,5925,2244,843,1018,1790,7.5837789661319075,6.0,15.0,0.3140928270042194,0.37873417721518987,0.37873417721518987,0.37873417721518987,109.97005916656718,1.0,2.098624671291504,246772.81276977676,61693.20319244419,185079.60957733257,27.492514791641796,156,1001.5666666666667,835.3333333333334,0.7887121192728822,181.1675103713278,221.56377842458008,0.6945147679324895,2.2404898991579856,1861
robustness,SUPPLY_SHORTAGE,2,NO_SURGE,ETA_OPTIMIZED,5925,2405,610,1085,1798,6.48981288981289,5.0,13.0,0.28607594936708863,0.4059071729957806,0.4059071729957806,0.4059071729957806,110.16684529857716,1.0,1.7833847237886449,264951.26294307807,66237.81573576952,198713.44720730855,27.54171132464429,156,1011.25,837.4,0.7793932378821792,189.96746490289382,237.29812181431643,0.6968496136318605,2.3782447466007417,1695
robustness,SUPPLY_SHORTAGE,2,NO_SURGE,DRIVER_EARNINGS_AWARE,5925,2272,845,997,1782,7.455105633802817,6.0,15.0,0.31088607594936707,0.38345991561181436,0.38345991561181436,0.38345991561181436,109.26440528139346,1.0,2.071290665234175,248248.72879932597,62062.18219983149,186186.54659949447,27.316101320348366,156,997.5833333333334,827.75,0.7905228459905027,184.31111649772632,224.93089290183565,0.6972515856236786,2.2775039679224793,1842
robustness,SUPPLY_SHORTAGE,2,NO_SURGE,MARKETPLACE_AWARE,5925,2228,822,1085,1762,7.239228007181328,5.0,15.0,0.3218565400843882,0.3760337552742616,0.3760337552742616,0.3760337552742616,110.06757394254554,1.0,2.004571125139466,245230.55474399147,61307.63868599787,183922.9160579936,27.516893485636384,156,1001.2833333333333,826.3333333333334,0.776123111350116,179.12420619461525,222.57714730697086,0.6967674661105318,2.225144398022538,1907
robustness,SUPPLY_SHORTAGE,2,NO_SURGE,ADVANCED_HEURISTIC,5925,2209,579,1169,1938,6.76595744680851,5.0,14.0,0.2950210970464135,0.3728270042194093,0.3728270042194093,0.3728270042194093,110.79999800843869,1.0,2.035636162303928,244757.19560064108,61189.29890016027,183567.8967004808,27.699999502109673,156,1013.5,822.1666666666666,0.768465115854495,176.96517756801728,223.27333878023205,0.7003699136868065,2.179575727676369,1748
robustness,SUPPLY_SHORTAGE,2,BASIC_SURGE,NEAREST_DRIVER,5925,2249,709,1001,1936,7.0431302801245,5.0,14.0,0.28860759493670884,0.37957805907173,0.37957805907173,0.37957805907173,114.89341232396411,1.0418110428486957,2.025620109323223,258395.2843165953,64598.82107914882,193796.46323744647,28.72335308099103,156,999.6833333333333,824.9666666666667,0.7739163478692263,186.3205292499152,234.9142954108608,0.6906065711878686,2.2497124089294944,1710
robustness,SUPPLY_SHORTAGE,2,BASIC_SURGE,ETA_OPTIMIZED,5925,2422,550,1061,1861,6.390173410404624,5.0,13.0,0.27189873417721516,0.40877637130801686,0.40877637130801686,0.40877637130801686,112.94633603339994,1.0221797297649113,1.7755321523431966,273556.0258728947,68389.00646822367,205167.019404671,28.236584008349986,156,1014.8666666666667,841.6666666666666,0.7805637157379177,195.09373168087308,243.7627953322824,0.6922773837667455,2.386520396768048,1611
robustness,SUPPLY_SHORTAGE,2,BASIC_SURGE,DRIVER_EARNINGS_AWARE,5925,2247,680,1016,1953,7.076991544281264,5.0,14.0,0.2862447257383966,0.37924050632911394,0.37924050632911394,0.37924050632911394,114.93226974813963,1.0392955064938338,2.0414668986896767,258252.81012406974,64563.202531017436,193689.60759305232,28.733067437034908,156,997.75,828.6166666666667,0.7944134771182298,191.92053567813753,233.7505572657871,0.6979851537645811,2.2520671510899524,1696
robustness,SUPPLY_SHORTAGE,2,BASIC_SURGE,MARKETPLACE_AWARE,5925,2251,674,1010,1959,6.836517103509551,5.0,14.0,0.2842194092827004,0.37991561181434597,0.37991561181434597,0.37991561181434597,113.85551376540431,1.033978831013822,1.9882688700012079,256288.76148592512,64072.19037148128,192216.57111444382,28.463878441351078,156,998.9,823.35,0.7753325109151606,186.79874593278495,233.45669656214713,0.6891495601173021,2.2534788267093804,1684
robustness,SUPPLY_SHORTAGE,2,BASIC_SURGE,ADVANCED_HEURISTIC,5925,2133,509,1240,2017,6.581340834505392,5.0,14.0,0.2951898734177215,0.36,0.36,0.36,111.79230454652621,1.0102530372871614,2.079633612379608,238452.9855977404,59613.2463994351,178839.7391983053,27.948076136631553,156,1007.25,808.2833333333333,0.7596627006141673,172.93236779590472,221.2587242901276,0.6975359342915811,2.1176470588235294,1749
robustness,SUPPLY_SHORTAGE,2,AGGRESSIVE_SURGE,NEAREST_DRIVER,5925,2265,403,903,2328,5.989845474613687,4.0,13.0,0.22042194092827005,0.3822784810126582,0.3822784810126582,0.3822784810126582,122.66613546690773,1.1090360507794716,1.9665592072499916,277838.796832546,69459.6992081365,208379.0976244095,30.666533866726933,156,1001.8166666666667,811.6166666666667,0.7622940439053901,200.30134342512886,256.7457103613071,0.6849667595968261,2.2608927115739736,1306
robustness,SUPPLY_SHORTAGE,2,AGGRESSIVE_SURGE,ETA_OPTIMIZED,5925,2468,347,913,2169,5.822123176661264,4.0,12.0,0.21265822784810126,0.4165400843881856,0.4165400843881856,0.4165400843881856,119.46184169502828,1.0800108612060335,1.697019333363559,294831.8253033298,73707.95632583245,221123.86897749733,29.86546042375707,156,1018.1,833.0333333333333,0.7696325835213143,208.64839885422728,265.4442026859638,0.6907801418439716,2.424123367056281,1260
robustness,SUPPLY_SHORTAGE,2,AGGRESSIVE_SURGE,DRIVER_EARNINGS_AWARE,5925,2298,407,901,2294,5.801131418624891,4.0,12.0,0.22075949367088607,0.3878481012658228,0.3878481012658228,0.3878481012658228,123.20808385997167,1.121094403765621,1.901282603619948,283132.1767102149,70783.04417755372,212349.13253266114,30.802020964992916,156,998.7666666666667,809.2,0.7723006565980177,207.14026526028928,262.4186017457503,0.6826271186440678,2.30083769982979,1308
robustness,SUPPLY_SHORTAGE,2,AGGRESSIVE_SURGE,MARKETPLACE_AWARE,5925,2302,410,906,2283,5.724152910512598,4.0,13.0,0.22210970464135021,0.38852320675105484,0.38852320675105484,0.38852320675105484,122.54757119331435,1.1114250703938398,1.859548504639592,282104.50888700964,70526.12722175241,211578.3816652572,30.63689279832859,156,999.9,815.8166666666667,0.7654069820249214,203.11342474273124,259.3455004170756,0.6835871404399323,2.302230223022302,1316
robustness,SUPPLY_SHORTAGE,2,AGGRESSIVE_SURGE,ADVANCED_HEURISTIC,5925,2203,351,1068,2275,5.974580118020881,4.0,13.0,0.23949367088607595,0.37181434599156116,0.37181434599156116,0.37181434599156116,118.06827853177327,1.0701468208594511,1.9311670922192619,260104.41760549654,65026.104401374134,195078.31320412242,29.51706963294332,156,1008.85,799.6166666666667,0.7440400122111017,186.54939945974635,243.9647913009847,0.6800659657802515,2.183674480844526,1419
robustness,SUPPLY_SHORTAGE,2,CAPPED_SMOOTHED_SURGE,NEAREST_DRIVER,5925,2234,630,1024,2008,7.007609668755595,5.0,14.0,0.2791561181434599,0.3770464135021097,0.3770464135021097,0.3770464135021097,118.67153371169462,1.0743791268772345,2.0904015921717165,265112.2063119258,66278.05157798145,198834.15473394434,29.667883427923655,156,998.6666666666666,832.3166666666667,0.7873871141934816,193.85119288580879,238.89243445076312,0.6959559601947914,2.2369826435246996,1654
robustness,SUPPLY_SHORTAGE,2,CAPPED_SMOOTHED_SURGE,ETA_OPTIMIZED,5925,2407,514,1067,1908,6.164935604486913,5.0,13.0,0.2668354430379747,0.40624472573839665,0.40624472573839665,0.40624472573839665,113.76472355814974,1.033807159599554,1.748579902269066,273831.68960446643,68457.92240111661,205373.76720334982,28.441180889537435,156,1015.2333333333333,833.2833333333333,0.766818421496176,193.35895743506967,246.4633084425264,0.7025671881267549,2.370883540729553,1581
robustness,SUPPLY_SHORTAGE,2,CAPPED_SMOOTHED_SURGE,DRIVER_EARNINGS_AWARE,5925,2237,683,977,1999,6.9369691551184625,5.0,14.0,0.280168776371308,0.3775527426160338,0.3775527426160338,0.3775527426160338,119.80642236158485,1.0838587745616834,2.0351531071666518,268006.9668228653,67001.74170571633,201005.22511714898,29.951605590396213,156,998.0333333333333,824.15,0.7893256296080317,197.7737993101183,243.89398182023777,0.701948051948052,2.2414081026017834,1660
robustness,SUPPLY_SHORTAGE,2,CAPPED_SMOOTHED_SURGE,MARKETPLACE_AWARE,5925,2273,665,986,1973,6.822261328640563,5.0,14.0,0.27864978902953585,0.3836286919831224,0.3836286919831224,0.3836286919831224,120.23908408355324,1.0888818584110425,1.9604214562156015,273303.4381219165,68325.85953047912,204977.57859143737,30.05977102088831,156,999.6666666666666,827.0833333333334,0.7793250751382843,197.83346969773802,247.83183305765724,0.6958915713680643,2.2737579193064357,1651
robustness,SUPPLY_SHORTAGE,2,CAPPED_SMOOTHED_SURGE,ADVANCED_HEURISTIC,5925,2160,499,1196,2043,6.474074074074074,5.0,13.0,0.28607594936708863,0.36455696202531646,0.36455696202531646,0.36455696202531646,112.68141791637397,1.0228445094954501,2.037850919672945,243391.86269936778,60847.965674841944,182543.89702452582,28.170354479093493,156,1008.9166666666666,806.9666666666667,0.7533790967574728,176.21918349543276,226.20995954957968,0.6919615463284925,2.140910217229702,1695
robustness,SUPPLY_SHORTAGE,3,NO_SURGE,NEAREST_DRIVER,5983,2378,952,924,1701,6.502102607232969,5.0,14.0,0.31355507270600036,0.39745946849406655,0.39745946849406655,0.39745946849406655,109.20615205987241,1.0,1.869079046730173,259692.22959837658,64923.057399594145,194769.17219878244,27.301538014968102,156,1025.9166666666667,833.2833333333333,0.7923899287593474,188.4922719121197,233.73703086039052,0.685890834191555,2.3179270571034034,1876
robustness,SUPPLY_SHORTAGE,3,NO_SURGE,ETA_OPTIMIZED,5983,2494,712,995,1754,6.216118684843624,5.0,13.0,0.28530837372555573,0.4168477352498746,0.4168477352498746,0.4168477352498746,109.29845602198446,1.0,1.7045261846871247,272590.34931882925,68147.58732970731,204442.76198912194,27.324614005496116,156,1037.3166666666666,836.6666666666666,0.7826935184983059,195.3042624198356,244.35389879177922,0.6815891472868217,2.4042802744260032,1707
robustness,SUPPLY_SHORTAGE,3,NO_SURGE,DRIVER_EARNINGS_AWARE,5983,2342,928,944,1739,6.5,5.0,14.0,0.3128865117833863,0.3914424201905399,0.3914424201905399,0.3914424201905399,108.89665936202671,1.0,1.881137071216525,255035.97622586656,63758.99405646664,191276.9821693999,27.224164840506678,156,1023.7666666666667,825.05,0.7878490014919416,186.48521295360362,231.8368367606811,0.6804843012517956,2.2876306450037442,1872
robustness,SUPPLY_SHORTAGE,3,NO_SURGE,MARKETPLACE_AWARE,5983,2398,933,918,1707,6.48790658882402,5.0,14.0,0.30937656693966237,0.4008022731071369,0.4008022731071369,0.4008022731071369,109.29772984892668,1.0,1.8860339317370252,262095.95617772618,65523.989044431546,196571.96713329465,27.32443246223167,156,1028.6333333333334,838.2666666666667,0.7986900283945957,191.53606779729782,234.49813162075864,0.6844799344799345,2.3312485822612525,1851
robustness,SUPPLY_SHORTAGE,3,NO_SURGE,ADVANCED_HEURISTIC,5983,2168,725,1131,1928,6.837638376383764,5.0,14.0,0.31021226809292995,0.36236002005682766,0.36236002005682766,0.36236002005682766,109.4733858746799,1.0,2.069815457275112,237338.30057630604,59334.57514407651,178003.72543222952,27.368346468669976,156,1031.25,804.3166666666667,0.7567328030916007,171.25217046992927,221.3105022054699,0.6808423635248415,2.1023030303030303,1856
robustness,SUPPLY_SHORTAGE,3,BASIC_SURGE,NEAREST_DRIVER,5983,2352,760,940,1902,6.009353741496598,4.0,13.0,0.28413839211098113,0.39311382249707505,0.39311382249707505,0.39311382249707505,113.26687857580582,1.0380911802411055,1.8313586781823772,266403.6984102953,66600.92460257382,199802.77380772147,28.316719643951455,156,1027.8666666666666,822.3333333333334,0.7760109770307176,191.75647398612045,242.97053969321624,0.67886345053148,2.288234531067584,1700
robustness,SUPPLY_SHORTAGE,3,BASIC_SURGE,ETA_OPTIMIZED,5983,2451,631,993,1882,5.872297021623827,4.0,12.0,0.2714357345813137,0.40966070533177334,0.40966070533177334,0.40966070533177334,112.45079720645823,1.0228731021289856,1.6852818953722608,275616.90395302913,68904.22598825728,206712.67796477186,28.11269930161456,156,1036.9666666666667,828.7,0.7742533508964307,196.84276834089198,249.44211169877136,0.6922002792738879,2.363624674531486,1624
robustness,SUPPLY_SHORTAGE,3,BASIC_SURGE,DRIVER_EARNINGS_AWARE,5983,2377,776,900,1902,6.275978123685317,5.0,13.0,0.2801270265752967,0.397292328263413,0.397292328263413,0.397292328263413,113.44203974168369,1.0404196666934507,1.884100288882059,269651.72846598213,67412.93211649553,202238.7963494866,28.36050993542092,156,1024.8833333333334,829.5833333333334,0.7910710994458038,195.37778716766604,243.7835817372013,0.6861116877724724,2.319288374286504,1676
robustness,SUPPLY_SHORTAGE,3,BASIC_SURGE,MARKETPLACE_AWARE,5983,2415,780,915,1846,6.031055900621118,4.0,13.0,0.28330269095771354,0.40364365702824667,0.40364365702824667,0.40364365702824667,113.70094133430278,1.039672350963668,1.8132342395088172,274587.7733223412,68646.9433305853,205940.8299917559,28.425235333575696,156,1027.5166666666667,835.55,0.7883762917489562,196.90999310976147,246.47337680779833,0.6835030549898167,2.3503268397917307,1695
robustness,SUPPLY_SHORTAGE,3,BASIC_SURGE,ADVANCED_HEURISTIC,5983,2167,592,1157,2036,6.42455006922012,5.0,13.0,0.2923282634130035,0.36219287982617415,0.36219287982617415,0.36219287982617415,111.63626333919616,1.0166899430904612,2.0367230366231057,241915.7826560381,60478.94566400952,181436.83699202858,27.90906583479904,156,1030.5333333333333,803.5333333333333,0.7571749197948585,173.9537312323735,225.79876834650534,0.687359147715632,2.1027946694268342,1749
robustness,SUPPLY_SHORTAGE,3,AGGRESSIVE_SURGE,NEAREST_DRIVER,5983,2402,454,815,2285,5.466278101582015,3.0,12.0,0.21210095269931473,0.401470834029751,0.401470834029751,0.401470834029751,123.65107851444783,1.1257995289806086,1.8128657342719479,297009.8905917037,74252.47264792593,222757.41794377778,30.912769628611958,156,1028.65,821.1833333333333,0.777507497804294,213.22428646855528,271.26392962648754,0.6791623036649215,2.335099402129004,1269
robustness,SUPPLY_SHORTAGE,3,AGGRESSIVE_SURGE,ETA_OPTIMIZED,5983,2484,410,839,2225,5.241545893719807,4.0,11.0,0.20875814808624435,0.41517633294333944,0.41517633294333944,0.41517633294333944,119.24756551808638,1.0882629794656937,1.554776393218981,296210.9527469266,74052.73818673164,222158.21456019493,29.811891379521594,156,1038.7666666666667,805.8,0.7534794479481537,210.2991160463733,275.69895080689366,0.6735104669887279,2.391297371883323,1249
robustness,SUPPLY_SHORTAGE,3,AGGRESSIVE_SURGE,DRIVER_EARNINGS_AWARE,5983,2358,447,833,2319,5.440203562340967,3.0,12.0,0.21393949523650344,0.39411666388099614,0.39411666388099614,0.39411666388099614,125.50316435234032,1.1404790989464826,1.7857719199930904,295936.46154281846,73984.11538570462,221952.34615711385,31.37579108808508,156,1026.95,813.55,0.7764757723534174,214.64557341789356,272.8195515421472,0.6807024968260685,2.296119577389357,1280
robustness,SUPPLY_SHORTAGE,3,AGGRESSIVE_SURGE,MARKETPLACE_AWARE,5983,2368,449,831,2307,5.2673141891891895,3.0,12.0,0.21393949523650344,0.3957880661875313,0.3957880661875313,0.3957880661875313,123.77634704198051,1.1188608905201831,1.7294262324496266,293102.38979540986,73275.59744885247,219826.7923465574,30.94408676049513,156,1026.8166666666666,815.3666666666667,0.7722671970286716,211.0806131687799,269.604830971617,0.6689483509645302,2.306156568033891,1280
robustness,SUPPLY_SHORTAGE,3,AGGRESSIVE_SURGE,ADVANCED_HEURISTIC,5983,2160,405,1045,2342,5.703703703703703,4.0,12.0,0.24235333444760154,0.36102289821159955,0.36102289821159955,0.36102289821159955,118.28510372886363,1.0750254301400597,1.9062480311803955,255495.82405434546,63873.956013586365,191621.8680407591,29.571275932215908,156,1027.0833333333333,779.9333333333333,0.7359915726862071,184.55250930410935,245.6900607412075,0.6760033444816054,2.1030425963488844,1450
robustness,SUPPLY_SHORTAGE,3,CAPPED_SMOOTHED_SURGE,NEAREST_DRIVER,5983,2335,727,942,1952,6.290792291220557,5.0,13.0,0.27895704496072204,0.3902724385759652,0.3902724385759652,0.3902724385759652,117.09080577011034,1.0697978749661208,1.9243792286191326,273407.03147320764,68351.75786830191,205055.27360490573,29.272701442527584,156,1027.0333333333333,829.5,0.7805976665682047,195.4192438189992,247.20346426148976,0.6796955358979634,2.2735386712537733,1669
robustness,SUPPLY_SHORTAGE,3,CAPPED_SMOOTHED_SURGE,ETA_OPTIMIZED,5983,2464,610,966,1914,6.00689935064935,5.0,12.0,0.26341300350994484,0.4118335283302691,0.4118335283302691,0.4118335283302691,115.59695664812922,1.0510963089324308,1.6711332978423055,284830.9011809904,71207.7252952476,213623.1758857428,28.899239162032305,156,1038.0166666666667,827.7333333333333,0.7758098556710029,203.30124413703092,258.082122928974,0.6795677799607073,2.3737576467943673,1576
robustness,SUPPLY_SHORTAGE,3,CAPPED_SMOOTHED_SURGE,DRIVER_EARNINGS_AWARE,5983,2353,739,910,1953,6.220994475138122,4.0,13.0,0.2756142403476517,0.39328096272772856,0.39328096272772856,0.39328096272772856,116.71459402479462,1.0682000112413401,1.901400717042252,274629.43974034174,68657.35993508543,205972.0798052563,29.178648506198655,156,1026.0,826.6666666666666,0.7862555666950866,198.32851627490172,249.15977395797134,0.6843418590143481,2.293372319688109,1649
robustness,SUPPLY_SHORTAGE,3,CAPPED_SMOOTHED_SURGE,MARKETPLACE_AWARE,5983,2372,729,915,1940,6.0442664418212475,4.0,13.0,0.2747785391943841,0.3964566271101454,0.3964566271101454,0.3964566271101454,116.84903169488416,1.065770993623016,1.8506028824819913,277165.9031802652,69291.4757950663,207874.4273851989,29.21225792372104,156,1028.35,832.9666666666667,0.7873481497156966,199.29847746672547,249.55911887454346,0.6781985670419652,2.306607672485049,1644
robustness,SUPPLY_SHORTAGE,3,CAPPED_SMOOTHED_SURGE,ADVANCED_HEURISTIC,5983,2180,595,1115,2067,6.589908256880734,5.0,14.0,0.2858097944175163,0.3643657028246699,0.3643657028246699,0.3643657028246699,113.2014709906897,1.0344836258050856,2.1115685382533265,246779.20675970355,61694.80168992589,185084.40506977765,28.300367747672425,156,1032.9166666666667,809.6166666666667,0.7591886965633645,176.71893752995237,228.6074542311518,0.6917308893980421,2.110528438886648,1710
robustness,SUPPLY_SHORTAGE,4,NO_SURGE,NEAREST_DRIVER,5949,2305,992,893,1733,6.610845986984816,5.0,14.0,0.31685997646663305,0.38746007732391996,0.38746007732391996,0.38746007732391996,109.21549477879542,1.0,1.8701702143434575,251741.71546512345,62935.42886628086,188806.2865988426,27.303873694698854,156,1019.85,811.6333333333333,0.7613794430265173,180.78792412010802,232.62510156331996,0.692522561237645,2.2601362945531207,1885
robustness,SUPPLY_SHORTAGE,4,NO_SURGE,ETA_OPTIMIZED,5949,2433,798,939,1753,6.277024249897246,5.0,14.0,0.291981845688351,0.40897629853756934,0.40897629853756934,0.40897629853756934,109.49382625042644,1.0,1.6553626919733304,266398.47926728753,66599.61981682188,199798.85945046565,27.37345656260661,156,1026.1833333333334,813.7666666666667,0.7612184383491103,191.9429313603841,245.5235236764826,0.6955987717502559,2.370921375322798,1737
robustness,SUPPLY_SHORTAGE,4,NO_SURGE,DRIVER_EARNINGS_AWARE,5949,2300,998,906,1722,6.4995652173913046,4.0,14.099999999999909,0.3200537905530341,0.3866195999327618,0.3866195999327618,0.3866195999327618,109.7495669857284,1.0,1.8746073443225455,252424.00406717535,63106.00101679384,189318.00305038152,27.4373917464321,156,1018.65,813.2166666666667,0.7728786369645649,184.06101716619406,232.80143018512678,0.6946417043253712,2.2578903450645464,1904
robustness,SUPPLY_SHORTAGE,4,NO_SURGE,MARKETPLACE_AWARE,5949,2287,1037,879,1721,6.8373414954088325,5.0,15.0,0.32207093629181377,0.38443435871575055,0.38443435871575055,0.38443435871575055,110.4742083335145,1.0,1.9154677521837655,252654.51445874764,63163.62861468691,189490.88584406074,27.618552083378624,156,1020.45,815.95,0.7655769231715166,181.80931155893546,232.2334528390964,0.689349751566213,2.2411681121074034,1916
robustness,SUPPLY_SHORTAGE,4,NO_SURGE,ADVANCED_HEURISTIC,5949,2122,739,1133,1927,6.8581526861451465,6.0,14.0,0.3146747352496218,0.3566986048075307,0.3566986048075307,0.3566986048075307,109.58888751198172,1.0,2.01489056817092,232547.61930042523,58136.90482510631,174410.7144753189,27.39722187799543,156,1023.3666666666667,782.5666666666667,0.7297576783435701,166.3636853336088,222.8701041129432,0.7008966695132366,2.073548092895997,1872
robustness,SUPPLY_SHORTAGE,4,BASIC_SURGE,NEAREST_DRIVER,5949,2280,783,902,1960,6.482456140350878,5.0,14.0,0.2832408808203059,0.3832576903681291,0.3832576903681291,0.3832576903681291,114.5599984377038,1.04475467774838,1.929480003487904,261196.79643796466,65299.199109491165,195897.5973284735,28.63999960942595,156,1021.1833333333333,806.6333333333333,0.7559906159303552,186.9315213537282,242.85829661780255,0.6860017123287672,2.232703889278778,1685
robustness,SUPPLY_SHORTAGE,4,BASIC_SURGE,ETA_OPTIMIZED,5949,2441,652,939,1894,6.115116755428104,5.0,13.0,0.2674399058665322,0.4103210623634224,0.4103210623634224,0.4103210623634224,111.6466605138078,1.0272135208384414,1.6575237790155086,272529.49831420486,68132.37457855121,204397.12373565364,27.91166512845195,156,1026.9,811.8,0.7547579388268435,194.31863670886872,251.78261115503034,0.6952789699570815,2.377057162333236,1591
robustness,SUPPLY_SHORTAGE,4,BASIC_SURGE,DRIVER_EARNINGS_AWARE,5949,2292,786,880,1971,6.528359511343805,5.0,14.0,0.28004706673390484,0.3852748361069087,0.3852748361069087,0.3852748361069087,114.19252447325304,1.0406211600352773,1.944854200227257,261729.26609269597,65432.31652317399,196296.94956952197,28.54813111831326,156,1019.65,815.3333333333334,0.7744468745868313,188.7941456184788,240.7566838546876,0.6877828054298643,2.2478301377923797,1666
robustness,SUPPLY_SHORTAGE,4,BASIC_SURGE,MARKETPLACE_AWARE,5949,2327,828,850,1917,6.382466695315857,4.0,14.0,0.2820642124726845,0.39115817784501594,0.39115817784501594,0.39115817784501594,114.96144419209249,1.0502947859547598,1.8722103245331276,267515.2806349992,66878.8201587498,200636.4604762494,28.74036104802312,156,1021.8833333333333,815.1,0.767805809495836,191.51031214619525,246.1495037127339,0.6788135593220339,2.2771679741653483,1678
robustness,SUPPLY_SHORTAGE,4,BASIC_SURGE,ADVANCED_HEURISTIC,5949,2154,633,1085,2052,6.5677808727948,5.0,14.0,0.28878803160194993,0.362077660110943,0.362077660110943,0.362077660110943,112.25197581531475,1.026173860086264,1.9913140635920015,241790.755906188,60447.688976547,181343.066929641,28.062993953828688,156,1022.1833333333333,784.2666666666667,0.7323929214650351,172.39012983698174,231.22628391232698,0.6847848898216159,2.107254080318273,1718
robustness,SUPPLY_SHORTAGE,4,AGGRESSIVE_SURGE,NEAREST_DRIVER,5949,2304,453,799,2372,5.654513888888889,3.0,13.0,0.21045553874600773,0.38729198184568836,0.38729198184568836,0.38729198184568836,126.44154183522924,1.1462877018384503,1.7991244965400226,291321.3123883682,72830.32809709205,218490.98429127614,31.61038545880731,156,1021.7333333333333,795.9,0.7441731286356923,207.22162821101838,274.52064868862436,0.6788432267884322,2.25499151768237,1252
robustness,SUPPLY_SHORTAGE,4,AGGRESSIVE_SURGE,ETA_OPTIMIZED,5949,2381,368,842,2336,5.366652666946661,4.0,11.0,0.20339552866027905,0.4002353336695243,0.4002353336695243,0.4002353336695243,121.8519321413428,1.1086903513432997,1.573505797748453,290129.4504285372,72532.3626071343,217597.0878214029,30.4629830353357,156,1027.3333333333333,785.2833333333333,0.7248414242919855,203.40410256292998,277.09372984876313,0.6948608137044968,2.3176508760545103,1210
robustness,SUPPLY_SHORTAGE,4,AGGRESSIVE_SURGE,DRIVER_EARNINGS_AWARE,5949,2291,432,813,2388,5.620689655172414,3.0,12.0,0.20927887039838627,0.3851067406286771,0.3851067406286771,0.3851067406286771,126.46101846321966,1.1455622011465036,1.8081748011107508,289722.19329923624,72430.54832480906,217291.64497442718,31.615254615804915,156,1020.4333333333333,795.3166666666667,0.753546751201717,207.59192288331525,273.2139964891475,0.6875411997363217,2.245124620259367,1245
robustness,SUPPLY_SHORTAGE,4,AGGRESSIVE_SURGE,MARKETPLACE_AWARE,5949,2305,445,809,2368,5.459436008676789,3.0,12.0,0.210791729702471,0.38746007732391996,0.38746007732391996,0.38746007732391996,126.94068642058978,1.1532095937706812,1.7530675534776292,292598.28219945944,73149.57054986486,219448.7116495946,31.735171605147446,156,1020.5333333333333,792.9833333333333,0.7459429593969087,208.36349458003315,276.7381134318854,0.6775448454722283,2.258622942252417,1254
robustness,SUPPLY_SHORTAGE,4,AGGRESSIVE_SURGE,ADVANCED_HEURISTIC,5949,2157,356,1007,2403,5.9452943903569775,4.0,13.0,0.2291141368297193,0.3625819465456379,0.3625819465456379,0.3625819465456379,120.33726261048074,1.0988509312070218,1.9215874580950514,259567.47545080696,64891.86886270174,194675.6065881052,30.084315652620184,156,1021.9833333333333,774.55,0.7222053693324809,183.93866360614535,251.34027059338354,0.682791095890411,2.110601934147654,1363
robustness,SUPPLY_SHORTAGE,4,CAPPED_SMOOTHED_SURGE,NEAREST_DRIVER,5949,2297,747,902,1979,6.373530692207227,5.0,14.0,0.2771894436039671,0.3861153134980669,0.3861153134980669,0.3861153134980669,117.78428456496947,1.0794492933922792,1.896345479876896,270550.5016457349,67637.62541143372,202912.87623430116,29.446071141242367,156,1022.1833333333333,807.1166666666667,0.7560918908745603,191.63226130430002,251.4046415028408,0.6881674498077744,2.2471507068203684,1649
robustness,SUPPLY_SHORTAGE,4,CAPPED_SMOOTHED_SURGE,ETA_OPTIMIZED,5949,2445,592,931,1960,6.05357873210634,4.0,13.0,0.25600941334678096,0.410993444276349,0.410993444276349,0.410993444276349,115.14749765480111,1.0532242870824386,1.6708622545407106,281535.6317659887,70383.90794149718,211151.72382449155,28.78687441370028,156,1032.3833333333334,818.25,0.7575655994903795,198.48411831411784,258.05282471676327,0.6887041168120057,2.3683063461569507,1523
robustness,SUPPLY_SHORTAGE,4,CAPPED_SMOOTHED_SURGE,DRIVER_EARNINGS_AWARE,5949,2316,755,884,1968,6.32426597582038,4.0,14.0,0.2755084888216507,0.38930912758446795,0.38930912758446795,0.38930912758446795,118.488841032686,1.0844815222158262,1.8882142124077663,274420.1558317008,68605.0389579252,205815.11687377558,29.6222102581715,156,1020.2833333333333,810.3,0.7662025109888612,197.90994569380624,253.99866330220362,0.6866751809280545,2.2699576914909256,1639
robustness,SUPPLY_SHORTAGE,4,CAPPED_SMOOTHED_SURGE,MARKETPLACE_AWARE,5949,2304,781,877,1968,6.249131944444445,4.0,14.0,0.27870230290805176,0.38729198184568836,0.38729198184568836,0.38729198184568836,119.46480093486515,1.0841673968668624,1.8306063035271711,275246.9013539293,68811.72533848233,206435.17601544698,29.866200233716288,156,1020.0166666666667,811.1666666666666,0.7688893199929783,197.4875117633448,254.4916901772513,0.684931506849315,2.2587866211336416,1658
robustness,SUPPLY_SHORTAGE,4,CAPPED_SMOOTHED_SURGE,ADVANCED_HEURISTIC,5949,2168,590,1079,2088,6.398523985239852,5.0,13.0,0.28055135316859975,0.3644309968061859,0.3644309968061859,0.3644309968061859,114.31414999101658,1.0455848539588375,1.9785233655290786,247833.07718052395,61958.26929513099,185874.80788539298,28.578537497754144,156,1021.3833333333333,787.6166666666667,0.7399684617801844,178.18161790094658,235.99653962637447,0.6968470387729016,2.122611490951814,1669
robustness,SUPPLY_SHORTAGE,5,NO_SURGE,NEAREST_DRIVER,6007,2340,855,1008,1774,6.67948717948718,5.0,14.0,0.31013817213251205,0.38954553021474947,0.38954553021474947,0.38954553021474947,109.74823534986076,1.0,1.9364478302598298,256810.87071867418,64202.717679668545,192608.15303900564,27.43705883746519,156,1035.3166666666666,843.4333333333333,0.7740620037169773,181.90242739526033,228.36203577323514,0.6892470924301163,2.2601780453645426,1863
robustness,SUPPLY_SHORTAGE,5,NO_SURGE,ETA_OPTIMIZED,6007,2462,640,1061,1814,6.220146222583265,5.0,13.0,0.28316963542533713,0.40985516896953555,0.40985516896953555,0.40985516896953555,110.15525231003181,1.0,1.7025090300760126,271202.2311872983,67800.55779682458,203401.67339047373,27.538813077507953,156,1043.45,850.25,0.7746867147249181,190.20820337252852,239.22572583413552,0.6936743459586099,2.3594805692654175,1701
robustness,SUPPLY_SHORTAGE,5,NO_SURGE,DRIVER_EARNINGS_AWARE,6007,2385,840,992,1762,6.656184486373165,5.0,14.0,0.3049775262194107,0.39703679041118695,0.39703679041118695,0.39703679041118695,109.81765776245894,1.0,1.9187668403935152,261915.11376346456,65478.77844086614,196436.3353225984,27.454414440614734,156,1033.7,849.2,0.7987400140065842,189.59992488712763,231.3192832343363,0.6969076387466722,2.3072458160007736,1832
robustness,SUPPLY_SHORTAGE,5,NO_SURGE,MARKETPLACE_AWARE,6007,2386,878,960,1754,6.947191953059514,5.0,14.0,0.30597636091226904,0.3972032628599967,0.3972032628599967,0.3972032628599967,110.14046733086303,1.0,1.9881905116120202,262795.1550514392,65698.7887628598,197096.3662885794,27.535116832715758,156,1033.4166666666667,859.1,0.7950718254151208,187.49072589493343,229.4219139664525,0.6854183590576767,2.308846060801548,1838
robustness,SUPPLY_SHORTAGE,5,NO_SURGE,ADVANCED_HEURISTIC,6007,2196,623,1168,1991,6.666666666666667,5.0,14.0,0.2981521558182121,0.3655734975861495,0.3655734975861495,0.3655734975861495,110.06646241600902,1.0,2.05501506186197,241705.95146555582,60426.487866388954,181279.46359916686,27.516615604002254,156,1039.3333333333333,819.8333333333334,0.7473876733172833,169.22183508780094,221.11745915734926,0.6985990935311084,2.112892880051315,1791
robustness,SUPPLY_SHORTAGE,5,BASIC_SURGE,NEAREST_DRIVER,6007,2362,687,977,1950,6.586790855207451,5.0,14.0,0.2770101548193774,0.39320792408856337,0.39320792408856337,0.39320792408856337,113.68865070373892,1.0384501429804356,1.9746534311708581,268532.5929622313,67133.14824055783,201399.4447216735,28.42216267593473,156,1034.6333333333334,849.3666666666667,0.7804345882035738,188.92428604344116,237.11719876183054,0.6913757700205339,2.282934372885724,1664
robustness,SUPPLY_SHORTAGE,5,BASIC_SURGE,ETA_OPTIMIZED,6007,2488,556,1022,1910,5.993167202572347,5.0,13.0,0.2626935242217413,0.4141834526385883,0.4141834526385883,0.4141834526385883,112.259559198066,1.0193499528573868,1.6780914014885469,279301.7832847882,69825.44582119705,209476.33746359113,28.0648897995165,156,1043.75,844.9166666666666,0.7680901331957394,194.23485544447533,247.92544132193453,0.69227761485826,2.3837125748502994,1578
robustness,SUPPLY_SHORTAGE,5,BASIC_SURGE,DRIVER_EARNINGS_AWARE,6007,2383,708,969,1915,6.383550146873689,5.0,14.0,0.27917429665390375,0.3967038455135675,0.3967038455135675,0.3967038455135675,114.62323800757699,1.0435182190277377,1.8957861503275208,273147.17617205594,68286.79404301399,204860.38212904194,28.655809501894247,156,1032.7,848.4333333333333,0.7982656399630064,196.6588786530962,241.45725312816793,0.6864853896103896,2.3075433330105546,1677
robustness,SUPPLY_SHORTAGE,5,BASIC_SURGE,MARKETPLACE_AWARE,6007,2372,674,999,1933,6.270236087689713,4.0,14.0,0.2785084068586649,0.39487264857666055,0.39487264857666055,0.39487264857666055,113.61446956157052,1.0384104076409881,1.8810576970298605,269493.5218000453,67373.38045001132,202120.14135003395,28.40361739039263,156,1032.5833333333333,843.4,0.7748704544588262,189.22240217742944,239.6492071970998,0.6874241811564901,2.29715115809862,1673
robustness,SUPPLY_SHORTAGE,5,BASIC_SURGE,ADVANCED_HEURISTIC,6007,2176,530,1201,2069,6.556985294117647,5.0,13.0,0.2881638088896288,0.36224404860995507,0.36224404860995507,0.36224404860995507,110.71138355708642,1.0116341083632805,2.0817762560718176,240907.97062022006,60226.992655055015,180680.97796516505,27.677845889271605,156,1038.4166666666667,817.1333333333333,0.7507683361427194,170.43356133499714,221.11566202802283,0.6925579503863359,2.0954979536152796,1731
robustness,SUPPLY_SHORTAGE,5,AGGRESSIVE_SURGE,NEAREST_DRIVER,6007,2354,383,899,2341,5.469413763806287,3.0,12.0,0.21341767937406358,0.39187614449808555,0.39187614449808555,0.39187614449808555,123.33889582832187,1.1174605075971036,1.8042112028832662,290339.7607798697,72584.94019496742,217754.82058490225,30.834723957080467,156,1034.7666666666667,829.25,0.7594450485491342,204.04032231580518,262.5924878925563,0.695633743111488,2.2749089971974357,1282
robustness,SUPPLY_SHORTAGE,5,AGGRESSIVE_SURGE,ETA_OPTIMIZED,6007,2499,361,902,2218,5.318527410964386,4.0,11.0,0.21025470284667888,0.4160146495754953,0.4160146495754953,0.4160146495754953,119.35981070362901,1.0779762760294254,1.5725176321807708,298280.1669483689,74570.04173709222,223710.12521127667,29.839952675907252,156,1044.25,832.4833333333333,0.7502378216934128,204.76637792575633,268.72625102958216,0.6924631238634068,2.393105099353603,1263
robustness,SUPPLY_SHORTAGE,5,AGGRESSIVE_SURGE,DRIVER_EARNINGS_AWARE,6007,2384,384,894,2317,5.448825503355705,3.0,12.0,0.2127517895788247,0.3968703179623772,0.3968703179623772,0.3968703179623772,122.85145534154962,1.1146024294720012,1.7922136157150548,292877.8695342543,73219.46738356358,219658.40215069073,30.712863835387406,156,1030.9,828.3833333333333,0.7771179626215555,209.1974701626204,265.1651636529272,0.6906354515050167,2.3125424386458433,1278
robustness,SUPPLY_SHORTAGE,5,AGGRESSIVE_SURGE,MARKETPLACE_AWARE,6007,2367,387,875,2349,5.469370511195606,3.0,12.0,0.21008823039786914,0.39404028633261196,0.39404028633261196,0.39404028633261196,122.33696694437064,1.1107767282200849,1.8096146090527514,289571.6007573253,72392.90018933133,217178.70056799398,30.58424173609266,156,1034.55,824.5333333333333,0.7561835617788426,202.602265487939,263.39590140038075,0.6902300063304495,2.2879512831665942,1262
robustness,SUPPLY_SHORTAGE,5,AGGRESSIVE_SURGE,ADVANCED_HEURISTIC,6007,2216,346,1082,2333,6.069945848375451,4.0,13.0,0.237722656900283,0.36890294656234396,0.36890294656234396,0.36890294656234396,119.43791325445423,1.0856690845118264,1.9790487953211837,264674.4157718706,66168.60394296765,198505.81182890292,29.859478313613558,156,1035.4833333333333,810.5166666666667,0.745313432159307,186.87908518334064,244.9126834680384,0.689598010774969,2.140063416439988,1428
robustness,SUPPLY_SHORTAGE,5,CAPPED_SMOOTHED_SURGE,NEAREST_DRIVER,6007,2358,665,971,1980,6.402035623409669,5.0,13.0,0.2723489262527052,0.39254203429332446,0.39254203429332446,0.39254203429332446,117.81849717487212,1.0737359284349963,1.9386777700403757,277816.01633834845,69454.00408458711,208362.01225376135,29.45462429371803,156,1032.8833333333334,848.5666666666667,0.7826857702819112,196.0388597778965,245.54583680766942,0.6979642708766098,2.282929662917722,1636
robustness,SUPPLY_SHORTAGE,5,CAPPED_SMOOTHED_SURGE,ETA_OPTIMIZED,6007,2532,547,957,1940,6.080568720379147,5.0,13.0,0.25037456300982186,0.4215082403862161,0.4215082403862161,0.4215082403862161,116.10452855521434,1.0505743282986169,1.675270914492296,293976.66630180273,73494.16657545068,220482.49972635205,29.026132138803586,156,1047.7666666666667,855.5833333333334,0.7759731080499155,203.22762625988284,257.6984510291443,0.6883802816901409,2.416568574428149,1504
robustness,SUPPLY_SHORTAGE,5,CAPPED_SMOOTHED_SURGE,DRIVER_EARNINGS_AWARE,6007,2382,681,972,1942,6.2510495382031905,4.0,13.0,0.27517895788247043,0.3965373730647578,0.3965373730647578,0.3965373730647578,118.86252366383498,1.080057946450604,1.8724511469299827,283130.5313672549,70782.63284181373,212347.89852544118,29.715630915958744,156,1031.1833333333334,847.1666666666666,0.796869247318673,203.67530350979703,250.65657901881707,0.6887983706720978,2.309967513051349,1653
robustness,SUPPLY_SHORTAGE,5,CAPPED_SMOOTHED_SURGE,MARKETPLACE_AWARE,6007,2350,658,959,2006,6.398723404255319,4.0,13.099999999999909,0.26918594972532045,0.3912102547028467,0.3912102547028467,0.3912102547028467,117.95447063669687,1.0698199703949376,1.9318057210144555,277193.0059962376,69298.2514990594,207894.75449717822,29.488617659174217,156,1035.1,845.15,0.7736610770180005,193.94400947833066,245.98562917491356,0.6991002301736765,2.2703120471452034,1617
robustness,SUPPLY_SHORTAGE,5,CAPPED_SMOOTHED_SURGE,ADVANCED_HEURISTIC,6007,2219,521,1163,2073,6.479044614691302,5.0,13.0,0.2803396037955718,0.3694023639087731,0.3694023639087731,0.3694023639087731,113.02815599265605,1.0322592182283155,2.0661457268696566,250809.47814770378,62702.369536925944,188107.10861077782,28.257038998164013,156,1040.0666666666666,824.0166666666667,0.7520386400391487,175.7782542166296,228.28070865570416,0.689989888776542,2.1335170822383183,1684
robustness,DEMAND_SHOCK,0,NO_SURGE,NEAREST_DRIVER,6034,3282,604,755,1365,4.669104204753199,3.0,11.0,0.22522373218428904,0.5439177991382168,0.5439177991382168,0.5439177991382168,110.3751591383714,1.0,1.5078906969043917,362251.27229213493,90562.81807303373,271688.45421910123,27.59378978459285,260,1681.4833333333333,1059.95,0.5832119016292207,152.09948985218426,256.32195312901666,0.6845829823083404,1.9518480706519046,1359
robustness,DEMAND_SHOCK,0,NO_SURGE,ETA_OPTIMIZED,6034,3373,537,733,1364,4.465164541950785,3.0,10.0,0.21047398077560492,0.5589990056347365,0.5589990056347365,0.5589990056347365,110.588929859624,1.0,1.3192648994295229,373016.46041651175,93254.11510412794,279762.34531238384,27.647232464906,260,1689.25,1046.3833333333334,0.5782080179012669,156.26461941666307,267.3612398060467,0.6861604917760425,1.9967441172117804,1270
robustness,DEMAND_SHOCK,0,NO_SURGE,DRIVER_EARNINGS_AWARE,6034,3305,633,721,1351,4.6750378214826025,3.0,11.0,0.22439509446470005,0.5477295326483261,0.5477295326483261,0.5477295326483261,110.62260409145465,1.0,1.4858788842505553,365607.7065222576,91401.9266305644,274205.7798916932,27.655651022863662,260,1680.8333333333333,1058.75,0.590929200404905,155.82464752359704,258.99011087763233,0.6972097829831209,1.966286564204264,1354
robustness,DEMAND_SHOCK,0,NO_SURGE,MARKETPLACE_AWARE,6034,3275,615,752,1363,4.538320610687023,2.0,11.0,0.22654955253563142,0.5427577063307921,0.5427577063307921,0.5427577063307921,110.45078014069234,1.0,1.4599943805105748,361726.30496076745,90431.57624019186,271294.7287205756,27.612695035173086,260,1679.45,1048.2833333333333,0.5813766175686471,152.83414956249797,258.79904801873755,0.6864205892312902,1.9500431688945785,1367
robustness,DEMAND_SHOCK,0,NO_SURGE,ADVANCED_HEURISTIC,6034,3137,543,839,1485,4.58144724258846,2.0,11.0,0.22903546569439842,0.5198873052701359,0.5198873052701359,0.5198873052701359,111.0182161000266,1.0,1.5259045900537398,348264.1439057835,87066.03597644587,261198.1079293376,27.75455402500665,260,1682.2,1028.3,0.5677085962030637,146.8582356337016,254.00963525171406,0.6876180662888546,1.8648198787302341,1382
robustness,DEMAND_SHOCK,0,BASIC_SURGE,NEAREST_DRIVER,6034,3235,515,775,1482,4.556723338485317,2.0,11.0,0.2137885316539609,0.5361286045740802,0.5361286045740802,0.5361286045740802,111.65717490028189,1.0089066865207448,1.517755410510425,361210.9608024119,90302.74020060297,270908.2206018089,27.914293725070472,260,1682.0333333333333,1045.2,0.5756942350469436,151.42840949831685,259.1927101050602,0.6823330515638208,1.9232674738907276,1290
robustness,DEMAND_SHOCK,0,BASIC_SURGE,ETA_OPTIMIZED,6034,3393,477,698,1441,4.357206012378426,3.0,10.0,0.19472986410341397,0.5623135565130924,0.5623135565130924,0.5623135565130924,112.21681526382535,1.0130934794216133,1.2959295487135862,380751.6541901594,95187.91354753985,285563.74064261955,28.05420381595634,260,1684.0833333333333,1042.9666666666667,0.5758387195031159,159.5507934409294,273.79948925432535,0.6894701542588867,2.0147459052897223,1175
robustness,DEMAND_SHOCK,0,BASIC_SURGE,DRIVER_EARNINGS_AWARE,6034,3283,516,739,1468,4.4200426439232405,2.0,11.0,0.2079880676168379,0.5440835266821346,0.5440835266821346,0.5440835266821346,112.35708353427113,1.0159725254855403,1.4749345763577189,368868.3052430121,92217.07631075302,276651.2289322591,28.08927088356778,260,1681.7833333333333,1048.1166666666666,0.5877816862194187,157.35796862919378,263.9507964433912,0.6911388082636162,1.9520945028590684,1255
robustness,DEMAND_SHOCK,0,BASIC_SURGE,MARKETPLACE_AWARE,6034,3300,519,730,1459,4.370909090909091,2.0,11.0,0.20699370235333112,0.5469008949287372,0.5469008949287372,0.5469008949287372,112.27138675511719,1.0143603001532695,1.4371453967131842,370495.57629188674,92623.89407297169,277871.6822189151,28.067846688779298,260,1678.7,1050.7833333333333,0.5820015055307095,155.87477025736717,264.44241491482387,0.6884661117717004,1.9658068743670698,1249
robustness,DEMAND_SHOCK,0,BASIC_SURGE,ADVANCED_HEURISTIC,6034,3098,474,872,1560,4.546481601032925,2.0,11.0,0.22306927411335764,0.5134239310573417,0.5134239310573417,0.5134239310573417,111.73242958446403,1.0047870731036688,1.548767548857065,346147.0668526696,86536.7667131674,259610.3001395022,27.933107396116007,260,1682.0,1025.9166666666667,0.5693567417075118,145.88859776674045,253.05203490163478,0.6975405546834118,1.8418549346016646,1346
robustness,DEMAND_SHOCK,0,AGGRESSIVE_SURGE,NEAREST_DRIVER,6034,3259,352,640,1759,4.054004295796257,2.0,10.0,0.16440172356645674,0.5401060656281074,0.5401060656281074,0.5401060656281074,118.93104187070333,1.073222879664547,1.3906367627200409,387596.2654566221,96899.06636415553,290697.1990924666,29.73276046767583,260,1680.9166666666667,1023.3333333333334,0.5646514798465021,161.9306447484034,284.06892419459274,0.6928243195475433,1.9388230628129492,992
robustness,DEMAND_SHOCK,0,AGGRESSIVE_SURGE,ETA_OPTIMIZED,6034,3336,361,567,1745,4.031774580335731,3.0,9.0,0.1537951607557176,0.5528670865097779,0.5528670865097779,0.5528670865097779,119.41316873130053,1.0781466558711543,1.220265979882067,398362.3308876186,99590.58272190465,298771.748165714,29.853292182825133,260,1683.0,1002.5666666666667,0.5491431840978267,165.3761111879424,298.0068638817508,0.6973520526035187,1.982174688057041,928
robustness,DEMAND_SHOCK,0,AGGRESSIVE_SURGE,DRIVER_EARNINGS_AWARE,6034,3284,355,604,1764,4.03136419001218,2.0,10.0,0.15893271461716937,0.5442492542260524,0.5442492542260524,0.5442492542260524,118.6323265466515,1.0770248678687762,1.3839399867594349,389588.5603792035,97397.14009480088,292191.4202844027,29.658081636662875,260,1677.35,1017.3333333333334,0.5701689488608189,165.58406776936656,287.21306056789246,0.6961394769613948,1.9578501803439952,959
robustness,DEMAND_SHOCK,0,AGGRESSIVE_SURGE,MARKETPLACE_AWARE,6034,3275,371,602,1760,3.9691603053435114,2.0,10.0,0.16125290023201855,0.5427577063307921,0.5427577063307921,0.5427577063307921,119.57142989714325,1.0791793345896512,1.364636608698086,391596.4329131441,97899.10822828603,293697.3246848581,29.89285747428581,260,1679.2666666666667,1018.2833333333333,0.5633183669968403,164.0671556320112,288.42397304436366,0.6853380158033363,1.9502560641549882,973
robustness,DEMAND_SHOCK,0,AGGRESSIVE_SURGE,ADVANCED_HEURISTIC,6034,3084,343,763,1820,4.410181582360571,2.0,11.0,0.18329466357308585,0.5111037454424926,0.5111037454424926,0.5111037454424926,118.98924374379703,1.0700739201348297,1.5083046117042194,366962.82770587003,91740.70692646751,275222.12077940255,29.74731093594926,260,1680.5,999.2833333333333,0.5550468289646765,154.92187769053578,275.41950475781226,0.6845364472753008,1.8351681047307349,1106
robustness,DEMAND_SHOCK,0,CAPPED_SMOOTHED_SURGE,NEAREST_DRIVER,6034,3257,501,742,1507,4.5102855388394225,2.0,11.0,0.20599933708982432,0.5397746105402718,0.5397746105402718,0.5397746105402718,114.17064930130282,1.029486509086842,1.497446608491036,371853.80477434327,92963.45119358582,278890.35358075745,28.542662325325704,260,1681.8666666666666,1050.7,0.5815926622032886,156.41992214088188,265.43290528291374,0.6840047594764576,1.9365387664499762,1243
robustness,DEMAND_SHOCK,0,CAPPED_SMOOTHED_SURGE,ETA_OPTIMIZED,6034,3367,464,709,1467,4.354024354024354,3.0,10.0,0.1943984090155784,0.5580046403712297,0.5580046403712297,0.5580046403712297,113.34522029406027,1.022240906316057,1.3032993969219928,381633.35673010093,95408.33918252523,286225.0175475757,28.336305073515067,260,1686.2666666666667,1041.9666666666667,0.5720868066507497,159.27121494411404,274.69690413728114,0.6916203001180239,1.9967185893887878,1173
robustness,DEMAND_SHOCK,0,CAPPED_SMOOTHED_SURGE,DRIVER_EARNINGS_AWARE,6034,3244,487,764,1516,4.405363748458693,2.0,11.0,0.20732515744116672,0.5376201524693404,0.5376201524693404,0.5376201524693404,114.76601960160296,1.0325745966735815,1.465621581689555,372300.9675876,93075.2418969,279225.7256907,28.69150490040074,260,1677.1333333333334,1045.25,0.5891814752802398,159.979619056446,267.1377428277445,0.6881408065618592,1.9342528918392494,1251
robustness,DEMAND_SHOCK,0,CAPPED_SMOOTHED_SURGE,MARKETPLACE_AWARE,6034,3300,504,693,1506,4.500909090909091,2.0,11.0,0.19837587006960558,0.5469008949287372,0.5469008949287372,0.5469008949287372,114.20678722645671,1.0313798144433821,1.48256419783036,376882.39784730715,94220.59946182679,282661.79838548036,28.551696806614178,260,1680.8333333333333,1055.9166666666667,0.5816791135443371,158.09276968190764,267.6932823475467,0.6926787252368648,1.9633118492811106,1197
robustness,DEMAND_SHOCK,0,CAPPED_SMOOTHED_SURGE,ADVANCED_HEURISTIC,6034,3092,462,873,1581,4.597671410090556,2.0,11.0,0.22124627113026185,0.5124295657938349,0.5124295657938349,0.5124295657938349,112.16150592713227,1.0103114966965325,1.5661398518270888,346803.376326693,86700.84408167325,260102.53224501974,28.040376481783067,260,1682.9833333333333,1020.2,0.5630841529826425,146.25579130326278,254.95249190846866,0.6938598017046443,1.8372136780914843,1335
robustness,DEMAND_SHOCK,1,NO_SURGE,NEAREST_DRIVER,6032,3382,621,684,1319,4.358959195742164,2.0,10.0,0.21634615384615385,0.5606763925729443,0.5606763925729443,0.5606763925729443,111.05924065045684,1.0,1.3895021468991613,375602.351879845,93900.58796996126,281701.7639098838,27.76481016261421,260,1720.05,1063.4,0.5763838385369088,154.8099174054833,264.90668037416185,0.6878573831146989,1.9662219121537166,1305
robustness,DEMAND_SHOCK,1,NO_SURGE,ETA_OPTIMIZED,6032,3486,550,653,1315,4.218301778542743,2.0,10.0,0.1994363395225464,0.5779177718832891,0.5779177718832891,0.5779177718832891,111.11706109378434,1.0,1.2353956372173436,387354.0749729322,96838.51874323306,290515.55622969917,27.779265273446086,260,1724.7333333333333,1061.65,0.5770121284922434,159.98987897993038,273.645322120943,0.6925378095396377,2.0211820184762863,1203
robustness,DEMAND_SHOCK,1,NO_SURGE,DRIVER_EARNINGS_AWARE,6032,3359,590,718,1337,4.245608812146473,2.0,11.0,0.21684350132625996,0.5568633952254642,0.5568633952254642,0.5568633952254642,111.1771143256437,1.0,1.3738308237852448,373443.9270198372,93360.9817549593,280082.94526487787,27.794278581410925,260,1720.0,1066.05,0.5896955599437383,157.5437559002599,262.7296517657501,0.6951735817104149,1.952906976744186,1308
robustness,DEMAND_SHOCK,1,NO_SURGE,MARKETPLACE_AWARE,6032,3397,601,672,1334,4.267294671769208,2.0,11.0,0.21104111405835543,0.5631631299734748,0.5631631299734748,0.5631631299734748,110.92977926564392,1.0,1.3668778401074628,376828.4601653924,94207.1150413481,282621.3451240443,27.73244481641098,260,1720.95,1067.4833333333333,0.5780906090216983,154.94625433335037,264.7548081537987,0.6819241011984021,1.9739097591446584,1273
robustness,DEMAND_SHOCK,1,NO_SURGE,ADVANCED_HEURISTIC,6032,3272,542,795,1398,4.202017114914425,2.0,10.0,0.22165119363395225,0.5424403183023873,0.5424403183023873,0.5424403183023873,110.60202011907188,1.0,1.400091444044287,361889.8098296032,90472.4524574008,271417.3573722024,27.65050502976797,260,1721.45,1036.4166666666667,0.5615181090491855,149.37353455573157,261.8805410039744,0.698242020822666,1.9007232275116908,1337
robustness,DEMAND_SHOCK,1,BASIC_SURGE,NEAREST_DRIVER,6032,3371,519,688,1429,4.12459210916642,2.0,10.0,0.20009946949602123,0.5588527851458885,0.5588527851458885,0.5588527851458885,112.65469967399272,1.0158667158568622,1.3404207044638539,379758.99260102946,94939.74815025736,284819.24445077206,28.16367491849818,260,1718.55,1056.4166666666667,0.5767930538757732,157.32440489723257,269.6088138683652,0.6846605196982397,1.9615373425271305,1207
robustness,DEMAND_SHOCK,1,BASIC_SURGE,ETA_OPTIMIZED,6032,3473,474,658,1399,4.033688453786352,2.0,9.0,0.1876657824933687,0.575762599469496,0.575762599469496,0.575762599469496,112.45763115937224,1.0116094268194884,1.2031884586181694,390565.3530164998,97641.33825412494,292924.0147623748,28.11440778984306,260,1724.6333333333334,1050.5166666666667,0.5688633298552169,160.27417428069865,278.8380461319428,0.6945557782231129,2.0137613792303677,1132
robustness,DEMAND_SHOCK,1,BASIC_SURGE,DRIVER_EARNINGS_AWARE,6032,3399,516,654,1434,4.142983230361871,2.0,10.0,0.1939655172413793,0.5634946949602122,0.5634946949602122,0.5634946949602122,112.99319971326922,1.019686731142753,1.3532030412607294,384063.8858254021,96015.97145635053,288047.9143690516,28.248299928317305,260,1719.9833333333333,1063.55,0.5888650717208669,160.971634097239,270.83626944577276,0.6890614449696151,1.9761819397474782,1170
robustness,DEMAND_SHOCK,1,BASIC_SURGE,MARKETPLACE_AWARE,6032,3399,521,657,1428,4.100617828773169,2.0,10.0,0.1952917771883289,0.5634946949602122,0.5634946949602122,0.5634946949602122,112.84667074009235,1.017277542975022,1.3418364204194737,383565.8338455739,95891.45846139347,287674.3753841804,28.211667685023087,260,1718.2166666666667,1059.55,0.5772476648930019,158.6538585709847,271.50618223224996,0.6936799184505607,1.978213845750924,1178
robustness,DEMAND_SHOCK,1,BASIC_SURGE,ADVANCED_HEURISTIC,6032,3242,470,781,1514,4.424429364589759,2.0,11.0,0.20739389920424403,0.5374668435013262,0.5374668435013262,0.5374668435013262,112.20972440549055,1.0098893021710593,1.476101103522516,363783.92652260035,90945.98163065009,272837.94489195023,28.052431101372637,260,1719.5,1041.8833333333334,0.56713813727772,151.0565506348437,261.86995814497806,0.6933356176117869,1.8854318115731317,1251
robustness,DEMAND_SHOCK,1,AGGRESSIVE_SURGE,NEAREST_DRIVER,6032,3372,336,587,1708,3.6927639383155397,2.0,9.0,0.15301724137931033,0.5590185676392573,0.5590185676392573,0.5590185676392573,118.88208575001967,1.0698730097038016,1.2589885096992601,400870.3931490663,100217.59828726658,300652.79486179975,29.720521437504917,260,1720.9333333333334,1031.8333333333333,0.5612302429843183,164.89936981682703,291.3772846342753,0.7042203778915769,1.9594018749515767,923
robustness,DEMAND_SHOCK,1,AGGRESSIVE_SURGE,ETA_OPTIMIZED,6032,3447,333,539,1689,3.780388743835219,2.0,8.0,0.14456233421750664,0.5714522546419099,0.5714522546419099,0.5714522546419099,118.65791240530523,1.0658025052997313,1.1441235172637714,409013.8240610871,102253.45601527177,306760.3680458153,29.664478101326306,260,1724.3666666666666,1027.4333333333334,0.5596730002543047,168.4306318096002,298.56960845389676,0.6992323796231682,1.998994800023197,872
robustness,DEMAND_SHOCK,1,AGGRESSIVE_SURGE,DRIVER_EARNINGS_AWARE,6032,3360,343,609,1697,3.7392857142857143,2.0,9.0,0.15782493368700265,0.5570291777188329,0.5570291777188329,0.5570291777188329,119.06884866710071,1.0712342326266076,1.2651796729900677,400071.3315214584,100017.8328803646,300053.4986410938,29.767212166775177,260,1719.15,1037.6,0.575421921850677,167.90383003151388,289.1803186594967,0.7126785714285714,1.9544542361050519,952
robustness,DEMAND_SHOCK,1,AGGRESSIVE_SURGE,MARKETPLACE_AWARE,6032,3331,340,599,1738,3.6925848093665565,2.0,9.0,0.15566976127320956,0.5522214854111406,0.5522214854111406,0.5522214854111406,119.34021259782388,1.0715668810042192,1.258755823793743,397522.2481633513,99380.56204083783,298141.6861225135,29.83505314945597,260,1718.3666666666666,1027.25,0.562357315735996,164.91632010903038,290.23284119981844,0.6934408979305506,1.9384687008981398,939
robustness,DEMAND_SHOCK,1,AGGRESSIVE_SURGE,ADVANCED_HEURISTIC,6032,3194,329,732,1751,4.076706324358171,2.0,10.0,0.17589522546419098,0.5295092838196287,0.5295092838196287,0.5295092838196287,117.10780877377776,1.0528110661104189,1.4014634330242008,374042.3412234462,93510.58530586155,280531.75591758464,29.27695219344444,260,1719.6666666666667,1015.3,0.5552237741374427,155.38439282943045,276.30430012566194,0.6988505747126437,1.8573366931575885,1061
robustness,DEMAND_SHOCK,1,CAPPED_SMOOTHED_SURGE,NEAREST_DRIVER,6032,3359,485,700,1459,4.0,2.0,10.0,0.19645225464190982,0.5568633952254642,0.5568633952254642,0.5568633952254642,113.36307065498119,1.0236656816711607,1.333945014627879,380786.5543300818,95196.63858252045,285589.9157475614,28.340767663745297,260,1720.2666666666667,1054.3166666666666,0.5743502120350924,157.92009662799964,270.8767913633425,0.691358024691358,1.9526042474035032,1185
robustness,DEMAND_SHOCK,1,CAPPED_SMOOTHED_SURGE,ETA_OPTIMIZED,6032,3463,469,636,1438,4.101068437770719,2.0,9.0,0.18318965517241378,0.574104774535809,0.574104774535809,0.574104774535809,113.67174717770651,1.021270152532382,1.2182477588993987,393645.26047639764,98411.31511909941,295233.94535729825,28.417936794426627,260,1727.75,1054.1333333333334,0.5685139442346898,160.89490233871516,280.07267773586346,0.6989156218231108,2.0043409058023443,1105
robustness,DEMAND_SHOCK,1,CAPPED_SMOOTHED_SURGE,DRIVER_EARNINGS_AWARE,6032,3391,484,661,1467,4.163078737835447,2.0,10.0,0.1898209549071618,0.5621684350132626,0.5621684350132626,0.5621684350132626,114.1723812731893,1.028977586101298,1.3740994319713065,387158.54489738494,96789.63622434624,290368.9086730387,28.543095318297325,260,1718.3833333333334,1064.45,0.5874470236620709,161.6349036771353,272.7877389008772,0.6985621362547073,1.9733664393858568,1145
robustness,DEMAND_SHOCK,1,CAPPED_SMOOTHED_SURGE,MARKETPLACE_AWARE,6032,3386,498,660,1461,4.101594802126403,2.0,10.0,0.1919761273209549,0.5613395225464191,0.5613395225464191,0.5613395225464191,114.0316515726099,1.0274445397490857,1.3445559976095778,386111.17222485715,96527.79305621429,289583.37916864286,28.507912893152476,260,1716.9666666666667,1059.1333333333334,0.5761330374998733,159.7894316011099,273.41541433433895,0.6841928439442297,1.9720825486808131,1158
robustness,DEMAND_SHOCK,1,CAPPED_SMOOTHED_SURGE,ADVANCED_HEURISTIC,6032,3223,460,794,1525,4.298479677319268,2.0,11.0,0.20789124668435013,0.534316976127321,0.534316976127321,0.534316976127321,112.60872548745968,1.013948119948414,1.4461244289670205,362937.92224608257,90734.48056152064,272203.4416845619,28.15218137186492,260,1722.7,1036.5166666666667,0.5634902580761532,150.32796696802907,262.6136659817934,0.6919131475465892,1.8709003308759504,1254
robustness,DEMAND_SHOCK,2,NO_SURGE,NEAREST_DRIVER,6044,3409,556,690,1360,4.073041947785274,2.0,10.0,0.20615486432825944,0.564030443414957,0.564030443414957,0.564030443414957,110.41562114354807,1.0,1.389315540731101,376406.85247835534,94101.71311958884,282305.1393587665,27.603905285887016,260,1739.2166666666667,1071.5,0.5777291556028317,153.71741978286266,263.4672322526985,0.6831650389008442,1.9600778128084482,1246
robustness,DEMAND_SHOCK,2,NO_SURGE,ETA_OPTIMIZED,6044,3502,546,636,1333,4.106510565391205,2.0,9.0,0.19556585043017868,0.5794176042356055,0.5794176042356055,0.5794176042356055,110.99067802293477,1.0,1.2495323151453341,388689.3544363176,97172.3386090794,291517.0158272382,27.747669505733693,260,1741.3,1064.4166666666667,0.5734510387262723,157.83596217339124,273.8749072204539,0.6849810824148709,2.011141101475909,1182
robustness,DEMAND_SHOCK,2,NO_SURGE,DRIVER_EARNINGS_AWARE,6044,3407,572,679,1360,4.039037276196067,2.0,10.0,0.206982131039047,0.563699536730642,0.563699536730642,0.563699536730642,110.36579440401724,1.0,1.383061633191005,376016.2615344867,94004.06538362168,282012.19615086506,27.59144860100431,260,1736.15,1061.2333333333333,0.5873052417302836,158.58796817110942,265.7400472571521,0.6908602150537635,1.9623880425078477,1251
robustness,DEMAND_SHOCK,2,NO_SURGE,MARKETPLACE_AWARE,6044,3411,572,670,1363,4.016710642040457,2.0,10.0,0.2054930509596294,0.564361350099272,0.564361350099272,0.564361350099272,110.71990260071257,1.0,1.3663497993789457,377665.5877710306,94416.39694275765,283249.19082827296,27.679975650178143,260,1739.1333333333334,1067.2333333333333,0.5740612776262876,154.0153520273685,265.4051199315423,0.683868819710338,1.961321731130448,1242
robustness,DEMAND_SHOCK,2,NO_SURGE,ADVANCED_HEURISTIC,6044,3198,539,790,1488,4.332395247029393,2.0,11.0,0.21988749172733288,0.529119788219722,0.529119788219722,0.529119788219722,110.99555063065304,1.0,1.505526314855469,354963.7709168284,88740.9427292071,266222.8281876213,27.74888765766326,260,1739.2833333333333,1034.4666666666667,0.5565223687338232,144.63590469072255,257.35273717950116,0.6830554610411704,1.838688348649348,1329
robustness,DEMAND_SHOCK,2,BASIC_SURGE,NEAREST_DRIVER,6044,3377,500,688,1450,4.006514657980456,2.0,10.0,0.19655857048312375,0.5587359364659166,0.5587359364659166,0.5587359364659166,111.36541302883903,1.0047332180049393,1.364337907443161,376080.9997983894,94020.24994959735,282060.74984879204,27.841353257209757,260,1740.1833333333334,1060.7,0.572094807581815,153.21278961185186,265.91943984990286,0.6843337234576158,1.940600128338968,1188
robustness,DEMAND_SHOCK,2,BASIC_SURGE,ETA_OPTIMIZED,6044,3504,499,611,1401,3.9857305936073057,2.0,9.0,0.18365320979483785,0.5797485109199206,0.5797485109199206,0.5797485109199206,111.39533692589914,1.005482177925629,1.2175614439732518,390329.2605883506,97582.31514708765,292746.9454412629,27.848834231474786,260,1742.7333333333333,1053.4833333333333,0.568665591538108,159.47286388910481,277.8847430979097,0.6808545603944125,2.0106346352473126,1110
robustness,DEMAND_SHOCK,2,BASIC_SURGE,DRIVER_EARNINGS_AWARE,6044,3354,505,691,1467,4.025342874180083,2.0,10.0,0.19788219722038386,0.5549305095962939,0.5549305095962939,0.5549305095962939,111.36839407639924,1.0044018184788788,1.382415105360545,373529.59373224305,93382.39843306076,280147.1952991823,27.84209851909981,260,1738.7166666666667,1056.0333333333333,0.5782794522852227,155.33251707509135,265.28253082211637,0.6869198312236287,1.9290089433777786,1196
robustness,DEMAND_SHOCK,2,BASIC_SURGE,MARKETPLACE_AWARE,6044,3411,515,656,1431,3.963353855174436,2.0,10.0,0.19374586366644606,0.564361350099272,0.564361350099272,0.564361350099272,111.21811397365721,1.004273940113886,1.3708307340419776,379364.98676414473,94841.24669103618,284523.7400731086,27.804528493414303,260,1739.2833333333333,1067.4166666666667,0.5747492233977323,154.9436275508216,266.55358582850357,0.6856903765690376,1.9611525820021656,1171
robustness,DEMAND_SHOCK,2,BASIC_SURGE,ADVANCED_HEURISTIC,6044,3177,492,813,1532,4.169971671388102,2.0,10.0,0.2159166115155526,0.5256452680344142,0.5256452680344142,0.5256452680344142,110.89878026066835,1.0032646385681114,1.4596716846564282,352325.4248881433,88081.35622203583,264244.0686661075,27.724695065167086,260,1739.1833333333334,1021.1166666666667,0.5478495942263476,143.45717617842985,258.7795080543596,0.6925728071687058,1.8267194372837825,1305
robustness,DEMAND_SHOCK,2,AGGRESSIVE_SURGE,NEAREST_DRIVER,6044,3365,364,579,1706,3.6861812778603267,2.0,9.0,0.15602250165453344,0.5567504963600265,0.5567504963600265,0.5567504963600265,117.61008501817894,1.0603949257095715,1.2878840130013884,395757.9360861721,98939.48402154303,296818.45206462906,29.402521254544734,260,1736.95,1033.4,0.559439954779695,161.3845034559672,287.2251326346323,0.6976294995610184,1.9373038947580528,943
robustness,DEMAND_SHOCK,2,AGGRESSIVE_SURGE,ETA_OPTIMIZED,6044,3414,348,541,1712,3.8558875219683655,2.0,8.0,0.1470880211780278,0.5648577101257446,0.5648577101257446,0.5648577101257446,118.72847265452151,1.0693771510120822,1.1657126480091584,405339.00564253645,101334.75141063411,304004.2542319023,29.682118163630378,260,1744.6666666666667,1016.3833333333333,0.5459311509832623,163.89200400193502,299.1039347672981,0.6914930555555555,1.9568207871608712,889
robustness,DEMAND_SHOCK,2,AGGRESSIVE_SURGE,DRIVER_EARNINGS_AWARE,6044,3417,358,565,1674,3.6640327772900205,2.0,9.0,0.1527134348113832,0.5653540701522171,0.5653540701522171,0.5653540701522171,117.62183732882752,1.0642875538533159,1.269110885070042,401913.81815260364,100478.45453815091,301435.3636144527,29.40545933220688,260,1735.9666666666667,1038.4833333333333,0.5707433935532089,167.10150239392382,290.264998906533,0.6928657799274486,1.968355767199831,923
robustness,DEMAND_SHOCK,2,AGGRESSIVE_SURGE,MARKETPLACE_AWARE,6044,3351,367,572,1728,3.691435392420173,2.0,9.0,0.15536068828590338,0.5544341495698213,0.5544341495698213,0.5544341495698213,117.74002841321412,1.0637159333779003,1.280763441521778,394546.8352126805,98636.70880317013,295910.1264095104,29.43500710330353,260,1737.85,1022.8833333333333,0.5521206299681353,160.75696481323857,289.29020228065474,0.6929285839620987,1.9282446701383895,939
robustness,DEMAND_SHOCK,2,AGGRESSIVE_SURGE,ADVANCED_HEURISTIC,6044,3182,356,729,1747,3.9484600879949716,2.0,10.0,0.17951687624090007,0.5264725347452018,0.5264725347452018,0.5264725347452018,116.25368873395868,1.0505976236567296,1.3938833523963152,369919.23755145655,92479.80938786414,277439.4281635924,29.06342218348967,260,1738.5666666666666,1004.5833333333334,0.5422498434603515,151.7286634720115,276.17363234866104,0.6960438007771106,1.8302433038710049,1085
robustness,DEMAND_SHOCK,2,CAPPED_SMOOTHED_SURGE,NEAREST_DRIVER,6044,3397,487,680,1449,4.005887547836326,2.0,10.0,0.19308405029781603,0.5620450033090668,0.5620450033090668,0.5620450033090668,112.17518180885725,1.013282441112941,1.3836751103742213,381059.0926046881,95264.77315117202,285794.31945351604,28.04379545221431,260,1736.8166666666666,1063.8,0.5739022135201433,155.5801805300797,268.654182603418,0.6842105263157895,1.9558771315337447,1167
robustness,DEMAND_SHOCK,2,CAPPED_SMOOTHED_SURGE,ETA_OPTIMIZED,6044,3493,470,632,1420,4.066418551388491,2.0,9.0,0.18232958305757777,0.577928524156188,0.577928524156188,0.577928524156188,112.04958730113823,1.01525318560937,1.2341011343108919,391389.2084428758,97847.30211071896,293541.90633215685,28.012396825284558,260,1741.0833333333333,1048.0,0.5619378440873334,158.0241503715708,280.0972388665619,0.6856010568031704,2.006222179677404,1102
robustness,DEMAND_SHOCK,2,CAPPED_SMOOTHED_SURGE,DRIVER_EARNINGS_AWARE,6044,3367,489,682,1478,4.0279180279180276,2.0,10.0,0.19374586366644606,0.5570814030443415,0.5570814030443415,0.5570814030443415,112.37105611511856,1.0139061649646381,1.3813551692028567,378353.3459396042,94588.33648490105,283765.0094547032,28.09276402877964,260,1738.5,1058.9833333333333,0.5802570907354808,157.27154684408234,267.9598446195594,0.6809754468014031,1.9367270635605407,1171
robustness,DEMAND_SHOCK,2,CAPPED_SMOOTHED_SURGE,MARKETPLACE_AWARE,6044,3411,491,644,1470,3.9780123131046614,2.0,10.0,0.18778954334877565,0.564361350099272,0.564361350099272,0.564361350099272,113.02665549733679,1.0177982465263733,1.3623294919860143,385533.9219014158,96383.48047535395,289150.44142606185,28.256663874334198,260,1740.2333333333333,1065.7666666666667,0.5741512681627,156.93218263642822,271.30745450166876,0.6847224551400302,1.960081981343498,1135
robustness,DEMAND_SHOCK,2,CAPPED_SMOOTHED_SURGE,ADVANCED_HEURISTIC,6044,3223,471,784,1536,4.196090598820974,2.0,10.0,0.20764394440767703,0.5332561217736598,0.5332561217736598,0.5332561217736598,111.22745321401516,1.0057689887245,1.4474556261189544,358486.0817087708,89621.5204271927,268864.56128157815,27.80686330350379,260,1736.75,1027.7833333333333,0.5574221210906765,147.61602496434057,261.59653748187344,0.6848803665365688,1.85576507845113,1255
robustness,DEMAND_SHOCK,3,NO_SURGE,NEAREST_DRIVER,6049,3088,669,842,1426,4.95919689119171,3.0,12.0,0.24979335427343363,0.5104976029095718,0.5104976029095718,0.5104976029095718,110.97415080394357,1.0,1.5632732301103132,342688.17768257775,85672.04442064444,257016.1332619333,27.743537700985893,260,1639.55,1016.35,0.5586989846149903,144.4163111538798,252.8815204033387,0.6839647119875454,1.883443627824708,1511
robustness,DEMAND_SHOCK,3,NO_SURGE,ETA_OPTIMIZED,6049,3185,566,813,1459,4.867817896389325,3.0,11.0,0.22797156554802447,0.5265333112911225,0.5265333112911225,0.5265333112911225,111.37080867114456,1.0,1.3951186488154976,354716.0256175954,88679.00640439885,266037.0192131966,27.84270216778614,260,1645.2,1015.2833333333333,0.5559104968601363,148.15148454641923,262.0322923451876,0.6820338983050848,1.935934840748845,1379
robustness,DEMAND_SHOCK,3,NO_SURGE,DRIVER_EARNINGS_AWARE,6049,3115,673,799,1437,5.012520064205457,3.0,12.0,0.24334600760456274,0.5149611506034055,0.5149611506034055,0.5149611506034055,111.34027523610423,1.0,1.5552673710890241,346824.9573604647,86706.23934011617,260118.71802034852,27.83506880902606,260,1636.7,1022.6166666666667,0.5786299065383472,151.07604433678662,254.36581125578024,0.6879147747118407,1.9032198936885196,1472
robustness,DEMAND_SHOCK,3,NO_SURGE,MARKETPLACE_AWARE,6049,3111,661,819,1433,4.9289617486338795,3.0,12.0,0.24466854025458754,0.5142998842783931,0.5142998842783931,0.5142998842783931,111.42779811895505,1.0,1.5378760291783469,346651.87994806917,86662.96998701729,259988.9099610519,27.856949529738763,260,1641.3833333333334,1026.0,0.5594129191554172,144.43205882770954,253.4004970380622,0.6884247171453438,1.8953524973853355,1480
robustness,DEMAND_SHOCK,3,NO_SURGE,ADVANCED_HEURISTIC,6049,2945,551,936,1592,5.155178268251273,2.0,12.0,0.24582575632335923,0.4868573317903786,0.4868573317903786,0.4868573317903786,111.62738661757956,1.0,1.657429042775572,328742.6535887718,82185.66339719296,246556.99019157887,27.90684665439489,260,1641.7333333333333,997.65,0.546224718021511,137.6554851725861,247.1377639368304,0.6810810810810811,1.793835783318444,1487
robustness,DEMAND_SHOCK,3,BASIC_SURGE,NEAREST_DRIVER,6049,3098,563,797,1565,4.915752098127824,3.0,11.0,0.22483055050421558,0.5121507687221029,0.5121507687221029,0.5121507687221029,113.57772990432932,1.0216292198283383,1.5659207387413596,351863.80724361225,87965.95181090306,263897.8554327092,28.39443247608233,260,1639.5666666666666,1018.25,0.5579597630458758,147.08423515366468,259.1680387259604,0.6831010452961672,1.8895236546241894,1360
robustness,DEMAND_SHOCK,3,BASIC_SURGE,ETA_OPTIMIZED,6049,3223,485,779,1539,4.691901954700589,3.0,11.0,0.20896015870391801,0.5328153413787403,0.5328153413787403,0.5328153413787403,112.61782798472763,1.0123719206960706,1.3608469567440085,362967.25959477713,90741.81489869428,272225.44469608285,28.154456996181906,260,1647.7666666666667,1010.65,0.5525072207092718,151.2975316532095,269.3567948311313,0.6845238095238095,1.9559808225274615,1264
robustness,DEMAND_SHOCK,3,BASIC_SURGE,DRIVER_EARNINGS_AWARE,6049,3076,559,823,1569,4.761703511053316,2.0,11.0,0.22846751529178377,0.5085138039345346,0.5085138039345346,0.5085138039345346,112.81525338628609,1.01684068408608,1.540934204769124,347019.719416216,86754.929854054,260264.789562162,28.203813346571522,260,1636.5666666666666,1008.55,0.5736000400420393,151.67004883111107,258.0583903248842,0.6851301764808667,1.8795445750249506,1382
robustness,DEMAND_SHOCK,3,BASIC_SURGE,MARKETPLACE_AWARE,6049,3107,558,784,1577,4.8036691342130675,3.0,11.0,0.22185485204165978,0.5136386179533807,0.5136386179533807,0.5136386179533807,112.82731808078087,1.0149053617066424,1.5382588847524297,350554.4772769862,87638.61931924654,262915.8579577396,28.206829520195217,260,1640.8166666666666,1019.1666666666666,0.5596430714755904,147.35122988129868,257.9714060092294,0.6777489177489178,1.8935692592103526,1342
robustness,DEMAND_SHOCK,3,BASIC_SURGE,ADVANCED_HEURISTIC,6049,2908,485,944,1685,5.039889958734525,2.0,11.0,0.23623739461067944,0.4807406182840139,0.4807406182840139,0.4807406182840139,111.9280592168493,1.0057112217646065,1.6761791614875472,325486.7962025978,81371.69905064945,244115.09715194834,27.982014804212326,260,1639.3666666666666,990.1333333333333,0.5455285893021407,137.64924536764966,246.54770113649514,0.6887428977272727,1.7738557573046503,1429
robustness,DEMAND_SHOCK,3,AGGRESSIVE_SURGE,NEAREST_DRIVER,6049,3060,378,676,1915,4.394771241830066,2.0,11.0,0.17424367664076706,0.505868738634485,0.505868738634485,0.505868738634485,121.30562164186591,1.0914344955915383,1.4853765679958995,371195.2022241097,92798.80055602742,278396.4016680822,30.326405410466478,260,1638.0833333333333,983.4666666666667,0.5420007293595359,155.91886463495004,283.07660147920507,0.6846518410499454,1.868036831663021,1054
robustness,DEMAND_SHOCK,3,AGGRESSIVE_SURGE,ETA_OPTIMIZED,6049,3201,343,643,1837,4.3273976882224305,3.0,10.0,0.1630021491155563,0.5291783765911721,0.5291783765911721,0.5291783765911721,119.91862567012261,1.0735719602934737,1.282872180897048,383859.52077006246,95964.88019251561,287894.64057754684,29.979656417530652,260,1645.6833333333334,985.65,0.5375005067521038,158.6480957764821,292.0860757647713,0.6859929078014184,1.945088666308828,986
robustness,DEMAND_SHOCK,3,AGGRESSIVE_SURGE,DRIVER_EARNINGS_AWARE,6049,3100,357,689,1878,4.371612903225807,2.0,11.0,0.17292114399074227,0.512481401884609,0.512481401884609,0.512481401884609,120.48223519837286,1.0842624038204545,1.4745426883929775,373494.9291149559,93373.73227873897,280121.1968362169,30.120558799593216,260,1635.9166666666667,993.2833333333333,0.56730631320002,162.19490505103096,282.01540027472885,0.6883234073271972,1.8949620498191635,1046
robustness,DEMAND_SHOCK,3,AGGRESSIVE_SURGE,MARKETPLACE_AWARE,6049,3121,355,696,1854,4.157641781480295,2.0,10.0,0.17374772689700776,0.5159530500909241,0.5159530500909241,0.5159530500909241,120.44881466987887,1.0805230792692297,1.3970364493085363,375920.75058469194,93980.18764617298,281940.56293851894,30.112203667469718,260,1638.5666666666666,1001.0166666666667,0.5502322108864014,157.41209376110726,281.6542144871237,0.6802480070859167,1.9047134690888379,1051
robustness,DEMAND_SHOCK,3,AGGRESSIVE_SURGE,ADVANCED_HEURISTIC,6049,2947,336,837,1907,4.67458432304038,2.0,11.0,0.19391634980988592,0.4871879649528848,0.4871879649528848,0.4871879649528848,118.08693269147636,1.0590358081433022,1.5771955098090817,348002.19064178085,87000.54766044521,261001.64298133564,29.52173317286909,260,1642.4166666666667,976.0,0.539095073085066,147.0900691398399,267.4197161694012,0.6894927536231884,1.7943071693135115,1173
robustness,DEMAND_SHOCK,3,CAPPED_SMOOTHED_SURGE,NEAREST_DRIVER,6049,3063,549,796,1617,4.884100555011427,3.0,12.0,0.22235080178541908,0.5063646883782443,0.5063646883782443,0.5063646883782443,116.58165971824148,1.0435169432788145,1.5541623650078171,357089.62371697364,89272.40592924341,267817.2177877302,29.14541492956037,260,1638.8666666666666,1018.4833333333333,0.5609282893281298,150.2707548293955,262.95689779351346,0.6872566371681416,1.868974494569418,1345
robustness,DEMAND_SHOCK,3,CAPPED_SMOOTHED_SURGE,ETA_OPTIMIZED,6049,3164,493,778,1591,4.899494310998736,3.0,11.0,0.2101173747726897,0.5230616630848074,0.5230616630848074,0.5230616630848074,114.95316870403445,1.0308212995429196,1.4214480116053045,363711.825779565,90927.95644489126,272783.86933467374,28.738292176008613,260,1649.6666666666667,1004.6166666666667,0.5463832172165485,150.3017459145379,271.5303044292255,0.6811544408177289,1.9179632248939178,1271
robustness,DEMAND_SHOCK,3,CAPPED_SMOOTHED_SURGE,DRIVER_EARNINGS_AWARE,6049,3099,535,784,1607,4.818328493062278,3.0,11.0,0.21805257067283848,0.5123160853033559,0.5123160853033559,0.5123160853033559,115.62677780124176,1.0357125695963767,1.5592332989617659,358327.3844060482,89581.84610151206,268745.53830453614,28.90669445031044,260,1636.4666666666667,1021.6333333333333,0.5798478159901098,155.43347260723425,263.05478642487793,0.6895517119661136,1.8937140994826251,1319
robustness,DEMAND_SHOCK,3,CAPPED_SMOOTHED_SURGE,MARKETPLACE_AWARE,6049,3129,551,745,1601,4.739533397251518,3.0,11.0,0.21425028930401718,0.5172755827409489,0.5172755827409489,0.5172755827409489,115.94035753848371,1.0413607649371683,1.5158207477068415,362777.37873791554,90694.34468447889,272083.03405343666,28.985089384620927,260,1636.9333333333334,1020.1666666666666,0.5632229384517409,152.40532240691357,266.7044934358144,0.6796302755493547,1.911501181070294,1296
robustness,DEMAND_SHOCK,3,CAPPED_SMOOTHED_SURGE,ADVANCED_HEURISTIC,6049,2978,464,913,1670,4.911685695097381,2.0,11.0,0.22764093238551827,0.49231277897173087,0.49231277897173087,0.49231277897173087,113.65535153617067,1.0164730923666065,1.594110410185358,338465.63687471626,84616.40921867907,253849.2276560372,28.413837884042668,260,1642.3666666666666,997.6333333333333,0.5454931739884503,141.3924642615397,254.4514293722181,0.6904761904761905,1.8132369953928276,1377
robustness,DEMAND_SHOCK,4,NO_SURGE,NEAREST_DRIVER,5977,3222,625,738,1362,4.293296089385475,2.0,11.0,0.22804082315542915,0.5390664212815793,0.5390664212815793,0.5390664212815793,110.97515269501584,1.0,1.4477306611669565,357561.941983341,89390.48549583525,268171.45648750575,27.74378817375396,260,1735.8666666666666,1032.8,0.5605349041954905,147.54130951251415,259.65477971292194,0.6928422515635858,1.8561333435747756,1363
robustness,DEMAND_SHOCK,4,NO_SURGE,ETA_OPTIMIZED,5977,3308,606,703,1330,4.254232164449818,3.0,10.0,0.21900619039652,0.5534549104902124,0.5534549104902124,0.5534549104902124,111.17520109809652,1.0,1.264562696056067,367767.5652325033,91941.89130812582,275825.6739243775,27.79380027452413,260,1740.3,1015.3166666666667,0.5494334784134959,150.5632706704304,271.6646766273683,0.6836406699374048,1.9008216974084928,1309
robustness,DEMAND_SHOCK,4,NO_SURGE,DRIVER_EARNINGS_AWARE,5977,3221,630,744,1354,4.375970195591432,2.0,11.0,0.22988121131002176,0.5388991132675255,0.5388991132675255,0.5388991132675255,110.91534238371415,1.0,1.4516209244834901,357258.3178179433,89314.57945448582,267943.7383634575,27.728835595928537,260,1736.3,1028.5,0.5646508105051795,149.1743494215088,260.5189483358847,0.6833904109589041,1.855094165754766,1374
robustness,DEMAND_SHOCK,4,NO_SURGE,MARKETPLACE_AWARE,5977,3239,638,714,1357,4.286816918802099,2.0,11.0,0.22620043500083653,0.5419106575204953,0.5419106575204953,0.5419106575204953,111.24334531826648,1.0,1.4389916634047002,360317.1954858651,90079.29887146628,270237.8966143988,27.81083632956662,260,1734.6833333333334,1038.4166666666667,0.5669616208333453,149.5875666581475,260.2403305812363,0.6869175008629617,1.8671995849386536,1352
robustness,DEMAND_SHOCK,4,NO_SURGE,ADVANCED_HEURISTIC,5977,3041,610,842,1455,4.5517921736270965,2.0,11.0,0.24293123640622385,0.5087836707378284,0.5087836707378284,0.5087836707378284,110.93644143612312,1.0,1.5600785455919357,337357.7184072504,84339.4296018126,253018.2888054378,27.73411035903078,260,1737.95,993.6833333333333,0.5387064809287623,139.24323590704253,254.6266806716806,0.6921579040538148,1.7497626513996374,1452
robustness,DEMAND_SHOCK,4,BASIC_SURGE,NEAREST_DRIVER,5977,3219,538,742,1450,4.2836284560422495,2.0,11.0,0.21415425798895768,0.5385644972394178,0.5385644972394178,0.5385644972394178,111.66229765917566,1.0072725739890138,1.4491086805051643,359440.93616488646,89860.23404122161,269580.70212366484,27.915574414793916,260,1734.9666666666667,1030.5666666666666,0.5590939504370703,148.11611320001398,261.58492297797153,0.6894882434301521,1.8553670579646102,1280
robustness,DEMAND_SHOCK,4,BASIC_SURGE,ETA_OPTIMIZED,5977,3337,521,691,1399,4.170212765957447,2.0,9.400000000000091,0.2027773130332943,0.5583068428977748,0.5583068428977748,0.5583068428977748,111.90020441379227,1.0067659009950822,1.2578473627792757,373410.9821288248,93352.7455322062,280058.2365966186,27.975051103448067,260,1742.6833333333334,1018.05,0.5485741636473271,152.54938264341612,275.09281135172,0.7056879457296921,1.9148630942703302,1212
robustness,DEMAND_SHOCK,4,BASIC_SURGE,DRIVER_EARNINGS_AWARE,5977,3219,533,732,1465,4.273376825100963,2.0,10.0,0.21164463777814957,0.5385644972394178,0.5385644972394178,0.5385644972394178,112.13179013634529,1.0104276305951172,1.4371388234134765,360952.23244889546,90238.05811222387,270714.1743366716,28.032947534086322,260,1734.2333333333333,1028.5666666666666,0.5653296607768626,151.1011845111169,263.19555465859116,0.6879322268326418,1.8561516135852538,1265
robustness,DEMAND_SHOCK,4,BASIC_SURGE,MARKETPLACE_AWARE,5977,3286,547,700,1412,4.194765672550213,2.0,10.0,0.20863309352517986,0.5497741341810273,0.5497741341810273,0.5497741341810273,112.1417176651867,1.007925204352488,1.412821297034908,368497.6842478035,92124.42106195088,276373.2631858527,28.035429416296676,260,1736.5333333333333,1042.6666666666667,0.564675656527428,151.22371524210936,265.0638713419303,0.6887860082304527,1.8922757985257985,1247
robustness,DEMAND_SHOCK,4,BASIC_SURGE,ADVANCED_HEURISTIC,5977,3012,528,846,1559,4.623837981407703,2.0,11.0,0.22988121131002176,0.503931738330266,0.503931738330266,0.503931738330266,111.92402293764742,1.0041173258526312,1.5839707624742556,337115.15708819404,84278.78927204851,252836.36781614553,27.981005734411855,260,1735.3166666666666,997.7833333333333,0.5404396611760924,139.2989876083424,253.39806686436157,0.6878868258178603,1.7357062591842027,1374
robustness,DEMAND_SHOCK,4,AGGRESSIVE_SURGE,NEAREST_DRIVER,5977,3205,389,640,1719,3.84804992199688,2.0,9.0,0.1721599464614355,0.5362221850426635,0.5362221850426635,0.5362221850426635,119.12521309241949,1.0750795798818205,1.3142768198503405,381796.30796120444,95449.07699030111,286347.2309709033,29.78130327310487,260,1735.1333333333334,992.2,0.5429379073253686,158.47873123118785,288.598297692908,0.6938116591928251,1.847120298151919,1029
robustness,DEMAND_SHOCK,4,AGGRESSIVE_SURGE,ETA_OPTIMIZED,5977,3284,394,572,1696,3.857795371498173,2.0,8.0,0.1616195415760415,0.5494395181529195,0.5494395181529195,0.5494395181529195,118.27747527927042,1.0668019300032734,1.1595055534693408,388423.22881712404,97105.80720428101,291317.42161284306,29.569368819817605,260,1742.6166666666666,981.5,0.5306014161000232,158.13522087338436,296.80837657956494,0.6988667026443605,1.8845223179701025,966
robustness,DEMAND_SHOCK,4,AGGRESSIVE_SURGE,DRIVER_EARNINGS_AWARE,5977,3195,394,637,1720,3.9327073552425666,2.0,10.0,0.17249456248954326,0.5345491049021248,0.5345491049021248,0.5345491049021248,118.99697494452946,1.0696011275359456,1.351883295561406,380195.3349477716,95048.8337369429,285146.5012108287,29.749243736132364,260,1735.5166666666667,1000.95,0.5476894601053774,157.81882559507088,284.87586913515025,0.6955347497299244,1.8409503413968944,1031
robustness,DEMAND_SHOCK,4,AGGRESSIVE_SURGE,MARKETPLACE_AWARE,5977,3232,390,609,1720,3.8870668316831685,2.0,10.0,0.16714070603981931,0.5407395014221181,0.5407395014221181,0.5407395014221181,118.64472368509891,1.066717951318697,1.3231564415344657,383459.7469502397,95864.93673755992,287594.8102126798,29.661180921274727,260,1735.35,1003.8833333333333,0.5456232556635692,157.61168560684254,286.48230393240885,0.6861352742765844,1.8624484974212696,999
robustness,DEMAND_SHOCK,4,AGGRESSIVE_SURGE,ADVANCED_HEURISTIC,5977,3033,389,780,1747,4.358061325420376,2.0,11.0,0.19558306842897774,0.5074452066253974,0.5074452066253974,0.5074452066253974,117.46340205637327,1.0568060450887453,1.5154585965232024,356266.4984369801,89066.62460924503,267199.8738277351,29.365850514093317,260,1735.65,982.5333333333333,0.5325885677382122,146.78522642106478,271.9499326513792,0.686204431736955,1.7474721285973553,1169
robustness,DEMAND_SHOCK,4,CAPPED_SMOOTHED_SURGE,NEAREST_DRIVER,5977,3205,536,729,1476,4.295163806552262,2.0,11.0,0.21164463777814957,0.5362221850426635,0.5362221850426635,0.5362221850426635,112.65020569649161,1.0188436943905776,1.4477060340077739,361043.9092572556,90260.9773143139,270782.93194294174,28.162551424122903,260,1736.55,1020.25,0.5581264007956949,149.77674416758114,265.4084116078821,0.68712081816606,1.8456134289251678,1265
robustness,DEMAND_SHOCK,4,CAPPED_SMOOTHED_SURGE,ETA_OPTIMIZED,5977,3298,506,691,1455,4.345360824742268,3.0,10.0,0.2002676928224862,0.5517818303496738,0.5517818303496738,0.5517818303496738,112.9197489142215,1.017655001872011,1.304786092019175,372409.3319191025,93102.33297977563,279306.9989393269,28.229937228555375,260,1741.6666666666667,1014.75,0.5510336271137176,153.3777795630351,275.24710415306913,0.6863783968552384,1.8935885167464115,1197
robustness,DEMAND_SHOCK,4,CAPPED_SMOOTHED_SURGE,DRIVER_EARNINGS_AWARE,5977,3212,533,721,1480,4.3368617683686175,2.0,11.0,0.20980424962355698,0.5373933411410406,0.5373933411410406,0.5373933411410406,112.80610034757169,1.0176048877756916,1.4736490735544923,362333.1943164003,90583.29857910007,271749.8957373002,28.20152508689292,260,1736.8333333333333,1024.9166666666667,0.5578664165163129,149.634468534078,265.1434058742664,0.6904181184668989,1.8493426734478458,1254
robustness,DEMAND_SHOCK,4,CAPPED_SMOOTHED_SURGE,MARKETPLACE_AWARE,5977,3225,529,725,1470,4.27937984496124,2.0,11.0,0.20980424962355698,0.539568345323741,0.539568345323741,0.539568345323741,113.3527282483579,1.022449374716694,1.4287257292710513,365562.54860095424,91390.63715023856,274171.9114507157,28.338182062089476,260,1737.7666666666667,1026.8833333333334,0.5536902144352044,148.71200027145213,266.9942169192044,0.6863455895045745,1.8558302802447586,1254
robustness,DEMAND_SHOCK,4,CAPPED_SMOOTHED_SURGE,ADVANCED_HEURISTIC,5977,3058,517,828,1544,4.431654676258993,2.0,11.0,0.22502927890245944,0.5116279069767442,0.5116279069767442,0.5116279069767442,112.28220600590363,1.0113195882727346,1.52261425863773,343358.9859660533,85839.74649151333,257519.23947454,28.070551501475908,260,1734.6333333333334,997.95,0.5396895977358727,141.2927172786375,258.0482383631845,0.6965492707221629,1.7629085877899267,1345
robustness,DEMAND_SHOCK,5,NO_SURGE,NEAREST_DRIVER,5958,3280,598,705,1349,4.0807926829268295,2.0,10.0,0.21869754951325948,0.5505203088284659,0.5505203088284659,0.5505203088284659,111.54176075253844,1.0,1.3750242054977442,365856.97526832606,91464.24381708151,274392.73145124456,27.88544018813461,260,1739.0666666666666,1034.6666666666667,0.5669570911728634,151.77354965083867,265.19916055210484,0.6935316499481149,1.8860691558690486,1303
robustness,DEMAND_SHOCK,5,NO_SURGE,ETA_OPTIMIZED,5958,3346,581,683,1323,4.092647937836222,2.0,9.0,0.21215172876804297,0.5615978516280631,0.5615978516280631,0.5615978516280631,111.64396325909803,1.0,1.227647307233092,373560.701064942,93390.1752662355,280170.5257987065,27.910990814774507,260,1745.3666666666666,1027.0666666666666,0.5603054348702733,154.06775950352474,272.787088600584,0.6907479979553587,1.9170756861022518,1264
robustness,DEMAND_SHOCK,5,NO_SURGE,DRIVER_EARNINGS_AWARE,5958,3279,614,702,1341,4.080207380298871,2.0,10.0,0.220879489761665,0.5503524672708963,0.5503524672708963,0.5503524672708963,111.54578948529722,1.0,1.362913936340447,365758.6437222896,91439.6609305724,274318.98279171716,27.886447371324305,260,1737.9833333333333,1034.55,0.5717426836212398,153.65868267750645,265.1577814428662,0.6954482279360668,1.8866694157021069,1316
robustness,DEMAND_SHOCK,5,NO_SURGE,MARKETPLACE_AWARE,5958,3341,626,663,1303,4.087997605507333,2.0,10.0,0.2163477677072843,0.5607586438402148,0.5607586438402148,0.5607586438402148,111.73149841702129,1.0,1.3481540689749207,373294.9362112681,93323.73405281703,279971.2021584511,27.93287460425532,260,1737.6,1050.8333333333333,0.5745821893891682,154.9831767508799,266.4277895242992,0.6942960537652938,1.922767034990792,1289
robustness,DEMAND_SHOCK,5,NO_SURGE,ADVANCED_HEURISTIC,5958,3135,581,807,1410,4.097607655502392,2.0,10.0,0.23296408190668008,0.526183282980866,0.526183282980866,0.526183282980866,111.42132964104165,1.0,1.3913002797348764,349305.8684246656,87326.4671061664,261979.40131849918,27.855332410260413,260,1737.35,1005.2833333333333,0.5498433946751097,145.17502008527796,260.6025511731345,0.6914763813839986,1.8044723285463493,1388
robustness,DEMAND_SHOCK,5,BASIC_SURGE,NEAREST_DRIVER,5958,3274,557,702,1399,4.052840562003666,2.0,10.0,0.2113125209801947,0.549513259483048,0.549513259483048,0.549513259483048,112.52757915355225,1.0060716048446694,1.3532677151017227,368415.29414873006,92103.82353718251,276311.4706115475,28.131894788388063,260,1735.5166666666667,1037.95,0.5671518763341186,152.77138968818932,266.20884494585243,0.6800339847068819,1.8864699273031087,1259
robustness,DEMAND_SHOCK,5,BASIC_SURGE,ETA_OPTIMIZED,5958,3322,512,705,1394,3.957555689343769,2.0,9.0,0.20426317556226922,0.5575696542463914,0.5575696542463914,0.5575696542463914,112.45633196775559,1.0045783577049425,1.2035794581811656,373579.9347968841,93394.98369922102,280184.951097663,28.114082991938897,260,1742.4166666666667,1022.7833333333333,0.5580080069177722,154.52895273853562,273.9436026831975,0.702009702009702,1.9065474197713903,1217
robustness,DEMAND_SHOCK,5,BASIC_SURGE,DRIVER_EARNINGS_AWARE,5958,3294,539,706,1394,3.882817243472981,2.0,9.0,0.20896273917421954,0.552870090634441,0.552870090634441,0.552870090634441,112.24613798812776,1.0069936296103514,1.3218285644656507,369738.7785328928,92434.6946332232,277304.0838996696,28.06153449703194,260,1735.9166666666667,1031.5166666666667,0.5726285840113245,155.0493180672757,268.8314138401411,0.6986634264884569,1.897556526330949,1245
robustness,DEMAND_SHOCK,5,BASIC_SURGE,MARKETPLACE_AWARE,5958,3288,560,678,1407,4.027068126520681,2.0,10.0,0.20778784827123195,0.5518630412890232,0.5518630412890232,0.5518630412890232,112.99754223845287,1.0119555347105713,1.350627431297947,371535.918880033,92883.97972000825,278651.93916002475,28.249385559613216,260,1737.7833333333333,1036.9166666666667,0.5630515673935389,153.01151269116403,268.73127621315575,0.6886434242319641,1.892065562450248,1238
robustness,DEMAND_SHOCK,5,BASIC_SURGE,ADVANCED_HEURISTIC,5958,3088,511,814,1517,4.208873056994818,2.0,10.300000000000182,0.22239006377979187,0.5182947297750923,0.5182947297750923,0.5182947297750923,112.25016463695631,1.0047456770558545,1.4533429437370442,346628.5083989211,86657.12709973028,259971.38129919083,28.06254115923908,260,1736.3333333333333,996.2,0.543670197641504,144.21197077316143,260.9630408544377,0.6925110132158591,1.7784603570742945,1325
robustness,DEMAND_SHOCK,5,AGGRESSIVE_SURGE,NEAREST_DRIVER,5958,3277,372,621,1666,3.761977418370461,2.0,9.0,0.16666666666666666,0.5500167841557569,0.5500167841557569,0.5500167841557569,119.39999070396743,1.066314069525459,1.2970992541221023,391273.76953690127,97818.44238422532,293455.32715267595,29.849997675991858,260,1736.9833333333333,1024.55,0.5584870597896355,161.5053007613409,286.42362710719436,0.6973848069738481,1.8866041700649594,993
robustness,DEMAND_SHOCK,5,AGGRESSIVE_SURGE,ETA_OPTIMIZED,5958,3305,373,571,1686,3.83267776096823,2.0,8.0,0.15844243034575362,0.5547163477677073,0.5547163477677073,0.5547163477677073,119.66104584205102,1.0708062497037472,1.166428036434365,395479.75650797866,98869.93912699466,296609.81738098396,29.915261460512756,260,1737.8333333333333,995.5,0.5435423376216293,162.5707137449015,297.9505950587483,0.7007010605788244,1.901793420926441,944
robustness,DEMAND_SHOCK,5,AGGRESSIVE_SURGE,DRIVER_EARNINGS_AWARE,5958,3252,373,614,1695,3.7616851168511687,2.0,9.0,0.16565961732124873,0.5458207452165156,0.5458207452165156,0.5458207452165156,119.13567912363679,1.0661058729686024,1.3042302665548422,387429.22851006687,96857.30712751672,290571.92138255015,29.783919780909198,260,1734.3333333333333,1012.6333333333333,0.561843803025794,162.7290645197909,286.94682647475247,0.7060639070442992,1.8750720738035749,987
robustness,DEMAND_SHOCK,5,AGGRESSIVE_SURGE,MARKETPLACE_AWARE,5958,3264,366,604,1700,3.71875,2.0,9.0,0.1628063108425646,0.5478348439073515,0.5478348439073515,0.5478348439073515,119.46592882479716,1.0689691080939525,1.274525294092318,389936.79168413795,97484.19792103449,292452.5937631035,29.86648220619929,260,1734.7,1016.3666666666667,0.5572925753093122,161.61627705668752,287.7431967758717,0.6968666069829902,1.881593359082262,970
robustness,DEMAND_SHOCK,5,AGGRESSIVE_SURGE,ADVANCED_HEURISTIC,5958,3106,366,758,1703,4.061171925305859,2.0,10.0,0.18865391070829138,0.5213158778113461,0.5213158778113461,0.5213158778113461,117.88978213103798,1.054829361363754,1.4040265705552069,366165.66329900397,91541.41582475099,274624.24747425294,29.472445532759494,260,1738.9,995.3,0.5413847357427208,151.07830001727464,275.9210765339626,0.7031278249864401,1.7861866697337396,1124
robustness,DEMAND_SHOCK,5,CAPPED_SMOOTHED_SURGE,NEAREST_DRIVER,5958,3264,538,688,1443,4.135110294117647,2.0,10.0,0.2057737495803961,0.5478348439073515,0.5478348439073515,0.5478348439073515,114.24748908749821,1.0202886552045365,1.3982789023828788,372903.8043815942,93225.95109539854,279677.85328619566,28.561872271874552,260,1737.55,1037.7666666666667,0.5655858653049091,154.46380958290337,269.49974620453764,0.6855714531977245,1.8785070933210555,1226
robustness,DEMAND_SHOCK,5,CAPPED_SMOOTHED_SURGE,ETA_OPTIMIZED,5958,3379,513,653,1384,3.9224622669428824,2.0,9.0,0.19570325612621686,0.5671366230278617,0.5671366230278617,0.5671366230278617,113.51868261337574,1.014042361286343,1.1855412716972684,383579.62855059665,95894.90713764916,287684.7214129475,28.379670653343936,260,1745.5666666666666,1034.0833333333333,0.5586723888836362,156.9253759568989,278.20264783265134,0.6983144134846921,1.9357610709034316,1166
robustness,DEMAND_SHOCK,5,CAPPED_SMOOTHED_SURGE,DRIVER_EARNINGS_AWARE,5958,3284,531,681,1438,3.9972594397076735,2.0,10.0,0.20342396777442096,0.5511916750587446,0.5511916750587446,0.5511916750587446,114.1934581376862,1.0201543754145375,1.3454803767057446,375011.3165241615,93752.82913104037,281258.4873931211,28.54836453442155,260,1733.8,1030.9,0.5757939739801126,158.91853919225,272.828099130004,0.6984238178633976,1.8941054331526128,1212
robustness,DEMAND_SHOCK,5,CAPPED_SMOOTHED_SURGE,MARKETPLACE_AWARE,5958,3259,538,678,1455,3.9447683338447375,2.0,10.0,0.20409533400469956,0.5469956361195032,0.5469956361195032,0.5469956361195032,113.94337051445098,1.018301689611785,1.3377358070833898,371341.4445065957,92835.36112664893,278506.08337994677,28.485842628612744,260,1738.85,1028.0,0.5603858265249324,153.25214101685634,270.9203145719327,0.6967141099982428,1.8742272191390863,1216
robustness,DEMAND_SHOCK,5,CAPPED_SMOOTHED_SURGE,ADVANCED_HEURISTIC,5958,3063,510,803,1560,4.241266731962129,2.0,10.0,0.22037596508895602,0.5140986908358509,0.5140986908358509,0.5140986908358509,112.82536654533783,1.0077610969358872,1.457303860391479,345584.09772836976,86396.02443209244,259188.07329627732,28.206341636334457,260,1735.9666666666667,995.7833333333333,0.5438028004235362,143.5200897414163,260.28561095580767,0.6946032880629021,1.7644348009754411,1313
robustness,LOW_DEMAND,0,NO_SURGE,NEAREST_DRIVER,3626,2272,326,295,718,3.3701584507042255,2.0,8.0,0.1712630998345284,0.6265857694429123,0.6265857694429123,0.6265857694429123,112.06658172445688,1.0,1.175996287712031,254615.27367796603,63653.81841949151,190961.4552584745,28.01664543111422,260,1672.5666666666666,678.5,0.3686871812941491,104.78942138799349,281.44650738168684,0.7020119630233823,1.3583912948163501,621
robustness,LOW_DEMAND,0,NO_SURGE,ETA_OPTIMIZED,3626,2255,318,318,720,3.521951219512195,2.0,8.0,0.17539988968560397,0.6218974076116933,0.6218974076116933,0.6218974076116933,112.02805770872524,1.0,1.129243146825955,252623.27013317542,63155.817533293855,189467.45259988157,28.00701442718131,260,1672.8833333333334,666.85,0.36527014532292423,105.20874426474695,284.12304506243015,0.7094298245614035,1.347972064200532,636
robustness,LOW_DEMAND,0,NO_SURGE,DRIVER_EARNINGS_AWARE,3626,2288,324,297,701,3.285839160839161,2.0,8.0,0.1712630998345284,0.6309983452840596,0.6309983452840596,0.6309983452840596,112.26135137193806,1.0,1.1612254122247332,256853.97193899428,64213.49298474857,192640.47895424571,28.065337842984516,260,1669.9333333333334,681.0666666666667,0.3815069289660189,108.81565375728601,282.85113393830125,0.7269424259362772,1.3701145754321529,621
robustness,LOW_DEMAND,0,NO_SURGE,MARKETPLACE_AWARE,3626,2260,315,320,716,3.363716814159292,2.0,8.0,0.17512410369553227,0.6232763375620518,0.6232763375620518,0.6232763375620518,112.09985861126829,1.0,1.1783318943492374,253345.68046146634,63336.420115366585,190009.26034609976,28.024964652817072,260,1671.8166666666666,677.9833333333333,0.36945452778883114,104.48789000368316,280.25653582354494,0.7082423580786026,1.3518228673399197,635
robustness,LOW_DEMAND,0,NO_SURGE,ADVANCED_HEURISTIC,3626,2194,330,341,748,3.5086599817684596,2.0,9.0,0.18505239933811363,0.6050744622173193,0.6050744622173193,0.6050744622173193,111.8983955225524,1.0,1.2345564827399236,245505.07977647998,61376.269944119995,184128.80983235998,27.9745988806381,260,1672.85,666.1666666666666,0.36373553656044766,101.60575416013454,276.4005151348912,0.7107391910739191,1.3115342080879937,671
robustness,LOW_DEMAND,0,BASIC_SURGE,NEAREST_DRIVER,3626,2239,305,322,746,3.448861098704779,2.0,8.0,0.17291781577495863,0.617484831770546,0.617484831770546,0.617484831770546,111.93724619924322,1.0007789860612983,1.2016143616225805,250627.49424010556,62656.87356002639,187970.62068007916,27.984311549810805,260,1671.15,673.05,0.368449459801732,103.97286216791623,279.2818077112832,0.7041290675417008,1.3397959488974658,627
robustness,LOW_DEMAND,0,BASIC_SURGE,ETA_OPTIMIZED,3626,2268,307,300,736,3.4761904761904763,2.0,7.0,0.16740209597352454,0.6254826254826255,0.6254826254826255,0.6254826254826255,112.15793744329,1.0011900455148661,1.1105033859149496,254374.2021213817,63593.55053034543,190780.6515910363,28.0394843608225,260,1673.9166666666667,667.5666666666667,0.3633211721158421,104.72668602963856,285.7851674105501,0.7149183504013286,1.3549061582117787,607
robustness,LOW_DEMAND,0,BASIC_SURGE,DRIVER_EARNINGS_AWARE,3626,2275,306,301,730,3.343296703296703,2.0,8.0,0.16740209597352454,0.6274131274131274,0.6274131274131274,0.6274131274131274,112.1132270569355,1.0007654454896289,1.1686304522643758,255057.59155452825,63764.39788863206,191293.1936658962,28.028306764233875,260,1670.7333333333333,675.9166666666666,0.3733202976859946,106.64957897490237,283.01298532742624,0.7125171939477304,1.361677506883205,607
robustness,LOW_DEMAND,0,BASIC_SURGE,MARKETPLACE_AWARE,3626,2278,303,296,735,3.3459174714661986,2.0,8.0,0.16519580805295092,0.6282404853833425,0.6282404853833425,0.6282404853833425,112.0221767930673,1.000864503445564,1.1660587386329977,255186.51873460732,63796.62968365183,191389.88905095548,28.005544198266826,260,1671.2333333333333,676.8166666666667,0.3712861751007288,106.27024471846384,282.77951545365136,0.7034520250067954,1.3630652013483056,599
robustness,LOW_DEMAND,0,BASIC_SURGE,ADVANCED_HEURISTIC,3626,2208,308,341,756,3.5643115942028984,2.0,9.0,0.17898510755653613,0.6089354660783233,0.6089354660783233,0.6089354660783233,111.70152947876568,1.0006031110072833,1.2442761369503033,246636.9770891146,61659.24427227865,184977.73281683595,27.92538236969142,260,1672.25,665.4666666666667,0.3633168957497374,102.04698159236453,277.96693971674404,0.7015334063526835,1.3203767379279414,649
robustness,LOW_DEMAND,0,AGGRESSIVE_SURGE,NEAREST_DRIVER,3626,2227,239,286,861,3.337674000898069,2.0,8.0,0.14478764478764478,0.6141753998896856,0.6141753998896856,0.6141753998896856,116.15636891418029,1.0386111070211355,1.168537158131965,258680.2335718795,64670.05839296988,194010.17517890962,29.039092228545073,260,1670.1833333333334,660.4333333333333,0.36517707753655626,108.37317386462026,293.7619368781754,0.7061783617556612,1.3333865543702788,525
robustness,LOW_DEMAND,0,AGGRESSIVE_SURGE,ETA_OPTIMIZED,3626,2224,237,280,869,3.3889388489208634,2.0,7.0,0.14258135686707116,0.6133480419194705,0.6133480419194705,0.6133480419194705,116.64404990688891,1.0406340907511442,1.093654074855891,259416.36699292093,64854.09174823023,194562.2752446907,29.161012476722227,260,1673.1666666666667,654.2,0.3611885673665264,108.50409639859659,297.404884201606,0.7095774647887324,1.3292160573762326,517
robustness,LOW_DEMAND,0,AGGRESSIVE_SURGE,DRIVER_EARNINGS_AWARE,3626,2253,236,271,853,3.2379050155348423,2.0,7.7999999999999545,0.1398234969663541,0.6213458356315499,0.6213458356315499,0.6213458356315499,115.90027840473692,1.0343259649266334,1.1459919871371058,261123.3272458723,65280.83181146807,195842.49543440423,28.97506960118423,260,1671.2166666666667,667.6,0.37317619254888706,110.59120208603929,293.35304888316983,0.7248571428571429,1.3481196334008156,507
robustness,LOW_DEMAND,0,AGGRESSIVE_SURGE,MARKETPLACE_AWARE,3626,2266,237,260,846,3.3300970873786406,2.0,8.0,0.13706563706563707,0.6249310535024821,0.6249310535024821,0.6249310535024821,115.8133473230203,1.0342883445900057,1.1685019636379639,262433.045033964,65608.261258491,196824.78377547298,28.953336830755074,260,1670.3166666666666,671.0666666666667,0.36889193782048724,109.00526552804975,293.30138651222876,0.7127242152466368,1.3566289825282631,497
robustness,LOW_DEMAND,0,AGGRESSIVE_SURGE,ADVANCED_HEURISTIC,3626,2168,237,325,883,3.5244464944649447,2.0,9.0,0.15499172642029785,0.597904026475455,0.597904026475455,0.597904026475455,115.62202946819865,1.0335780896427829,1.2577257032840057,250668.55988705467,62667.13997176367,188001.41991529102,28.905507367049662,260,1671.45,653.8333333333334,0.3553389225500414,103.50193575996035,287.5372213845898,0.7089108910891089,1.2970773878967363,562
robustness,LOW_DEMAND,0,CAPPED_SMOOTHED_SURGE,NEAREST_DRIVER,3626,2271,295,305,741,3.354029062087186,2.0,8.0,0.1654715940430226,0.6263099834528406,0.6263099834528406,0.6263099834528406,112.4463686810898,1.004287110583511,1.174560911446085,255365.70327475492,63841.42581868873,191524.2774560662,28.11159217027245,260,1670.8333333333333,674.3666666666667,0.37399458697946475,107.2767578782413,284.00614520695893,0.7047619047619048,1.359201995012469,600
robustness,LOW_DEMAND,0,CAPPED_SMOOTHED_SURGE,ETA_OPTIMIZED,3626,2266,287,312,747,3.473080317740512,2.0,7.0,0.16519580805295092,0.6249310535024821,0.6249310535024821,0.6249310535024821,112.60254687931072,1.0052981944680668,1.1149704406203649,255157.3712285181,63789.34280712953,191368.0284213886,28.15063671982768,260,1670.6333333333334,664.6333333333333,0.3648854706575457,105.86309012323349,287.9302298330738,0.718801996672213,1.3563718350326224,599
robustness,LOW_DEMAND,0,CAPPED_SMOOTHED_SURGE,DRIVER_EARNINGS_AWARE,3626,2246,291,328,747,3.4536954585930544,2.0,8.0,0.170711527854385,0.619415333701048,0.619415333701048,0.619415333701048,112.72835119314217,1.0061862314309082,1.203232079463665,253187.8767797973,63296.96919494933,189890.907584848,28.182087798285544,260,1670.8333333333333,672.7333333333333,0.37235059066923454,106.33991928271924,282.2677250790526,0.7082649151614668,1.3442394014962593,619
robustness,LOW_DEMAND,0,CAPPED_SMOOTHED_SURGE,MARKETPLACE_AWARE,3626,2270,302,302,737,3.306167400881057,2.0,8.0,0.16657473800330944,0.6260341974627689,0.6260341974627689,0.6260341974627689,112.58570634017694,1.0057528223150396,1.1651838047794025,255569.55339220166,63892.388348050416,191677.16504415125,28.146426585044235,260,1672.4833333333333,672.3666666666667,0.3659924915777981,105.2291426681255,285.07832786299826,0.70993413830955,1.3572631516009128,604
robustness,LOW_DEMAND,0,CAPPED_SMOOTHED_SURGE,ADVANCED_HEURISTIC,3626,2199,297,346,768,3.561164165529786,2.0,9.0,0.1773303916161059,0.6064533921676779,0.6064533921676779,0.6064533921676779,112.16565958603928,1.0024106240715163,1.2561241837819679,246652.2854297004,61663.0713574251,184989.2140722753,28.04141489650982,260,1671.8,664.7166666666667,0.3655946107059675,102.71369946539222,278.29784229713204,0.7012595837897043,1.3153487259241536,643
robustness,LOW_DEMAND,1,NO_SURGE,NEAREST_DRIVER,3426,2166,302,291,654,3.3485687903970454,2.0,8.0,0.1730881494454174,0.6322241681260946,0.6322241681260946,0.6322241681260946,110.29304291940034,1.0,1.1577438524497292,238894.7309634211,59723.68274085528,179171.04822256585,27.573260729850084,260,1641.85,634.4666666666667,0.3616015200117702,103.17187236932075,282.3963143152766,0.708548479632817,1.3192435362548345,593
robustness,LOW_DEMAND,1,NO_SURGE,ETA_OPTIMIZED,3426,2190,300,261,663,3.535159817351598,2.0,8.0,0.1637478108581436,0.6392294220665499,0.6392294220665499,0.6392294220665499,110.38280130137342,1.0,1.1294896072772047,241738.33485000778,60434.583712501946,181303.75113750584,27.595700325343355,260,1643.2333333333333,631.0166666666667,0.35810488657583894,103.77864523272386,287.3200673054159,0.7085730724971231,1.3327383005051017,561
robustness,LOW_DEMAND,1,NO_SURGE,DRIVER_EARNINGS_AWARE,3426,2193,308,260,652,3.4181486548107616,2.0,8.0,0.16579100992410975,0.6401050788091068,0.6401050788091068,0.6401050788091068,110.09674551644812,1.0,1.1879680037338285,241442.16291757073,60360.540729392684,181081.62218817807,27.52418637911203,260,1642.0166666666667,640.1666666666666,0.3715607840775284,106.11667533123932,282.86637155143666,0.7061855670103093,1.3355528263009917,568
robustness,LOW_DEMAND,1,NO_SURGE,MARKETPLACE_AWARE,3426,2166,310,274,662,3.3795013850415514,2.0,8.0,0.17046117921774664,0.6322241681260946,0.6322241681260946,0.6322241681260946,110.31375869563388,1.0,1.1711318129128472,238939.60133474297,59734.90033368574,179204.70100105723,27.57843967390847,260,1640.4666666666667,634.6166666666667,0.3601851222195066,102.37968695868351,282.3825947438988,0.7011428571428572,1.3203559962612264,584
robustness,LOW_DEMAND,1,NO_SURGE,ADVANCED_HEURISTIC,3426,2083,290,346,693,3.6346615458473357,2.0,9.0,0.18563922942206654,0.6079976649153532,0.6079976649153532,0.6079976649153532,110.47058054655288,1.0,1.2708859145364295,230110.21927846965,57527.55481961741,172582.66445885223,27.61764513663822,260,1643.1,628.4333333333333,0.35836578577935746,99.17063247481767,274.62366380764695,0.7110011641443539,1.2677256405574828,636
robustness,LOW_DEMAND,1,BASIC_SURGE,NEAREST_DRIVER,3426,2143,298,283,689,3.375174988334111,2.0,8.0,0.16958552247518974,0.6255107997664915,0.6255107997664915,0.6255107997664915,110.41854589341754,1.001734970334669,1.174976600313906,236626.9438495938,59156.73596239845,177470.20788719534,27.604636473354386,260,1641.7166666666667,629.6,0.35846888359320256,101.83114667276534,281.87771265437635,0.7061378112333526,1.3053409540826169,581
robustness,LOW_DEMAND,1,BASIC_SURGE,ETA_OPTIMIZED,3426,2154,282,291,686,3.5157845868152275,2.0,8.0,0.1672504378283713,0.6287215411558669,0.6287215411558669,0.6287215411558669,110.42980477515188,1.0018974114259869,1.1206008437753872,237865.79948567715,59466.44987141929,178399.34961425787,27.60745119378797,260,1641.4333333333334,623.8333333333334,0.35349484974707623,102.10441357500493,285.97277522990834,0.7010838562464347,1.3122677334849622,573
robustness,LOW_DEMAND,1,BASIC_SURGE,DRIVER_EARNINGS_AWARE,3426,2144,289,296,686,3.329757462686567,2.0,8.0,0.17075306479859895,0.6258026853473438,0.6258026853473438,0.6258026853473438,110.40153236400877,1.0017377840306472,1.1700700467969583,236700.8853884348,59175.2213471087,177525.6640413261,27.600383091002193,260,1641.25,626.5666666666667,0.36657214626620366,104.85631346378058,283.3308464776178,0.7094066570188133,1.3063214013709064,585
robustness,LOW_DEMAND,1,BASIC_SURGE,MARKETPLACE_AWARE,3426,2146,293,281,693,3.3690587138863,2.0,8.0,0.1675423234092236,0.6263864565090485,0.6263864565090485,0.6263864565090485,110.43272403357024,1.0013187492675977,1.170963617665812,236988.62577604174,59247.156444010434,177741.4693320313,27.60818100839256,260,1640.5,630.55,0.36164316745746417,102.8870555256734,281.88322786778417,0.7009480034472853,1.3081377628771715,574
robustness,LOW_DEMAND,1,BASIC_SURGE,ADVANCED_HEURISTIC,3426,2038,289,351,736,3.639352306182532,2.0,9.0,0.18680677174547577,0.5948628137769995,0.5948628137769995,0.5948628137769995,110.83853482664996,1.0009451692714335,1.2847255802602495,225888.93397671264,56472.23349417816,169416.70048253448,27.70963370666249,260,1642.9166666666667,619.6166666666667,0.35140349469802096,97.3787842488529,273.4217938228493,0.7041055718475073,1.2404767943190464,640
robustness,LOW_DEMAND,1,AGGRESSIVE_SURGE,NEAREST_DRIVER,3426,2128,214,283,789,3.2828947368421053,2.0,8.0,0.14506713368359603,0.6211325160537069,0.6211325160537069,0.6211325160537069,113.79215305165012,1.0331509954447822,1.1462705314386028,242149.70169391145,60537.425423477864,181612.2762704336,28.44803826291253,260,1640.8666666666666,623.9833333333333,0.3593441315684592,105.70281660186296,291.05308838980784,0.7175007403020432,1.296875634827124,497
robustness,LOW_DEMAND,1,AGGRESSIVE_SURGE,ETA_OPTIMIZED,3426,2141,225,260,789,3.4110228865016348,2.0,8.0,0.14156450671336837,0.6249270286047869,0.6249270286047869,0.6249270286047869,113.73541754868526,1.0351486660280345,1.1097125746519696,243507.52897173516,60876.88224293379,182630.64672880137,28.433854387171316,260,1642.7,615.1333333333333,0.3509490123244555,105.29796427539145,296.8960334813071,0.7236723672367237,1.3033420588056248,485
robustness,LOW_DEMAND,1,AGGRESSIVE_SURGE,DRIVER_EARNINGS_AWARE,3426,2131,223,270,790,3.1604880337869545,2.0,7.0,0.14389959136018682,0.6220081727962639,0.6220081727962639,0.6220081727962639,114.51376346670163,1.0376928155156115,1.113563022935559,244028.82994754118,61007.207486885294,183021.62246065587,28.628440866675408,260,1641.25,619.2833333333333,0.3593549804050839,107.10491392984264,295.53778151194535,0.730105900151286,1.2984006092916984,493
robustness,LOW_DEMAND,1,AGGRESSIVE_SURGE,MARKETPLACE_AWARE,3426,2100,227,285,802,3.2904761904761903,2.0,8.0,0.14944541739638062,0.6129597197898424,0.6129597197898424,0.6129597197898424,114.444521542051,1.037836290594887,1.151670650455071,240333.4952383071,60083.37380957678,180250.12142873032,28.61113038551275,260,1641.7666666666667,614.7,0.351745971613826,104.2848721268931,293.2326686655772,0.705207413945278,1.2791099019349075,512
robustness,LOW_DEMAND,1,AGGRESSIVE_SURGE,ADVANCED_HEURISTIC,3426,2077,218,319,800,3.452094366875301,2.0,9.0,0.15674255691768826,0.6062463514302393,0.6062463514302393,0.6062463514302393,113.43728779608898,1.0307082134333059,1.2239030897707015,235609.2467524768,58902.3116881192,176706.93506435762,28.359321949022245,260,1641.6833333333334,617.25,0.3550966925994278,102.91352315940986,286.28098025817354,0.7185914652342584,1.2651648206617192,537
robustness,LOW_DEMAND,1,CAPPED_SMOOTHED_SURGE,NEAREST_DRIVER,3426,2139,292,281,701,3.3842917251051894,2.0,8.0,0.1672504378283713,0.6243432574430823,0.6243432574430823,0.6243432574430823,111.23612885979391,1.0066495553398613,1.1780913130114608,237934.07963109916,59483.51990777479,178450.55972332438,27.809032214948477,260,1641.4666666666667,629.6333333333333,0.3595288731862065,102.5203235351221,283.4198100322797,0.7080908032596042,1.3031029160913004,573
robustness,LOW_DEMAND,1,CAPPED_SMOOTHED_SURGE,ETA_OPTIMIZED,3426,2168,277,288,681,3.464483394833948,2.0,8.0,0.16491535318155284,0.6328079392877992,0.6328079392877992,0.6328079392877992,111.0624670961762,1.0075587211526857,1.1218724134966434,240783.42866451002,60195.857166127505,180587.57149838252,27.76561677404405,260,1641.5166666666667,626.75,0.3617761236057071,105.00952227847576,288.13334104249304,0.7172333623946527,1.3207298128763034,565
robustness,LOW_DEMAND,1,CAPPED_SMOOTHED_SURGE,DRIVER_EARNINGS_AWARE,3426,2176,290,264,681,3.353860294117647,2.0,8.0,0.16170461179217746,0.6351430239346176,0.6351430239346176,0.6351430239346176,110.9364969906602,1.0066797921046637,1.171122432426612,241397.8174516766,60349.45436291915,181048.36308875744,27.73412424766505,260,1642.2333333333333,635.8166666666667,0.36804341592926504,105.79288056581281,284.74931938780696,0.7151179726187008,1.3250248645137719,554
robustness,LOW_DEMAND,1,CAPPED_SMOOTHED_SURGE,MARKETPLACE_AWARE,3426,2160,290,277,686,3.3898148148148146,2.0,8.0,0.16549912434325745,0.6304728546409807,0.6304728546409807,0.6304728546409807,111.32332242860255,1.0064675866056894,1.1796348380725195,240458.37644578153,60114.59411144538,180343.78233433614,27.830830607150638,260,1640.5833333333333,637.05,0.36251982715321657,103.54700304719134,283.09203725663,0.7089120370370371,1.316604866155331,567
robustness,LOW_DEMAND,1,CAPPED_SMOOTHED_SURGE,ADVANCED_HEURISTIC,3426,2052,285,340,736,3.6164717348927877,2.0,9.0,0.18242848803269118,0.5989492119089317,0.5989492119089317,0.5989492119089317,110.72390210651656,1.002851692990872,1.2720762872894789,227205.447122572,56801.361780643,170404.085341929,27.68097552662914,260,1642.3666666666666,620.0333333333333,0.35247747278091934,97.88082369731343,274.8305231040197,0.7040398126463701,1.249416492460068,625
robustness,LOW_DEMAND,2,NO_SURGE,NEAREST_DRIVER,3564,2196,332,320,702,3.3979963570127505,2.0,9.0,0.1829405162738496,0.6161616161616161,0.6161616161616161,0.6161616161616161,111.42000204200718,1.0,1.195561355495697,244678.32448424777,61169.58112106194,183508.74336318584,27.855000510501796,260,1693.3,660.1166666666667,0.36679982851879506,102.72548489723037,277.9944101242495,0.6951621770203409,1.296875922754385,652
robustness,LOW_DEMAND,2,NO_SURGE,ETA_OPTIMIZED,3564,2204,329,326,691,3.468239564428312,2.0,8.0,0.18378226711560045,0.6184062850729517,0.6184062850729517,0.6184062850729517,111.54257410447201,1.0,1.1030408164682617,245839.8333262563,61459.95833156408,184379.87499469222,27.885643526118002,260,1695.8,657.6166666666667,0.3619987509164697,101.7586399873846,280.37591554556946,0.7064704248819772,1.299681566222432,655
robustness,LOW_DEMAND,2,NO_SURGE,DRIVER_EARNINGS_AWARE,3564,2194,331,318,709,3.375569735642662,2.0,8.0,0.18209876543209877,0.6156004489337823,0.6156004489337823,0.6156004489337823,111.37053583420632,1.0,1.1891616976816664,244346.9556202487,61086.73890506217,183260.2167151865,27.84263395855158,260,1693.1833333333334,660.15,0.36875907187838075,103.24103919079378,277.60390322682196,0.7057342657342658,1.2957840753610064,649
robustness,LOW_DEMAND,2,NO_SURGE,MARKETPLACE_AWARE,3564,2197,334,314,704,3.4219390077378242,2.0,9.0,0.18181818181818182,0.6164421997755332,0.6164421997755332,0.6164421997755332,111.30392289148936,1.0,1.2032077101676382,244534.71859260212,61133.67964815053,183401.0389444516,27.82598072287234,260,1691.7333333333333,661.7833333333333,0.3650584482637472,101.94513257535725,277.13154699844097,0.6949105914718019,1.2986680327868851,648
robustness,LOW_DEMAND,2,NO_SURGE,ADVANCED_HEURISTIC,3564,2112,328,376,735,3.565814393939394,2.0,9.0,0.19753086419753085,0.5925925925925926,0.5925925925925926,0.5925925925925926,111.35952649464508,1.0,1.2668882262892307,235191.31995669042,58797.829989172606,176393.48996751782,27.83988162366127,260,1691.7833333333333,648.5666666666667,0.35783662807102806,98.07858632650554,271.974338234339,0.6965728615213151,1.2483868107618195,704
robustness,LOW_DEMAND,2,BASIC_SURGE,NEAREST_DRIVER,3564,2181,314,330,725,3.484640073360844,2.0,9.0,0.18069584736251404,0.6119528619528619,0.6119528619528619,0.6119528619528619,111.03384130600395,1.000178319372749,1.238375005499125,242164.8078883946,60541.20197209865,181623.60591629596,27.758460326500987,260,1692.1166666666666,655.7333333333333,0.3586147317566738,100.44234384520682,276.9778455413216,0.7104670793472144,1.2889182187989403,644
robustness,LOW_DEMAND,2,BASIC_SURGE,ETA_OPTIMIZED,3564,2202,306,326,715,3.4968210717529518,2.0,8.0,0.17732884399551066,0.6178451178451179,0.6178451178451179,0.6178451178451179,111.13798312630671,1.00168747344881,1.1273757614169064,244725.83884412737,61181.45971103184,183544.37913309553,27.784495781576677,260,1694.1833333333334,648.25,0.3574792448095982,101.5121568665247,283.1382632211269,0.7063073075854404,1.2997412716057883,632
robustness,LOW_DEMAND,2,BASIC_SURGE,DRIVER_EARNINGS_AWARE,3564,2203,313,315,718,3.497957330912392,2.0,9.0,0.17620650953984288,0.6181257014590348,0.6181257014590348,0.6181257014590348,111.27342984321503,1.0005691904963847,1.2303734871795386,245135.3659446027,61283.841486150675,183851.524458452,27.818357460803757,260,1691.6,664.55,0.3717157873424297,103.63737326460354,276.655668434959,0.7038066129480411,1.3023173327027666,628
robustness,LOW_DEMAND,2,BASIC_SURGE,MARKETPLACE_AWARE,3564,2186,319,326,719,3.39935956084172,2.0,9.0,0.18097643097643099,0.6133557800224467,0.6133557800224467,0.6133557800224467,111.97612109857305,1.002491172868886,1.201971373924653,244779.8007214807,61194.95018037017,183584.8505411105,27.99403027464326,260,1691.9333333333334,664.5,0.3662422337336622,101.8672123437847,276.275170114538,0.7096683530073075,1.2920130816817053,645
robustness,LOW_DEMAND,2,BASIC_SURGE,ADVANCED_HEURISTIC,3564,2084,319,378,767,3.6166026871401153,2.0,9.0,0.19556677890011223,0.5847362514029181,0.5847362514029181,0.5847362514029181,111.86339743977982,1.0004117513969093,1.2836027289341974,233123.32026450115,58280.83006612529,174842.49019837586,27.965849359944954,260,1693.0333333333333,644.6,0.3529504381359789,96.50030528987422,271.2418402084639,0.6990126939351199,1.230926738989191,697
robustness,LOW_DEMAND,2,AGGRESSIVE_SURGE,NEAREST_DRIVER,3564,2142,246,323,840,3.319794584500467,2.0,8.0,0.15965207631874298,0.601010101010101,0.601010101010101,0.601010101010101,114.6894994732222,1.031026023431826,1.1742780922560685,245664.90787164195,61416.22696791049,184248.68090373147,28.67237486830555,260,1692.3333333333333,645.3166666666667,0.3568318081647581,102.28682829515255,285.5166934637746,0.710028653295129,1.2657080953318889,569
robustness,LOW_DEMAND,2,AGGRESSIVE_SURGE,ETA_OPTIMIZED,3564,2170,250,288,843,3.4566820276497694,2.0,8.0,0.15095398428731763,0.6088664421997755,0.6088664421997755,0.6088664421997755,115.52769481980334,1.0355021726350395,1.1078436245506063,250695.09775897325,62673.77443974331,188021.32331922994,28.881923704950836,260,1696.25,639.9833333333333,0.3505451613453155,103.39794165851991,293.79096849276795,0.7151953690303907,1.2792925571112748,538
robustness,LOW_DEMAND,2,AGGRESSIVE_SURGE,DRIVER_EARNINGS_AWARE,3564,2145,245,308,853,3.331002331002331,2.0,9.0,0.15516273849607182,0.6018518518518519,0.6018518518518519,0.6018518518518519,115.1119811289927,1.0346880377854737,1.1893150376938142,246915.19952168933,61728.79988042233,185186.399641267,28.777995282248174,260,1693.2666666666667,644.5833333333334,0.36060530473438435,104.1850670721057,287.29628903622546,0.7240164415736935,1.266782156777826,553
robustness,LOW_DEMAND,2,AGGRESSIVE_SURGE,MARKETPLACE_AWARE,3564,2155,252,303,839,3.2306264501160094,2.0,8.0,0.15572390572390574,0.6046576879910214,0.6046576879910214,0.6046576879910214,115.11756565201266,1.0323643648660592,1.1373320895242518,248078.35398008727,62019.58849502182,186058.76548506547,28.779391413003165,260,1692.5,643.6333333333333,0.3550302941759926,102.72161770694717,289.0757141515337,0.7047591906526076,1.2732644017725259,555
robustness,LOW_DEMAND,2,AGGRESSIVE_SURGE,ADVANCED_HEURISTIC,3564,2100,248,357,844,3.5276190476190474,2.0,9.0,0.1697530864197531,0.5892255892255892,0.5892255892255892,0.5892255892255892,114.72675052603127,1.0279866892535718,1.246484580498186,240926.17610466568,60231.54402616642,180694.63207849924,28.681687631507817,260,1692.35,643.75,0.3557100682107915,100.29318430994283,280.69069060737746,0.7083094555873926,1.240878068957367,605
robustness,LOW_DEMAND,2,CAPPED_SMOOTHED_SURGE,NEAREST_DRIVER,3564,2189,311,319,732,3.397898583828232,2.0,9.0,0.17676767676767677,0.6141975308641975,0.6141975308641975,0.6141975308641975,111.89216746945814,1.0037074574111722,1.202291027199175,244931.95459064387,61232.98864766097,183698.9659429829,27.973041867364536,260,1693.4333333333334,663.9833333333333,0.3659297680818095,102.04883608880408,276.6620135188879,0.7099408617290904,1.2926401984134794,630
robustness,LOW_DEMAND,2,CAPPED_SMOOTHED_SURGE,ETA_OPTIMIZED,3564,2194,298,324,735,3.543755697356427,2.0,8.0,0.1745230078563412,0.6156004489337823,0.6156004489337823,0.6156004489337823,111.98308691456486,1.0044857813922505,1.1332362575674801,245690.8926905553,61422.72317263883,184268.16951791648,27.995771728641216,260,1696.1166666666666,653.4,0.3583704710702007,101.48438433699882,282.0143396356237,0.7065884980457845,1.2935430935371979,622
robustness,LOW_DEMAND,2,CAPPED_SMOOTHED_SURGE,DRIVER_EARNINGS_AWARE,3564,2205,302,323,720,3.3555555555555556,2.0,8.0,0.17536475869809204,0.6186868686868687,0.6186868686868687,0.6186868686868687,111.25559080128617,1.0027526411490189,1.1813839547446914,245318.577716836,61329.644429209,183988.933287627,27.813897700321544,260,1691.8833333333334,661.35,0.3710474738847007,104.15970303520125,278.2020613708732,0.7088678192972672,1.3032813531271856,625
robustness,LOW_DEMAND,2,CAPPED_SMOOTHED_SURGE,MARKETPLACE_AWARE,3564,2192,309,317,731,3.39507299270073,2.0,8.0,0.17564534231200898,0.6150392817059483,0.6150392817059483,0.6150392817059483,112.03992765632577,1.0037689159384238,1.1949011651040107,245591.5214226661,61397.88035566652,184193.64106699958,28.009981914081443,260,1693.7166666666667,661.4333333333333,0.36095801730781524,101.15050301523068,278.4765021423166,0.7022815804117974,1.2941952117138837,626
robustness,LOW_DEMAND,2,CAPPED_SMOOTHED_SURGE,ADVANCED_HEURISTIC,3564,2077,304,385,783,3.7130476649013,2.0,10.0,0.19332210998877666,0.5827721661054994,0.5827721661054994,0.5827721661054994,111.92700303164904,1.0010734496274252,1.319353384616052,232472.38529673504,58118.09632418376,174354.2889725513,27.98175075791226,260,1693.0666666666666,651.85,0.3603213408821712,97.19360768227888,267.4760895490547,0.696961170512099,1.2267679949598362,689
robustness,LOW_DEMAND,3,NO_SURGE,NEAREST_DRIVER,3618,2240,287,349,723,3.4714285714285715,2.0,9.0,0.175787728026534,0.619126589275843,0.619126589275843,0.619126589275843,111.39661711309603,1.0,1.2019839062359798,249528.4223333351,62382.105583333774,187146.31675000134,27.849154278274007,260,1681.75,678.8833333333333,0.37861665976743214,105.11585944812396,275.6678615618805,0.691960732289732,1.331945889698231,636
robustness,LOW_DEMAND,3,NO_SURGE,ETA_OPTIMIZED,3618,2267,269,330,732,3.4883105425672696,2.0,8.0,0.16556108347153123,0.6265892758430072,0.6265892758430072,0.6265892758430072,111.45491935944398,1.0,1.1076740977418758,252668.3021878595,63167.07554696487,189501.2266408946,27.863729839860994,260,1681.35,669.7666666666667,0.37255782512505564,106.04046437910077,282.9361866932185,0.7019849785407726,1.3483212894400334,599
robustness,LOW_DEMAND,3,NO_SURGE,DRIVER_EARNINGS_AWARE,3618,2265,297,333,704,3.460044150110375,2.0,9.0,0.17412935323383086,0.6260364842454395,0.6260364842454395,0.6260364842454395,111.44210398028063,1.0,1.2073135747547454,252416.36551533564,63104.09137883391,189312.2741365017,27.86052599507016,260,1678.6833333333334,683.3166666666667,0.383031919100514,107.02676801984545,277.0491096902388,0.7041722745625841,1.3492717506776144,630
robustness,LOW_DEMAND,3,NO_SURGE,MARKETPLACE_AWARE,3618,2272,281,342,703,3.436619718309859,2.0,8.0,0.17219458264234383,0.6279712548369265,0.6279712548369265,0.6279712548369265,111.11531891168991,1.0,1.193925517133588,252454.0045673595,63113.50114183987,189340.50342551962,27.778829727922478,260,1681.4333333333334,682.6,0.3799383390447474,106.03127940192908,277.3813410863164,0.6923481462003681,1.3512281188668398,623
robustness,LOW_DEMAND,3,NO_SURGE,ADVANCED_HEURISTIC,3618,2204,276,376,743,3.588021778584392,2.0,9.0,0.18021006080707574,0.6091763405196241,0.6091763405196241,0.6091763405196241,111.5680076622505,1.0,1.2553943787044186,245895.8888876001,61473.972221900025,184421.9166657001,27.892001915562624,260,1680.8333333333333,672.7833333333333,0.3739841182886392,103.21132912119957,274.1178437818516,0.6980118216012896,1.3112543381259296,652
robustness,LOW_DEMAND,3,BASIC_SURGE,NEAREST_DRIVER,3618,2285,282,315,715,3.416192560175055,2.0,8.0,0.16500829187396351,0.6315644002211166,0.6315644002211166,0.6315644002211166,111.57996031298728,1.0021813704021814,1.1834830597442083,254960.20931517595,63740.05232879399,191220.15698638198,27.89499007824682,260,1680.6333333333334,687.55,0.38152734958890594,106.29761868618115,278.1181833850367,0.6947759215062318,1.3596064975505264,597
robustness,LOW_DEMAND,3,BASIC_SURGE,ETA_OPTIMIZED,3618,2267,273,311,748,3.616232906925452,2.0,8.0,0.16141514648977334,0.6265892758430072,0.6265892758430072,0.6265892758430072,112.03147264943735,1.0024467644780146,1.1422702882544384,253975.34849627447,63493.83712406862,190481.51137220586,28.007868162359337,260,1681.9833333333333,673.4666666666667,0.372319076874177,105.93297823683866,282.83732632974534,0.6944890315676833,1.3478135930795985,584
robustness,LOW_DEMAND,3,BASIC_SURGE,DRIVER_EARNINGS_AWARE,3618,2302,268,311,718,3.459165942658558,2.0,8.900000000000091,0.16003316749585406,0.6362631288004422,0.6362631288004422,0.6362631288004422,111.43792109055987,1.0019921568930463,1.190481553798391,256530.09435046883,64132.52358761721,192397.57076285162,27.859480272639967,260,1681.4666666666667,690.5333333333333,0.3893546196346236,109.36149286639316,278.62169930901473,0.6975079533404029,1.3690428990563794,579
robustness,LOW_DEMAND,3,BASIC_SURGE,MARKETPLACE_AWARE,3618,2263,279,330,728,3.452938577110031,2.0,8.0,0.16832504145936983,0.6254836926478717,0.6254836926478717,0.6254836926478717,111.26654835414253,1.000441963907044,1.191440061351505,251796.19892542454,62949.049731356135,188847.1491940684,27.816637088535632,260,1681.3333333333333,677.5,0.3762314333850773,105.2532458372286,278.7411796222412,0.6907407407407408,1.3459555908009517,609
robustness,LOW_DEMAND,3,BASIC_SURGE,ADVANCED_HEURISTIC,3618,2199,263,371,764,3.5966348340154615,2.0,9.0,0.1752349364289663,0.6077943615257048,0.6077943615257048,0.6077943615257048,111.43250652697738,1.0003794549632576,1.2578210918757133,245040.08185282326,61260.020463205816,183780.06138961745,27.858126631744344,260,1679.7,671.4833333333333,0.37284631823294645,102.90646077839082,273.6926625971617,0.704378569485994,1.3091623504197178,634
robustness,LOW_DEMAND,3,AGGRESSIVE_SURGE,NEAREST_DRIVER,3618,2244,206,304,846,3.364527629233512,2.0,8.0,0.14096185737976782,0.6202321724709784,0.6202321724709784,0.6202321724709784,116.3618562001774,1.0425617898730164,1.1749486452249045,261116.00531319808,65279.00132829952,195837.00398489856,29.09046405004435,260,1679.7333333333333,670.8833333333333,0.37276692457547583,109.63573631653472,291.9091804112467,0.6970108695652174,1.335926337513891,510
robustness,LOW_DEMAND,3,AGGRESSIVE_SURGE,ETA_OPTIMIZED,3618,2223,213,287,877,3.4709851551956814,2.0,8.0,0.13819789939192925,0.6144278606965174,0.6144278606965174,0.6144278606965174,116.17756187268441,1.0400402243735845,1.0910354876144108,258262.72004297745,64565.68001074436,193697.04003223308,29.044390468171102,260,1681.35,656.0833333333334,0.36428503631658193,107.57359935840488,295.2323739853673,0.6919496166484118,1.3221518422696048,500
robustness,LOW_DEMAND,3,AGGRESSIVE_SURGE,DRIVER_EARNINGS_AWARE,3618,2242,198,306,854,3.3166815343443354,2.0,8.0,0.13930348258706468,0.6196793808734107,0.6196793808734107,0.6196793808734107,115.55737321794672,1.0405964344086707,1.1513519819998579,259079.63075463654,64769.907688659136,194309.7230659774,28.88934330448668,260,1678.3,666.2666666666667,0.3742899624467833,109.85683834856349,291.6395683399701,0.7080573951434879,1.3358755883930167,504
robustness,LOW_DEMAND,3,AGGRESSIVE_SURGE,MARKETPLACE_AWARE,3618,2264,206,293,839,3.2946113074204946,2.0,8.0,0.1379215035931454,0.6257600884466556,0.6257600884466556,0.6257600884466556,116.21119270928656,1.042670352501802,1.1473974019592135,263102.1402938248,65775.5350734562,197326.6052203686,29.05279817732164,260,1680.45,673.7333333333333,0.37525190333169994,111.0377529579966,292.8853234024865,0.7068681318681319,1.3472581748936296,499
robustness,LOW_DEMAND,3,AGGRESSIVE_SURGE,ADVANCED_HEURISTIC,3618,2204,208,344,844,3.473684210526316,2.0,9.0,0.15257048092868988,0.6091763405196241,0.6091763405196241,0.6091763405196241,115.56825011297529,1.0357324785876476,1.2159117947685338,254712.42324899754,63678.105812249385,191034.31743674816,28.892062528243823,260,1678.8666666666666,668.3333333333334,0.3732311472211378,107.04403785190561,285.83688394525905,0.6979591836734694,1.3127903744589604,552
robustness,LOW_DEMAND,3,CAPPED_SMOOTHED_SURGE,NEAREST_DRIVER,3618,2285,269,311,735,3.459080962800875,2.0,8.599999999999909,0.1603095632946379,0.6315644002211166,0.6315644002211166,0.6315644002211166,112.08086780468315,1.0058235663773523,1.2032825234865203,256104.782933701,64026.19573342525,192078.58720027574,28.020216951170788,260,1681.2333333333333,684.55,0.37966795333186315,106.93506608252959,280.591026514171,0.6965333333333333,1.359121280012689,580
robustness,LOW_DEMAND,3,CAPPED_SMOOTHED_SURGE,ETA_OPTIMIZED,3618,2256,263,329,751,3.5935283687943262,2.0,8.0,0.16362631288004423,0.6235489220563848,0.6235489220563848,0.6235489220563848,111.88538731773461,1.0053599787749956,1.1339735689243688,252413.43378880929,63103.35844720232,189310.07534160698,27.971346829433653,260,1681.9833333333333,669.2666666666667,0.3732906256820437,106.2760589744694,282.86195140194286,0.7,1.3412736947452908,592
robustness,LOW_DEMAND,3,CAPPED_SMOOTHED_SURGE,DRIVER_EARNINGS_AWARE,3618,2266,265,345,724,3.4223300970873787,2.0,8.0,0.16860143725815369,0.6263128800442234,0.6263128800442234,0.6263128800442234,112.04284651615909,1.0060839629845089,1.1936410565650177,253889.0902056165,63472.27255140412,190416.81765421235,28.010711629039772,260,1682.6,681.25,0.38229542006768097,107.86267443438555,279.510924997009,0.7072908259348938,1.3467253060739333,610
robustness,LOW_DEMAND,3,CAPPED_SMOOTHED_SURGE,MARKETPLACE_AWARE,3618,2280,272,328,719,3.3285087719298247,2.0,8.0,0.16583747927031509,0.6301824212271974,0.6301824212271974,0.6301824212271974,111.68730173987649,1.004637962431611,1.1556209486905908,254647.04796691838,63661.761991729596,190985.28597518877,27.921825434969122,260,1677.85,680.75,0.3780821426337404,106.96955459236221,280.5512831071448,0.7015762757146674,1.3588819024346634,600
robustness,LOW_DEMAND,3,CAPPED_SMOOTHED_SURGE,ADVANCED_HEURISTIC,3618,2211,265,356,769,3.6748077792853913,2.0,9.0,0.17164179104477612,0.6111111111111112,0.6111111111111112,0.6111111111111112,111.85272019456791,1.0025181955324867,1.280930489765146,247306.36435018963,61826.59108754741,185479.7732626422,27.963180048641977,260,1681.25,676.9,0.3808568132397893,105.28947445703038,274.01355187271713,0.6862380446333688,1.315092936802974,621
robustness,LOW_DEMAND,4,NO_SURGE,NEAREST_DRIVER,3498,2231,313,300,638,3.4612281488121917,2.0,8.0,0.17524299599771298,0.6377930245854774,0.6377930245854774,0.6377930245854774,112.04893815061156,1.0,1.2075777505601077,249981.1810140144,62495.2952535036,187485.8857605108,28.01223453765289,260,1720.6333333333334,669.6833333333333,0.36747851260834496,103.16656702911014,279.962000588105,0.7016528925619835,1.296615587283752,613
robustness,LOW_DEMAND,4,NO_SURGE,ETA_OPTIMIZED,3498,2206,303,322,651,3.528105167724388,2.0,8.0,0.1786735277301315,0.6306460834762722,0.6306460834762722,0.6306460834762722,111.97083693909528,1.0,1.1233285082126998,247007.66628764418,61751.916571911046,185255.74971573314,27.99270923477382,260,1720.7833333333333,654.55,0.35701280646844613,101.68079707623495,283.0276521514524,0.7114093959731543,1.2819742946526291,625
robustness,LOW_DEMAND,4,NO_SURGE,DRIVER_EARNINGS_AWARE,3498,2254,315,282,628,3.3491570541259983,2.0,8.0,0.17066895368782162,0.6443682104059463,0.6443682104059463,0.6443682104059463,112.06705937207066,1.0,1.1743832552790625,252599.15182464727,63149.78795616182,189449.36386848544,28.016764843017665,260,1720.3166666666666,676.5,0.3764060082510276,105.91738214163396,280.0434055705624,0.7189082723691615,1.3102238928879373,597
robustness,LOW_DEMAND,4,NO_SURGE,MARKETPLACE_AWARE,3498,2253,319,284,627,3.388371060807812,2.0,8.0,0.17238421955403088,0.644082332761578,0.644082332761578,0.644082332761578,111.84810155588102,1.0,1.173440308844744,251993.77280539993,62998.44320134998,188995.32960404994,27.962025388970254,260,1719.65,674.2,0.36807315317416844,103.55680422205705,280.32531830918117,0.6951784254971397,1.3101503212863082,603
robustness,LOW_DEMAND,4,NO_SURGE,ADVANCED_HEURISTIC,3498,2195,307,318,659,3.5981776765375852,2.0,9.0,0.1786735277301315,0.6275014293882218,0.6275014293882218,0.6275014293882218,111.61533336892879,1.0,1.2640537410834176,244995.6567447987,61248.914186199676,183746.74255859904,27.903833342232197,260,1719.4833333333333,668.4333333333333,0.3617347930916346,100.18436524471424,274.891650962847,0.7156585641605426,1.2765462493578497,625
robustness,LOW_DEMAND,4,BASIC_SURGE,NEAREST_DRIVER,3498,2244,308,281,647,3.3885918003565063,2.0,8.0,0.16838193253287592,0.6415094339622641,0.6415094339622641,0.6415094339622641,112.24341747214979,1.0011837740906393,1.1917414740056502,251874.2288075041,62968.55720187603,188905.6716056281,28.060854368037447,260,1718.95,673.8166666666667,0.366217563578059,103.0657786939091,280.3517350500305,0.7131239484015703,1.3054480933127781,589
robustness,LOW_DEMAND,4,BASIC_SURGE,ETA_OPTIMIZED,3498,2209,301,303,669,3.5464010864644635,2.0,8.0,0.1726700971983991,0.6315037164093767,0.6315037164093767,0.6315037164093767,112.32340257461084,1.0019453487226673,1.12506828416751,248122.39628731535,62030.59907182884,186091.79721548653,28.08085064365271,260,1717.9166666666667,656.2833333333333,0.3604311727930615,102.82511649169213,283.5540501543843,0.7111111111111111,1.285859810817366,604
robustness,LOW_DEMAND,4,BASIC_SURGE,DRIVER_EARNINGS_AWARE,3498,2262,308,267,644,3.3987621573828473,2.0,8.0,0.164379645511721,0.6466552315608919,0.6466552315608919,0.6466552315608919,112.17680879178185,1.0013350526073275,1.1884530490448162,253743.94148701054,63435.985371752635,190307.9561152579,28.044202197945463,260,1718.6333333333334,678.3333333333334,0.37552199423601607,105.68449079180839,280.5522694573827,0.7086000556637907,1.3161620667584708,575
robustness,LOW_DEMAND,4,BASIC_SURGE,MARKETPLACE_AWARE,3498,2258,308,278,638,3.338352524357839,2.0,8.0,0.1675242995997713,0.6455117209834191,0.6455117209834191,0.6455117209834191,112.19394796866654,1.0014753701218049,1.160804484120747,253333.93451324903,63333.48362831226,190000.45088493678,28.048486992166634,260,1718.7333333333333,672.1833333333333,0.36679709594285564,104.0429702503183,282.6616511640229,0.696126568466994,1.3137581940188512,586
robustness,LOW_DEMAND,4,BASIC_SURGE,ADVANCED_HEURISTIC,3498,2192,302,318,668,3.5684306569343067,2.0,9.0,0.17724413950829046,0.6266437964551173,0.6266437964551173,0.6266437964551173,112.03625688422454,1.0006980004252208,1.2513816512461473,245583.4750902202,61395.86877255505,184187.60631766514,28.009064221056136,260,1718.3333333333333,667.7,0.36200090076931746,100.59427848562692,275.8538360306502,0.714527981910684,1.275654704170708,620
robustness,LOW_DEMAND,4,AGGRESSIVE_SURGE,NEAREST_DRIVER,3498,2200,243,267,770,3.234090909090909,2.0,7.0,0.1457975986277873,0.6289308176100629,0.6289308176100629,0.6289308176100629,116.87715067808763,1.042207647396647,1.1275259799651804,257129.7314917928,64282.4328729482,192847.2986188446,29.219287669521908,260,1718.7333333333333,658.3166666666667,0.3593219777383462,105.59428042909536,292.94002170006013,0.706568097810634,1.2800124122415732,510
robustness,LOW_DEMAND,4,AGGRESSIVE_SURGE,ETA_OPTIMIZED,3498,2205,237,265,773,3.39546485260771,2.0,7.0,0.14351057747284163,0.630360205831904,0.630360205831904,0.630360205831904,116.88737913232276,1.045981929900675,1.0850351812860282,257736.6709867717,64434.167746692925,193302.50324007877,29.22184478308069,260,1721.8333333333333,646.4666666666667,0.35194218472272615,105.73157778970527,299.01387528113656,0.7188673793701242,1.2806117510405577,502
robustness,LOW_DEMAND,4,AGGRESSIVE_SURGE,DRIVER_EARNINGS_AWARE,3498,2233,240,255,754,3.2033139274518585,2.0,7.0,0.14150943396226415,0.6383647798742138,0.6383647798742138,0.6383647798742138,115.76143956889514,1.0336400224320161,1.1205276199880216,258495.29455734286,64623.823639335715,193871.47091800714,28.940359892223785,260,1718.7333333333333,660.75,0.3651185756979778,108.00917201048713,293.4112310526026,0.7218218506774287,1.2992125984251968,495
robustness,LOW_DEMAND,4,AGGRESSIVE_SURGE,MARKETPLACE_AWARE,3498,2199,244,270,768,3.267394270122783,2.0,7.0,0.14694110920526016,0.6286449399656947,0.6286449399656947,0.6286449399656947,116.33301570464906,1.0376256258654328,1.1415912253670741,255816.30153452329,63954.07538363082,191862.22615089247,29.083253926162264,260,1718.6,655.0333333333333,0.3576011803325315,105.06259802111708,292.90452315540045,0.7090701654306902,1.2795298498778076,514
robustness,LOW_DEMAND,4,AGGRESSIVE_SURGE,ADVANCED_HEURISTIC,3498,2161,244,299,776,3.5085608514576583,2.0,8.0,0.15523156089193826,0.6177815894797027,0.6177815894797027,0.6177815894797027,116.04618997059326,1.034981252876865,1.2322417320133168,250775.81652645205,62693.95413161301,188081.86239483903,29.011547492648315,260,1718.0666666666666,656.9333333333333,0.3543755598370332,101.72130962152212,286.30281468668414,0.7020975056689343,1.2578091653408872,543
robustness,LOW_DEMAND,4,CAPPED_SMOOTHED_SURGE,NEAREST_DRIVER,3498,2247,307,281,648,3.434801958166444,2.0,8.0,0.1680960548885077,0.6423670668953688,0.6423670668953688,0.6423670668953688,113.06220968899329,1.006851808430863,1.1936937410938226,254050.78517116793,63512.69629279198,190538.08887837594,28.265552422248323,260,1717.1,675.2333333333333,0.3681015194725953,104.79577967374745,282.1811061041259,0.6908448791089378,1.3086017121891562,588
robustness,LOW_DEMAND,4,CAPPED_SMOOTHED_SURGE,ETA_OPTIMIZED,3498,2245,298,275,661,3.5002227171492204,2.0,8.0,0.16380789022298456,0.6417953116066324,0.6417953116066324,0.6417953116066324,113.03207243340894,1.007710684463402,1.123523373309973,253757.00261300307,63439.25065325077,190317.7519597523,28.258018108352235,260,1720.6,666.4833333333333,0.36553860252470205,104.68241563952076,285.5551556074205,0.7144063027574564,1.304777403231431,573
robustness,LOW_DEMAND,4,CAPPED_SMOOTHED_SURGE,DRIVER_EARNINGS_AWARE,3498,2235,308,296,641,3.4196868008948544,2.0,8.0,0.1726700971983991,0.6389365351629502,0.6389365351629502,0.6389365351629502,112.88132853745579,1.0046098125245646,1.1972374552428697,252289.7692812137,63072.442320303424,189217.3269609103,28.220332134363947,260,1718.6333333333334,673.7,0.3730442573365433,105.03789147227273,280.86288698368753,0.7078589280755345,1.3004519094629452,604
robustness,LOW_DEMAND,4,CAPPED_SMOOTHED_SURGE,MARKETPLACE_AWARE,3498,2258,307,271,645,3.2989371124889284,2.0,8.0,0.1652372784448256,0.6455117209834191,0.6455117209834191,0.6455117209834191,112.80950895023791,1.00711016236068,1.1505187109100827,254723.8712096372,63680.9678024093,191042.9034072279,28.202377237559478,260,1719.2333333333333,671.7666666666667,0.36466203612160936,103.99570081616025,284.38878093667626,0.7002200220022002,1.31337611726157,578
robustness,LOW_DEMAND,4,CAPPED_SMOOTHED_SURGE,ADVANCED_HEURISTIC,3498,2142,298,344,697,3.57703081232493,2.0,9.0,0.1835334476843911,0.6123499142367067,0.6123499142367067,0.6123499142367067,112.43992635856695,1.0027885808084664,1.2729353578193334,240846.3222600504,60211.5805650126,180634.7416950378,28.109981589641738,260,1719.4833333333333,659.6166666666667,0.3584425206693155,98.92181142634192,273.84805573192176,0.7100709219858156,1.2457230369587764,642
robustness,LOW_DEMAND,5,NO_SURGE,NEAREST_DRIVER,3588,2255,329,281,707,3.4026607538802662,2.0,8.0,0.17001114827201783,0.6284838350055741,0.6284838350055741,0.6284838350055741,110.07070561389197,1.0,1.1855420870124664,248209.4411593264,62052.3602898316,186157.08086949482,27.517676403472993,260,1728.8333333333333,663.4333333333333,0.37171849115510613,104.05588507312774,280.59651439907776,0.7024497660335811,1.3043478260869565,610
robustness,LOW_DEMAND,5,NO_SURGE,ETA_OPTIMIZED,3588,2274,324,272,702,3.341688654353562,2.0,7.0,0.16610925306577481,0.6337792642140468,0.6337792642140468,0.6337792642140468,109.78820545119609,1.0,1.0845234288027419,249658.3791960199,62414.594799004975,187243.78439701494,27.447051362799023,260,1731.7166666666667,655.5333333333333,0.37066407194550344,105.4064848976041,285.63579436135706,0.7071487717361303,1.3131478398121323,596
robustness,LOW_DEMAND,5,NO_SURGE,DRIVER_EARNINGS_AWARE,3588,2288,330,267,686,3.3911713286713288,2.0,8.0,0.16638795986622074,0.6376811594202898,0.6376811594202898,0.6376811594202898,110.1132270113247,1.0,1.172161615409911,251939.0634019109,62984.76585047773,188954.29755143318,27.528306752831174,260,1730.0333333333333,673.1,0.3800235244908986,106.11992865506127,280.7224744487196,0.7038861521620142,1.3225178705612608,597
robustness,LOW_DEMAND,5,NO_SURGE,MARKETPLACE_AWARE,3588,2273,322,278,699,3.3418389793224814,2.0,8.0,0.16722408026755853,0.6335005574136009,0.6335005574136009,0.6335005574136009,109.82899231962764,1.0,1.1575466527729137,249641.29954251365,62410.32488562841,187230.97465688523,27.45724807990691,260,1731.0833333333333,664.7,0.3758755103241127,105.49764866865326,281.6774103458481,0.7091160220994475,1.313050594521735,600
robustness,LOW_DEMAND,5,NO_SURGE,ADVANCED_HEURISTIC,3588,2157,325,341,752,3.4181733889661565,2.0,9.0,0.18561872909698995,0.6011705685618729,0.6011705685618729,0.6011705685618729,109.85300113407084,1.0,1.20619852451637,236952.9234461908,59238.2308615477,177714.6925846431,27.46325028351771,260,1730.3333333333333,645.9166666666666,0.3573522914006162,99.01862407921494,275.13563553292704,0.7123404255319149,1.246580620304373,666
robustness,LOW_DEMAND,5,BASIC_SURGE,NEAREST_DRIVER,3588,2222,310,309,730,3.284878487848785,2.0,8.0,0.1725195094760312,0.6192865105908584,0.6192865105908584,0.6192865105908584,110.32092981484831,1.0005718775846852,1.15035778618038,245133.10604859295,61283.27651214824,183849.8295364447,27.580232453712078,260,1730.5833333333333,658.2833333333333,0.36925162437275294,103.11429947687272,279.2867755066634,0.7027027027027027,1.2839601290508982,619
robustness,LOW_DEMAND,5,BASIC_SURGE,ETA_OPTIMIZED,3588,2261,306,279,727,3.3799203892083147,2.0,7.0,0.16304347826086957,0.6301560758082497,0.6301560758082497,0.6301560758082497,110.25424400152096,1.00133929620452,1.0957293573393645,249284.84568743888,62321.21142185972,186963.63426557917,27.56356100038024,260,1730.5833333333333,657.7166666666667,0.3693009167607726,104.73124524506147,284.26166424080145,0.7075602326225422,1.3064958828911255,585
robustness,LOW_DEMAND,5,BASIC_SURGE,DRIVER_EARNINGS_AWARE,3588,2240,302,292,737,3.2388392857142856,2.0,8.0,0.16555183946488294,0.6243032329988851,0.6243032329988851,0.6243032329988851,110.33968356434876,1.0011611170313002,1.1320183064679357,247160.89118414122,61790.222796035305,185370.66838810593,27.58492089108719,260,1730.0333333333333,662.1666666666666,0.3736833893824414,104.57963832059629,279.9456356226115,0.7006597031335899,1.294772740409626,594
robustness,LOW_DEMAND,5,BASIC_SURGE,MARKETPLACE_AWARE,3588,2251,307,284,731,3.265659706796979,2.0,7.0,0.16471571906354515,0.6273690078037905,0.6273690078037905,0.6273690078037905,109.92518534059977,1.0013918976464122,1.1358620435328384,247441.59220169007,61860.39805042252,185581.19415126755,27.481296335149942,260,1730.5,661.2333333333333,0.369429264702118,103.45970916114862,280.65916340868205,0.6990131578947368,1.3007801213522103,591
robustness,LOW_DEMAND,5,BASIC_SURGE,ADVANCED_HEURISTIC,3588,2157,309,324,780,3.4826147426981917,2.0,9.0,0.17642140468227424,0.6011705685618729,0.6011705685618729,0.6011705685618729,109.80097587525418,1.0006183068069825,1.2382559283921557,236840.70496292328,59210.17624073082,177630.52872219245,27.450243968813545,260,1730.05,644.9666666666667,0.35869936291645477,99.47708974903325,275.41040165723155,0.7053344623200677,1.2467847750065026,633
robustness,LOW_DEMAND,5,AGGRESSIVE_SURGE,NEAREST_DRIVER,3588,2204,253,275,841,3.3207803992740472,2.0,8.0,0.14715719063545152,0.6142697881828316,0.6142697881828316,0.6142697881828316,114.87296571895142,1.0397539315685074,1.171276257513238,253180.01644456893,63295.00411114223,189885.01233342668,28.718241429737855,260,1729.6833333333334,653.7833333333333,0.36765262555280664,106.11143746272428,290.4402768502715,0.7137950772753291,1.274221678341893,528
robustness,LOW_DEMAND,5,AGGRESSIVE_SURGE,ETA_OPTIMIZED,3588,2235,242,256,838,3.3557046979865772,2.0,7.0,0.13879598662207357,0.6229096989966555,0.6229096989966555,0.6229096989966555,114.50327769864774,1.038577080911946,1.0786362255685638,255914.82565647768,63978.70641411942,191936.11924235825,28.625819424661934,260,1731.65,649.1333333333333,0.3678888242889872,108.31503390029349,295.6805780666914,0.7131077622974126,1.2906765223919383,498
robustness,LOW_DEMAND,5,AGGRESSIVE_SURGE,DRIVER_EARNINGS_AWARE,3588,2215,257,269,831,3.162979683972912,2.0,6.0,0.14659977703455965,0.617335562987737,0.617335562987737,0.617335562987737,114.40406977029002,1.0367788214252367,1.1032234812097794,253405.0145411924,63351.2536352981,190053.76090589428,28.601017442572505,260,1729.1,648.9333333333333,0.36582869619168706,106.93766652891489,292.8710102309857,0.7034327518289252,1.2810132438841015,526
robustness,LOW_DEMAND,5,AGGRESSIVE_SURGE,MARKETPLACE_AWARE,3588,2232,259,250,830,3.189516129032258,2.0,7.0,0.14186176142697882,0.6220735785953178,0.6220735785953178,0.6220735785953178,114.78466485144271,1.0379722492716044,1.1202761916263062,256199.37194842013,64049.84298710503,192149.5289613151,28.69616621286068,260,1732.1333333333334,656.5666666666667,0.36839739436302726,107.27077234624507,292.6580630979059,0.7079320113314448,1.2885844045877914,509
robustness,LOW_DEMAND,5,AGGRESSIVE_SURGE,ADVANCED_HEURISTIC,3588,2166,247,300,860,3.4533702677747,2.0,9.0,0.1524526198439242,0.6036789297658863,0.6036789297658863,0.6036789297658863,112.74153880773932,1.0251024877088848,1.2193872636952219,244198.17305756337,61049.54326439084,183148.62979317253,28.18538470193483,260,1729.1,646.9333333333333,0.362681978688873,102.33482978189842,283.10278719060057,0.7155222158107328,1.2526748019200742,547
robustness,LOW_DEMAND,5,CAPPED_SMOOTHED_SURGE,NEAREST_DRIVER,3588,2240,304,297,729,3.2723214285714284,2.0,8.0,0.16750278706800445,0.6243032329988851,0.6243032329988851,0.6243032329988851,110.68332476681391,1.0068828676669803,1.1400297874790553,247930.64747766315,61982.66186941579,185947.98560824737,27.670831191703478,260,1730.95,660.0166666666667,0.36819683561544464,103.50134295264799,281.73225768275654,0.6992337164750958,1.294087062017967,601
robustness,LOW_DEMAND,5,CAPPED_SMOOTHED_SURGE,ETA_OPTIMIZED,3588,2288,305,256,722,3.2950174825174825,2.0,7.0,0.15635451505016723,0.6376811594202898,0.6376811594202898,0.6376811594202898,110.77585979455922,1.005795633377147,1.074424270496733,253455.1672099515,63363.791802487875,190091.37540746364,27.693964948639806,260,1733.1166666666666,662.15,0.3689741380381547,105.72487496213253,287.0820439590178,0.7100083171610757,1.3201650206275786,561
robustness,LOW_DEMAND,5,CAPPED_SMOOTHED_SURGE,DRIVER_EARNINGS_AWARE,3588,2260,307,274,730,3.325663716814159,2.0,8.0,0.16192865105908585,0.6298773690078038,0.6298773690078038,0.6298773690078038,110.02831042687191,1.0029293191940842,1.1564424057434843,248663.98156473052,62165.99539118263,186497.9861735479,27.507077606717978,260,1730.8666666666666,660.35,0.3724440826355268,104.6731863592564,282.42293658445965,0.7021745114230663,1.3057042714632363,581
robustness,LOW_DEMAND,5,CAPPED_SMOOTHED_SURGE,MARKETPLACE_AWARE,3588,2254,315,274,728,3.3216503992901507,2.0,8.0,0.16415830546265328,0.6282051282051282,0.6282051282051282,0.6282051282051282,110.83595436246227,1.0048516660471236,1.1589662340026337,249824.24113298996,62456.06028324749,187368.18084974246,27.70898859061557,260,1730.7833333333333,665.5166666666667,0.37444462600724887,105.18939242436058,281.5379241938481,0.6968784227820373,1.3023004997737055,589
robustness,LOW_DEMAND,5,CAPPED_SMOOTHED_SURGE,ADVANCED_HEURISTIC,3588,2152,304,331,786,3.4763011152416357,2.0,9.0,0.1769788182831661,0.5997770345596433,0.5997770345596433,0.5997770345596433,110.33802489162632,1.0026092576982262,1.2354655232079594,237447.42956677984,59361.85739169496,178085.57217508488,27.58450622290658,260,1728.7833333333333,647.7666666666667,0.3622449890714322,100.20347839584346,274.92240854487454,0.7106685633001423,1.2448060774918777,635
robustness,CONGESTED_PEAK,0,NO_SURGE,NEAREST_DRIVER,9532,2962,1529,1503,3487,7.515867656988521,5.0,17.0,0.3180864456567352,0.3107427612253462,0.3107427612253462,0.3107427612253462,118.00603319965701,1.0,1.5580604020343864,349533.87033738405,87383.46758434601,262150.40275303804,29.501508299914253,260,1679.8166666666666,1410.7,0.8032582707102909,154.10046361172337,185.83001542003117,0.6859052247873633,1.7632876603597616,3032
robustness,CONGESTED_PEAK,0,NO_SURGE,ETA_OPTIMIZED,9532,3120,1183,1659,3515,7.209615384615384,5.0,16.0,0.2981535879143936,0.3273185060847671,0.3273185060847671,0.3273185060847671,117.89459771124733,1.0,1.4223461135308657,367831.14485909167,91957.78621477292,275873.35864431877,29.473649427811832,260,1700.55,1428.3666666666666,0.8011802458355953,159.5112207001498,193.13903431260795,0.6891930424864556,1.8347005380612156,2842
robustness,CONGESTED_PEAK,0,NO_SURGE,DRIVER_EARNINGS_AWARE,9532,2958,1540,1521,3458,7.700811359026369,5.0,17.0,0.32112882920688207,0.31032312211498114,0.31032312211498114,0.31032312211498114,118.23423308693204,1.0,1.5822254536146256,349736.86147114495,87434.21536778624,262302.6461033587,29.55855827173301,260,1680.4666666666667,1408.45,0.8113170699382725,155.23986589103365,186.2349718508706,0.6925309301970368,1.7602253342325545,3061
robustness,CONGESTED_PEAK,0,NO_SURGE,MARKETPLACE_AWARE,9532,2955,1533,1529,3462,7.581049069373942,5.0,17.0,0.3212337389844733,0.3100083927822073,0.3100083927822073,0.3100083927822073,117.67244915606244,1.0,1.569809851695828,347722.0872561645,86930.52181404113,260791.5654421234,29.41811228901561,260,1676.0666666666666,1409.2666666666667,0.8034471581345651,152.96377394681193,185.05480304800844,0.6880497421898696,1.7630563621176565,3062
robustness,CONGESTED_PEAK,0,NO_SURGE,ADVANCED_HEURISTIC,9532,2790,1109,1780,3799,7.494623655913978,5.0,16.0,0.3030843474611834,0.2926982794796475,0.2926982794796475,0.2926982794796475,116.78121544121987,1.0,1.649304507019169,325819.5910810034,81454.89777025086,244364.69331075257,29.195303860304968,260,1679.6,1356.7333333333333,0.7729405149591713,143.43661666888806,180.112544821448,0.6951292844257366,1.6611097880447727,2889
robustness,CONGESTED_PEAK,0,BASIC_SURGE,NEAREST_DRIVER,9532,2960,1080,1548,3890,7.014189189189189,4.0,16.0,0.27570289550986155,0.31053294167016365,0.31053294167016365,0.31053294167016365,125.19346548134337,1.0663183094482647,1.5208435227857222,370572.65782477637,92643.16445619409,277929.4933685823,31.29836637033584,260,1675.3666666666666,1393.2,0.7950719208083825,161.70171388364554,199.49001820885894,0.6882450580956693,1.7667774218579018,2628
robustness,CONGESTED_PEAK,0,BASIC_SURGE,ETA_OPTIMIZED,9532,3125,830,1604,3916,6.86464,5.0,15.0,0.25535039865715486,0.3278430549727235,0.3278430549727235,0.3278430549727235,121.97464938231268,1.0404695407117504,1.4114281432036921,381170.7793197271,95292.69482993177,285878.0844897953,30.49366234557817,260,1692.8666666666666,1411.95,0.7919972217244943,163.5964102386411,202.47040227330663,0.6897794435635001,1.8459811759146223,2434
robustness,CONGESTED_PEAK,0,BASIC_SURGE,DRIVER_EARNINGS_AWARE,9532,2975,1067,1558,3879,6.917983193277311,4.0,15.599999999999909,0.2753881661770877,0.3121065883340327,0.3121065883340327,0.3121065883340327,124.0280761130495,1.055727807716926,1.5326465547145487,368983.52643632225,92245.88160908056,276737.64482724166,31.007019028262373,260,1677.5166666666667,1400.1,0.8073327841775394,163.62258761198404,197.6556280460265,0.6903507451452657,1.7734548091921591,2625
robustness,CONGESTED_PEAK,0,BASIC_SURGE,MARKETPLACE_AWARE,9532,2956,1076,1517,3925,7.132273342354533,5.0,16.0,0.272031053294167,0.3101133025597986,0.3101133025597986,0.3101133025597986,124.94826149872796,1.0610962101013548,1.5554501947327872,369347.06099023984,92336.76524755996,277010.29574267985,31.23706537468199,260,1676.1333333333334,1399.5666666666666,0.7954193190795713,160.21554653734486,197.92575969420048,0.6913335367714373,1.763582849415321,2593
robustness,CONGESTED_PEAK,0,BASIC_SURGE,ADVANCED_HEURISTIC,9532,2848,806,1780,4047,6.984550561797753,4.0,16.0,0.2712966848510281,0.29878304657994126,0.29878304657994126,0.29878304657994126,120.39311283029407,1.025349619021041,1.6117967976389336,342879.5853406775,85719.89633516938,257159.68900550815,30.098278207573518,260,1683.8833333333334,1375.1666666666667,0.7763514909400363,148.84899722411137,187.00256139050404,0.6894062177692648,1.6913285758118632,2586
robustness,CONGESTED_PEAK,0,AGGRESSIVE_SURGE,NEAREST_DRIVER,9532,3008,521,1370,4581,6.1549202127659575,4.0,14.0,0.19838438942509443,0.3155686109945447,0.3155686109945447,0.3155686109945447,135.7066842474381,1.1586642575641382,1.4622083846014042,408205.7062162938,102051.42655407345,306154.27966222033,33.92667106185952,260,1675.5166666666667,1370.0,0.7791149109186172,175.6617523422422,223.47027712570826,0.6810146041506533,1.7952671315315674,1891
robustness,CONGESTED_PEAK,0,AGGRESSIVE_SURGE,ETA_OPTIMIZED,9532,3192,477,1426,4397,6.032894736842105,4.0,14.0,0.1996433067561897,0.33487201007133865,0.33487201007133865,0.33487201007133865,130.98512359811664,1.110756636207795,1.3074518909994024,418104.51452518837,104526.12863129709,313578.3858938913,32.74628089952916,260,1701.6,1395.5166666666667,0.7816801635582117,178.7225542133951,224.70414964151243,0.6871219943944534,1.8758815232722146,1903
robustness,CONGESTED_PEAK,0,AGGRESSIVE_SURGE,DRIVER_EARNINGS_AWARE,9532,2995,546,1370,4568,6.064440734557596,4.0,14.0,0.2010071338648762,0.31420478388585815,0.31420478388585815,0.31420478388585815,135.94280019781021,1.1503452313591425,1.4441891527751454,407148.68659244163,101787.17164811041,305361.51494433125,33.985700049452554,260,1672.25,1380.8333333333333,0.8002186074787144,179.77419524566844,221.14291969414452,0.6808445060872246,1.7910001494991779,1916
robustness,CONGESTED_PEAK,0,AGGRESSIVE_SURGE,MARKETPLACE_AWARE,9532,3032,534,1370,4546,6.04188654353562,4.0,14.0,0.19974821653378094,0.3180864456567352,0.3180864456567352,0.3180864456567352,134.8431732933339,1.1432062310071587,1.4474528022475295,408844.5014253884,102211.1253563471,306633.3760690413,33.710793323333476,260,1677.8666666666666,1390.0666666666666,0.7871975414975041,176.37933637916385,220.58897132202864,0.6855558977517708,1.8070565797838527,1904
robustness,CONGESTED_PEAK,0,AGGRESSIVE_SURGE,ADVANCED_HEURISTIC,9532,2832,473,1643,4533,6.304025423728813,4.0,15.0,0.2219890893831305,0.2971044901384809,0.2971044901384809,0.2971044901384809,127.94882924518684,1.0860325148789751,1.5448440713035179,362351.08442236914,90587.77110559228,271763.3133167769,31.98720731129671,260,1682.6333333333334,1347.55,0.7622405298559904,157.11205199380407,201.67215562819698,0.6884223337897459,1.6830761306681985,2116
robustness,CONGESTED_PEAK,0,CAPPED_SMOOTHED_SURGE,NEAREST_DRIVER,9532,2949,960,1565,4005,6.896914208206171,4.0,16.0,0.26489718841796056,0.3093789341166597,0.3093789341166597,0.3093789341166597,128.64143540239706,1.0939223210734588,1.543726548770999,379363.5930016689,94840.89825041723,284522.6947512517,32.160358850599266,260,1677.9,1396.5,0.7950357784010305,164.69914094149806,203.73984586555798,0.6883195177091184,1.7575540854639726,2525
robustness,CONGESTED_PEAK,0,CAPPED_SMOOTHED_SURGE,ETA_OPTIMIZED,9532,3148,840,1587,3901,6.7935196950444725,5.0,15.0,0.25461603021401596,0.3302559798573227,0.3302559798573227,0.3302559798573227,126.3714030962276,1.0750288680731692,1.3996743777583989,397817.1769469245,99454.29423673112,298362.88271019334,31.5928507740569,260,1689.7,1415.3333333333333,0.799606206725875,171.35038463098394,210.80750073730104,0.691741264799307,1.8630526128898621,2427
robustness,CONGESTED_PEAK,0,CAPPED_SMOOTHED_SURGE,DRIVER_EARNINGS_AWARE,9532,2964,933,1564,4020,6.83029689608637,4.0,15.0,0.26195971464540496,0.31095258078052873,0.31095258078052873,0.31095258078052873,126.95188279512641,1.084378549400455,1.5350982329381848,376285.38060475467,94071.34515118867,282214.035453566,31.737970698781602,260,1674.2666666666667,1393.9166666666667,0.8047561864542361,165.92096626635518,202.46119599705813,0.6939981812670506,1.7703273074779007,2497
robustness,CONGESTED_PEAK,0,CAPPED_SMOOTHED_SURGE,MARKETPLACE_AWARE,9532,2987,1037,1495,3962,6.93806494810847,5.0,16.0,0.26563155686109946,0.313365505665128,0.313365505665128,0.313365505665128,130.9581396836365,1.1154226044590392,1.4898520125922126,391171.96323502215,97792.99080875554,293378.97242626664,32.73953492090912,260,1673.4666666666667,1393.55,0.7957459565903752,169.9605421695167,210.52633377077726,0.6839167169583584,1.7849175364512788,2532
robustness,CONGESTED_PEAK,0,CAPPED_SMOOTHED_SURGE,ADVANCED_HEURISTIC,9532,2800,786,1769,4125,7.007857142857143,4.0,16.0,0.2680444817456987,0.2937473772555602,0.2937473772555602,0.2937473772555602,124.25471387352562,1.0537839448320305,1.6284103962523178,347913.1988458717,86978.29971146793,260934.8991344038,31.063678468381404,260,1682.6833333333334,1364.1,0.7730902791728786,151.0987269272134,191.28722170984813,0.686423054070113,1.6640088747139985,2555
robustness,CONGESTED_PEAK,1,NO_SURGE,NEAREST_DRIVER,9470,3191,1133,1701,3389,6.824506424318395,4.0,15.0,0.2992608236536431,0.3369588173178458,0.3369588173178458,0.3369588173178458,115.46657760819063,1.0,1.5361816990747743,368453.8491477363,92113.46228693408,276340.38686080225,28.86664440204766,260,1710.1833333333334,1475.8166666666666,0.8229785017789346,158.30305146024213,187.2457420371561,0.6899581589958159,1.8658818255352738,2834
robustness,CONGESTED_PEAK,1,NO_SURGE,ETA_OPTIMIZED,9470,3451,912,1748,3302,6.463633729353811,5.0,14.0,0.2808870116156283,0.3644139387539599,0.3644139387539599,0.3644139387539599,115.93202740380336,1.0,1.3328622443404088,400081.4265705254,100020.35664263135,300061.06992789404,28.98300685095084,260,1738.9833333333333,1510.1,0.8268058880895268,167.8928792406322,198.7027812250143,0.6828222453222453,1.9844928550206538,2660
robustness,CONGESTED_PEAK,1,NO_SURGE,DRIVER_EARNINGS_AWARE,9470,3197,1185,1686,3349,6.791679699718486,4.0,15.0,0.3031678986272439,0.33759239704329463,0.33759239704329463,0.33759239704329463,115.69327159699158,1.0,1.5032607975835122,369871.3892955821,92467.84732389552,277403.5419716865,28.923317899247895,260,1716.8666666666666,1474.3666666666666,0.8315319622389624,161.48322030037676,188.15098594086948,0.6870824053452116,1.862113151865802,2871
robustness,CONGESTED_PEAK,1,NO_SURGE,MARKETPLACE_AWARE,9470,3220,1226,1683,3286,6.878260869565217,5.0,16.0,0.3071805702217529,0.3400211193241816,0.3400211193241816,0.3400211193241816,115.75932904009862,1.0,1.4988723945529208,372745.03950911755,93186.25987727939,279558.77963183814,28.939832260024655,260,1713.3166666666666,1484.9166666666667,0.8261525562198206,158.96355759035228,188.26563530961656,0.6912994980479643,1.8793957139660893,2909
robustness,CONGESTED_PEAK,1,NO_SURGE,ADVANCED_HEURISTIC,9470,2971,850,1980,3615,6.444631437226523,4.0,14.0,0.2988384371700106,0.313727560718057,0.313727560718057,0.313727560718057,116.58297974286243,1.0,1.5745472074520828,346368.0328160443,86592.00820401107,259776.02461203322,29.14574493571561,260,1717.75,1426.2666666666667,0.7960217263808358,149.21216491098258,182.13706502666628,0.683930035528833,1.7295881239994177,2830
robustness,CONGESTED_PEAK,1,BASIC_SURGE,NEAREST_DRIVER,9470,3186,946,1625,3659,6.743879472693032,5.0,15.0,0.27148891235480466,0.33643083421330516,0.33643083421330516,0.33643083421330516,121.15071484570862,1.0465374980291617,1.5087653952331326,385986.1774984277,96496.54437460692,289489.63312382076,30.287678711427155,260,1709.1166666666666,1467.9833333333333,0.8206950615945197,164.0391914900327,197.20226146333684,0.6783324037925265,1.8641208421504287,2571
robustness,CONGESTED_PEAK,1,BASIC_SURGE,ETA_OPTIMIZED,9470,3477,740,1743,3457,6.102387115329307,5.0,13.0,0.2621964097148891,0.3671594508975713,0.3671594508975713,0.3671594508975713,118.7178517575766,1.0309865774160554,1.2830098839931579,412781.9705610938,103195.49264027346,309586.47792082035,29.67946293939415,260,1741.25,1501.55,0.8255709298791712,173.66339026539092,206.177934747974,0.6895514580881391,1.9968413496051687,2483
robustness,CONGESTED_PEAK,1,BASIC_SURGE,DRIVER_EARNINGS_AWARE,9470,3194,908,1683,3629,6.5125234815278645,4.0,14.0,0.27360084477296726,0.3372756071805702,0.3372756071805702,0.3372756071805702,120.7308254142923,1.0449498530841062,1.4904671589005496,385614.2563732496,96403.5640933124,289210.6922799372,30.182706353573074,260,1711.65,1465.9333333333334,0.8317399844457316,166.67266461785107,197.28775224880883,0.6831463786179199,1.8660356965501124,2591
robustness,CONGESTED_PEAK,1,BASIC_SURGE,MARKETPLACE_AWARE,9470,3213,904,1659,3637,6.521942110177404,4.0,15.0,0.2706441393875396,0.3392819429778247,0.3392819429778247,0.3392819429778247,120.7192186215153,1.0400633648107747,1.4790267370578791,387870.84943092865,96967.71235773216,290903.13707319647,30.179804655378824,260,1708.85,1477.4166666666667,0.8256111066102482,164.80442223024292,196.8998615194516,0.6886963811652927,1.8802118383708344,2563
robustness,CONGESTED_PEAK,1,BASIC_SURGE,ADVANCED_HEURISTIC,9470,2991,691,1948,3788,6.29856235372785,4.0,14.0,0.27866948257655755,0.3158394931362196,0.3158394931362196,0.3158394931362196,117.2041723131663,1.0101394120664984,1.5410873855292664,350557.6793886804,87639.4198471701,262918.25954151026,29.301043078291574,260,1721.35,1419.95,0.790447270960834,150.08848470031165,185.16022362865613,0.6891742612537973,1.7375896825166295,2639
robustness,CONGESTED_PEAK,1,AGGRESSIVE_SURGE,NEAREST_DRIVER,9470,3290,451,1477,4197,5.701823708206687,4.0,13.0,0.20359028511087646,0.3474128827877508,0.3474128827877508,0.3474128827877508,128.05145230720072,1.108578600141797,1.402812960805388,421289.2780906904,105322.3195226726,315966.9585680178,32.01286307680018,260,1710.7166666666667,1455.7666666666667,0.8113501409796903,178.0920647542372,217.04505660340556,0.6811696567311767,1.923170601015169,1928
robustness,CONGESTED_PEAK,1,AGGRESSIVE_SURGE,ETA_OPTIMIZED,9470,3544,446,1486,3939,5.505079006772009,4.0,11.0,0.20401267159450898,0.37423442449841604,0.37423442449841604,0.37423442449841604,126.18036519533484,1.0902769951688698,1.1870039218744626,447183.2142522667,111795.80356306667,335387.41068920004,31.54509129883371,260,1736.2333333333333,1475.5166666666667,0.8093045037271108,186.84903721400312,227.3016755865403,0.6862850971922246,2.0412002994989153,1932
robustness,CONGESTED_PEAK,1,AGGRESSIVE_SURGE,DRIVER_EARNINGS_AWARE,9470,3204,463,1557,4192,5.689762796504369,4.0,13.0,0.2133051742344245,0.33833157338965153,0.33833157338965153,0.33833157338965153,128.4568366474906,1.1099407081153725,1.4063450651924319,411575.7046185599,102893.92615463998,308681.77846391994,32.11420916187265,260,1709.6833333333334,1441.7166666666667,0.8168753377767218,178.28651127108958,214.1071027344161,0.6829787234042554,1.8740312533510104,2020
robustness,CONGESTED_PEAK,1,AGGRESSIVE_SURGE,MARKETPLACE_AWARE,9470,3254,464,1499,4199,5.543023970497849,4.0,13.0,0.20728616684266105,0.34361140443505805,0.34361140443505805,0.34361140443505805,130.60579445022105,1.1205277226257724,1.3584130435196686,424991.25514101936,106247.81378525484,318743.4413557645,32.651448612555264,260,1709.8333333333333,1444.3833333333334,0.8059714433436072,180.19199414867543,220.67787269475866,0.6826185742686737,1.903109464860123,1963
robustness,CONGESTED_PEAK,1,AGGRESSIVE_SURGE,ADVANCED_HEURISTIC,9470,3033,450,1770,4160,5.917573359709858,3.0,14.0,0.23442449841605068,0.32027455121436116,0.32027455121436116,0.32027455121436116,124.12069424895941,1.0706515755204582,1.4799639038977321,376458.0656570939,94114.51641427347,282343.5492428204,31.030173562239852,260,1715.8666666666666,1402.4166666666667,0.7826772708749294,160.26598805905815,201.3264359684975,0.6834036568213784,1.7676198616831145,2220
robustness,CONGESTED_PEAK,1,CAPPED_SMOOTHED_SURGE,NEAREST_DRIVER,9470,3194,830,1689,3702,6.58797745773325,4.0,15.0,0.26599788806758184,0.3372756071805702,0.3372756071805702,0.3372756071805702,123.61103069662094,1.0721640913746107,1.5208503028798614,394813.6320450073,98703.40801125183,296110.2240337555,30.902757674155236,260,1709.15,1465.1833333333334,0.8224738609905702,168.53852992464402,202.09772886243277,0.687456494500905,1.8687651756721175,2519
robustness,CONGESTED_PEAK,1,CAPPED_SMOOTHED_SURGE,ETA_OPTIMIZED,9470,3450,711,1694,3559,6.233623188405797,5.0,14.0,0.2539598732840549,0.36430834213305174,0.36430834213305174,0.36430834213305174,122.62365292673707,1.0546818991508298,1.303368487203872,423051.60259724286,105762.90064931072,317288.70194793213,30.655913231684266,260,1735.0333333333333,1502.7666666666667,0.826943385258663,177.16086977978827,211.13637199028378,0.6851119894598156,1.9884344200879907,2405
robustness,CONGESTED_PEAK,1,CAPPED_SMOOTHED_SURGE,DRIVER_EARNINGS_AWARE,9470,3169,806,1726,3711,6.467339854843799,4.0,15.0,0.26737064413938755,0.33463569165786694,0.33463569165786694,0.33463569165786694,123.34836894676478,1.0664730613270148,1.5057704123102431,390890.9811922976,97722.7452980744,293168.2358942232,30.837092236691195,260,1713.2333333333333,1464.2166666666667,0.8285471268468648,168.5266302406238,200.2218951390777,0.688638575997775,1.8497188551861004,2532
robustness,CONGESTED_PEAK,1,CAPPED_SMOOTHED_SURGE,MARKETPLACE_AWARE,9470,3234,848,1590,3743,6.5482374768089056,4.0,15.0,0.25744456177402325,0.34149947201689546,0.34149947201689546,0.34149947201689546,125.5337625415057,1.0825662072001967,1.4842830286050286,405976.1880592294,101494.04701480735,304482.14104442205,31.383440635376424,260,1710.5666666666666,1477.6333333333334,0.8289265605674871,173.7056291343993,206.06068784165356,0.6917186613726602,1.8906015550402402,2438
robustness,CONGESTED_PEAK,1,CAPPED_SMOOTHED_SURGE,ADVANCED_HEURISTIC,9470,2989,699,1921,3811,6.361993977919036,4.0,15.0,0.27666314677930304,0.3156282998944034,0.3156282998944034,0.3156282998944034,120.01564743083586,1.027399080128638,1.538304976643055,358726.7701707684,89681.6925426921,269045.0776280763,30.003911857708964,260,1724.25,1427.3333333333333,0.7938816046376898,153.31894935219628,188.49491660070737,0.6811315572644878,1.7335073220240684,2620
robustness,CONGESTED_PEAK,2,NO_SURGE,NEAREST_DRIVER,9445,3110,1306,1771,3217,7.186173633440514,5.0,15.0,0.325780836421387,0.3292747485442033,0.3292747485442033,0.3292747485442033,116.10033232559861,1.0,1.5008591081224705,361072.0335326117,90268.00838315292,270804.0251494588,29.025083081399654,260,1712.4,1452.9666666666667,0.8111826841519125,154.81965781073097,186.38006732165826,0.6904728497263926,1.8161644475589815,3077
robustness,CONGESTED_PEAK,2,NO_SURGE,ETA_OPTIMIZED,9445,3327,1028,1824,3217,6.690712353471596,5.0,14.0,0.3019587083112758,0.35224986765484384,0.35224986765484384,0.35224986765484384,117.13312339126477,1.0,1.3519801259287088,389701.9015227379,97425.47538068448,292276.42614205345,29.283280847816194,260,1750.3,1486.9333333333334,0.8136028432532968,163.13118089393294,196.56323494130208,0.686246040126716,1.9008170027995202,2852
robustness,CONGESTED_PEAK,2,NO_SURGE,DRIVER_EARNINGS_AWARE,9445,3100,1313,1740,3255,7.336451612903226,5.0,16.0,0.32323980942297514,0.328215987294865,0.328215987294865,0.328215987294865,116.6165379773703,1.0,1.5379358447508578,361511.2677298479,90377.81693246198,271133.45079738594,29.154134494342575,260,1716.35,1461.9333333333334,0.8239543962171763,157.77573400768978,185.46225372615203,0.6911848072562359,1.8061584175721737,3053
robustness,CONGESTED_PEAK,2,NO_SURGE,MARKETPLACE_AWARE,9445,3123,1325,1726,3231,7.175472302273455,6.0,15.0,0.32302805717310745,0.330651138168343,0.330651138168343,0.330651138168343,116.64043812054649,1.0,1.47800328534964,364268.0882504667,91067.02206261667,273201.06618785,29.160109530136623,260,1716.5833333333333,1455.65,0.8153781959696975,155.9060704289133,187.6832110657438,0.6902979805112273,1.8193116170687897,3051
robustness,CONGESTED_PEAK,2,NO_SURGE,ADVANCED_HEURISTIC,9445,2923,951,2012,3512,6.531645569620253,4.0,15.0,0.31371095817893063,0.3094759131815776,0.3094759131815776,0.3094759131815776,117.16383714793334,1.0,1.5626272679233055,342469.89598340914,85617.47399585228,256852.42198755685,29.290959286983334,260,1720.5166666666667,1408.8666666666666,0.7886432491952919,148.0794913945863,182.31137698449595,0.6811594202898551,1.6989082736774805,2963
robustness,CONGESTED_PEAK,2,BASIC_SURGE,NEAREST_DRIVER,9445,3148,986,1687,3580,6.659783989834816,5.0,15.0,0.2830068819481207,0.3332980412916887,0.3332980412916887,0.3332980412916887,122.33610995675132,1.0528932913440545,1.4629194110244892,385114.07414385315,96278.51853596329,288835.5556078899,30.58402748918783,260,1714.6333333333334,1448.35,0.8118073101938006,164.1892061140212,199.42386550757058,0.6823776223776223,1.8359610412333054,2673
robustness,CONGESTED_PEAK,2,BASIC_SURGE,ETA_OPTIMIZED,9445,3340,832,1739,3496,6.598802395209581,5.0,14.0,0.2722075172048703,0.3536262572789836,0.3536262572789836,0.3536262572789836,119.99284499268981,1.0264106419542827,1.3804189711036499,400776.10227558395,100194.02556889599,300582.076706688,29.998211248172453,260,1739.1,1489.0333333333333,0.815608976648183,168.26561705491582,201.8639005439914,0.6790975447909754,1.9205336093381635,2571
robustness,CONGESTED_PEAK,2,BASIC_SURGE,DRIVER_EARNINGS_AWARE,9445,3185,939,1730,3555,6.516483516483516,5.0,15.0,0.2825833774483854,0.33721545791424035,0.33721545791424035,0.33721545791424035,120.9037021162271,1.0415163276650052,1.4595822804251704,385078.2912401833,96269.57281004582,288808.7184301375,30.225925529056774,260,1718.6833333333334,1459.2333333333333,0.8192974137916738,165.69966177635786,197.91812031213018,0.679198682766191,1.8531627893445564,2669
robustness,CONGESTED_PEAK,2,BASIC_SURGE,MARKETPLACE_AWARE,9445,3133,1007,1671,3593,6.96169805298436,5.0,15.0,0.28353626257278985,0.3317098994176813,0.3317098994176813,0.3317098994176813,122.78642457164653,1.0530188401229308,1.5264872466984816,384689.8681829686,96172.46704574215,288517.40113722644,30.696606142911634,260,1712.2,1456.6,0.8176136476302429,164.95895488163669,198.07593102926435,0.6892430278884463,1.8298096016820464,2678
robustness,CONGESTED_PEAK,2,BASIC_SURGE,ADVANCED_HEURISTIC,9445,2923,808,1946,3729,6.602805336982552,4.0,15.0,0.29158284806776075,0.3094759131815776,0.3094759131815776,0.3094759131815776,119.40976616219791,1.0170478728123564,1.6067409649792466,349034.7464921045,87258.68662302612,261776.05986907837,29.852441540549478,260,1720.1333333333334,1411.4666666666667,0.7871490940467383,149.7333458401563,185.46386255602567,0.6785566155122356,1.6992868769862801,2754
robustness,CONGESTED_PEAK,2,AGGRESSIVE_SURGE,NEAREST_DRIVER,9445,3199,571,1491,4146,5.721788058768365,4.0,13.0,0.21831656961355214,0.3386977236633139,0.3386977236633139,0.3386977236633139,131.4354818840435,1.12735879308027,1.3906125410422003,420462.1065470552,105115.5266367638,315346.57991029136,32.858870471010874,260,1713.0166666666667,1435.6166666666666,0.8002436742706828,178.16422489582757,219.65931939372723,0.6798964624676446,1.867465776748621,2062
robustness,CONGESTED_PEAK,2,AGGRESSIVE_SURGE,ETA_OPTIMIZED,9445,3373,528,1543,3962,5.796027275422473,4.0,12.0,0.2192694547379566,0.3571201694017999,0.3571201694017999,0.3571201694017999,127.36122462903752,1.0850795456442173,1.2514002040555812,429589.4106737436,107397.3526684359,322192.0580053077,31.84030615725938,260,1739.0166666666667,1459.2833333333333,0.7988549705551855,179.23680798103933,220.78786939157877,0.6808686091258933,1.9396018822897998,2071
robustness,CONGESTED_PEAK,2,AGGRESSIVE_SURGE,DRIVER_EARNINGS_AWARE,9445,3194,555,1528,4127,5.659361302442079,4.0,13.0,0.22053996823716251,0.3381683430386448,0.3381683430386448,0.3381683430386448,132.05497309786492,1.1301914785024925,1.3705523850736394,421783.5840745805,105445.89601864513,316337.6880559354,33.01374327446623,260,1711.45,1432.85,0.8080209604971088,181.1616796335832,220.7751600348504,0.6859158986175116,1.866253761430366,2083
robustness,CONGESTED_PEAK,2,AGGRESSIVE_SURGE,MARKETPLACE_AWARE,9445,3181,549,1540,4140,5.718327569946558,4.0,13.0,0.22117522498676548,0.336791953414505,0.336791953414505,0.336791953414505,131.60606089039098,1.1210325356043058,1.3986753844898976,418638.8796923337,104659.71992308342,313979.15976925025,32.901515222597745,260,1714.3666666666666,1442.0333333333333,0.8056855697418356,178.46594476432762,217.7336352159568,0.6772999145542581,1.8554957127024558,2089
robustness,CONGESTED_PEAK,2,AGGRESSIVE_SURGE,ADVANCED_HEURISTIC,9445,3036,533,1721,4114,6.039196310935441,4.0,14.0,0.238644785600847,0.32143991529910004,0.32143991529910004,0.32143991529910004,127.27445716470724,1.0870026678566798,1.486938536719299,386405.2519520512,96601.3129880128,289803.9389640384,31.81861429117681,260,1721.8666666666666,1403.3666666666666,0.7813623134636695,164.6574684457778,206.50621526617311,0.6721770804146819,1.7632027257240206,2254
robustness,CONGESTED_PEAK,2,CAPPED_SMOOTHED_SURGE,NEAREST_DRIVER,9445,3155,912,1686,3653,6.715689381933439,5.0,15.0,0.27506617257808363,0.3340391741662255,0.3340391741662255,0.3340391741662255,126.5992220597817,1.0870182831484758,1.5220105600557727,399420.54559861124,99855.13639965281,299565.4091989584,31.649805514945424,260,1713.35,1459.4833333333333,0.8142829440057846,169.8485564365346,205.2544228201476,0.690924536316013,1.8414217760527622,2598
robustness,CONGESTED_PEAK,2,CAPPED_SMOOTHED_SURGE,ETA_OPTIMIZED,9445,3361,788,1753,3502,6.431121689973223,5.0,14.0,0.2690312334568555,0.355849655902594,0.355849655902594,0.355849655902594,124.76247486942574,1.0653605936631736,1.340885497883316,419326.6780361399,104831.66950903498,314495.008527105,31.190618717356436,260,1743.2,1489.5,0.8159208145465746,174.19301494427853,211.14132831628396,0.6820587456999206,1.9280633318035796,2541
robustness,CONGESTED_PEAK,2,CAPPED_SMOOTHED_SURGE,DRIVER_EARNINGS_AWARE,9445,3163,935,1642,3668,6.711349984192222,5.0,15.0,0.27284277395447326,0.3348861831656961,0.3348861831656961,0.3348861831656961,127.87738266604855,1.0938018386309338,1.4895271212461698,404476.16137271153,101119.04034317788,303357.1210295337,31.969345666512137,260,1713.65,1459.4,0.8228679945286758,173.87917917478933,207.8642736943495,0.6813960033774276,1.8457678055612288,2577
robustness,CONGESTED_PEAK,2,CAPPED_SMOOTHED_SURGE,MARKETPLACE_AWARE,9445,3152,905,1719,3630,6.677030456852792,5.0,15.0,0.2778189518263632,0.33372154579142405,0.33372154579142405,0.33372154579142405,127.33052217996317,1.0900731212806045,1.4968897022145364,401345.8059112439,100336.45147781097,301009.3544334329,31.832630544990792,260,1720.3166666666666,1461.95,0.8176765947443494,170.83476080840816,205.8957929022421,0.6788331259505046,1.8322208120597954,2624
robustness,CONGESTED_PEAK,2,CAPPED_SMOOTHED_SURGE,ADVANCED_HEURISTIC,9445,2948,733,1982,3743,6.4382632293080055,4.0,15.0,0.2874536791953414,0.3121228163049232,0.3121228163049232,0.3121228163049232,119.89537414482797,1.0255515930120842,1.5663011902020472,353451.56297895283,88362.89074473821,265088.6722342146,29.973843536206992,260,1719.35,1408.0833333333333,0.787980777851532,152.12354444259208,188.26206230754426,0.6812945693911135,1.7146014482217118,2715
robustness,CONGESTED_PEAK,3,NO_SURGE,NEAREST_DRIVER,9481,3125,1279,1690,3332,7.22304,5.0,16.0,0.31315262103153674,0.32960658158422107,0.32960658158422107,0.32960658158422107,115.60849317870654,1.0,1.5428710235803984,361276.54118345794,90319.13529586449,270957.40588759346,28.902123294676635,260,1729.0666666666666,1457.1833333333334,0.802835472161018,153.3242587297247,185.94599573670217,0.6891279728199321,1.8073334361505244,2969
robustness,CONGESTED_PEAK,3,NO_SURGE,ETA_OPTIMIZED,9481,3315,1028,1730,3361,7.003619909502262,5.0,15.0,0.29089758464297016,0.34964666174454173,0.34964666174454173,0.34964666174454173,116.76778861578273,1.0,1.41795311409323,387085.2192613198,96771.30481532995,290313.9144459898,29.191947153945684,260,1760.85,1488.4666666666667,0.8048743931594513,160.5283450507425,195.04226795762293,0.6869940636805181,1.8826135105204873,2758
robustness,CONGESTED_PEAK,3,NO_SURGE,DRIVER_EARNINGS_AWARE,9481,3143,1276,1644,3369,7.141902640789055,5.0,16.0,0.30798438983229615,0.3315051154941462,0.3315051154941462,0.3315051154941462,116.70824896005463,1.0,1.5307709420082136,366814.0264814517,91703.50662036292,275110.5198610888,29.177062240013658,260,1727.65,1468.25,0.8218200052396722,158.46870207828462,187.37307669748938,0.6923958184161535,1.8192342198940756,2920
robustness,CONGESTED_PEAK,3,NO_SURGE,MARKETPLACE_AWARE,9481,3156,1284,1678,3316,7.16128010139417,5.0,16.0,0.3124143022887881,0.33287627887353655,0.33287627887353655,0.33287627887353655,116.600476756472,1.0,1.5142046410028784,367991.1046434257,91997.77616085642,275993.32848256925,29.150119189118,260,1729.3666666666666,1472.75,0.8114241086995977,155.8297947653786,187.39998538962433,0.6858307562552713,1.8249455484666834,2962
robustness,CONGESTED_PEAK,3,NO_SURGE,ADVANCED_HEURISTIC,9481,2933,987,1926,3586,7.083532219570405,4.0,16.0,0.3072460710895475,0.3093555532116865,0.3093555532116865,0.3093555532116865,117.0736224980051,1.0,1.6329407492065195,343376.93478664896,85844.23369666224,257532.70108998672,29.268405624501273,260,1737.6333333333334,1426.7333333333333,0.7868352784177385,146.15196206750988,180.50514071070515,0.683953715321344,1.687928024707936,2913
robustness,CONGESTED_PEAK,3,BASIC_SURGE,NEAREST_DRIVER,9481,3165,934,1636,3696,6.8710900473933645,5.0,15.0,0.2710684526948634,0.3338255458284991,0.3338255458284991,0.3338255458284991,121.74156668322559,1.046044034713482,1.5491220027588124,385312.058552409,96328.01463810225,288984.04391430673,30.435391670806396,260,1729.7,1470.8666666666666,0.8166465397710473,162.87972109672776,196.47195117230663,0.6897581792318634,1.8297970746372203,2570
robustness,CONGESTED_PEAK,3,BASIC_SURGE,ETA_OPTIMIZED,9481,3368,790,1677,3599,6.603028503562945,5.0,14.0,0.26020461976584747,0.3552367893682101,0.3552367893682101,0.3552367893682101,120.27618299465452,1.0290736496447888,1.379063340301392,405090.18432599644,101272.54608149911,303817.63824449736,30.06904574866363,260,1759.25,1495.7666666666667,0.8124518686990787,168.57215620969106,203.11833724812067,0.68643839309787,1.9144521813272701,2467
robustness,CONGESTED_PEAK,3,BASIC_SURGE,DRIVER_EARNINGS_AWARE,9481,3152,951,1654,3675,6.6748096446700504,4.0,15.0,0.2747600464086067,0.33245438244910874,0.33245438244910874,0.33245438244910874,121.40226134549503,1.0441853715278762,1.5080828383160567,382659.92776100035,95664.98194025009,286994.94582075026,30.35056533637376,260,1727.2833333333333,1459.7,0.8193351992677443,164.75380083676959,196.61228048280486,0.6914969377581541,1.8248309001611394,2605
robustness,CONGESTED_PEAK,3,BASIC_SURGE,MARKETPLACE_AWARE,9481,3161,993,1605,3671,6.898449857639988,5.0,15.0,0.27402172766585803,0.3334036494040713,0.3334036494040713,0.3334036494040713,123.15626566075868,1.0526154103098857,1.5319755541812494,389296.9557536582,97324.23893841455,291972.71681524365,30.78906641518967,260,1728.05,1468.2666666666667,0.815524101931714,165.19836201466478,198.85537378444673,0.6858974358974359,1.8292294783137062,2598
robustness,CONGESTED_PEAK,3,BASIC_SURGE,ADVANCED_HEURISTIC,9481,2922,736,1889,3885,6.604380561259411,4.0,15.0,0.2768695285307457,0.30819533804451005,0.30819533804451005,0.30819533804451005,119.44076721651194,1.0194078335239876,1.583051062969164,349005.9218066479,87251.48045166198,261754.44135498593,29.860191804127986,260,1735.9166666666667,1408.9,0.7763427276404306,147.4780831752505,185.7863875044261,0.6862468229313753,1.68326052517882,2625
robustness,CONGESTED_PEAK,3,AGGRESSIVE_SURGE,NEAREST_DRIVER,9481,3229,508,1443,4250,5.844533911427686,4.0,13.0,0.2057799810146609,0.34057588861934396,0.34057588861934396,0.34057588861934396,131.72693331182796,1.131849760445484,1.4273935417224775,425346.26766389253,106336.56691597313,319009.7007479194,32.93173332795699,260,1730.3,1442.4666666666667,0.7938425194438785,177.23602931088703,221.1556829143962,0.684997098084736,1.8661503785470728,1951
robustness,CONGESTED_PEAK,3,AGGRESSIVE_SURGE,ETA_OPTIMIZED,9481,3393,459,1470,4111,6.0256410256410255,4.0,13.0,0.203459550680308,0.3578736420208839,0.3578736420208839,0.3578736420208839,128.67992211994138,1.0976741158153704,1.3257445885643055,436610.9757529611,109152.74393824028,327458.23181472084,32.169980529985345,260,1757.3833333333334,1471.2166666666667,0.7975235030718879,180.24023594709993,222.57648328348705,0.6882534342584805,1.9307113796079398,1929
robustness,CONGESTED_PEAK,3,AGGRESSIVE_SURGE,DRIVER_EARNINGS_AWARE,9481,3203,509,1414,4308,5.900405869497346,4.0,14.0,0.2028267060436663,0.33783356186056324,0.33783356186056324,0.33783356186056324,133.50041029523462,1.1357498159699557,1.4409112818731717,427601.8141756365,106900.45354390913,320701.3606317274,33.375102573808654,260,1729.65,1446.5166666666667,0.809358667189423,182.0244491274355,221.70595612337274,0.6865517749300338,1.8518197323157863,1923
robustness,CONGESTED_PEAK,3,AGGRESSIVE_SURGE,MARKETPLACE_AWARE,9481,3218,549,1395,4268,5.802050963331261,4.0,13.0,0.20504166227191226,0.3394156734521675,0.3394156734521675,0.3394156734521675,133.14532595293755,1.1377342337649017,1.387459837515234,428461.658916553,107115.41472913825,321346.24418741476,33.28633148823439,260,1727.3333333333333,1446.1333333333334,0.8031146703427609,180.48774800815752,222.21066120280386,0.6848289029226025,1.862987263604786,1944
robustness,CONGESTED_PEAK,3,AGGRESSIVE_SURGE,ADVANCED_HEURISTIC,9481,2992,462,1732,4247,6.1717914438502675,4.0,14.0,0.23141018879864994,0.3155785254719966,0.3155785254719966,0.3155785254719966,127.1043994717852,1.0802535432067422,1.5510339515852845,380296.3632195813,95074.09080489533,285222.272414686,31.7760998679463,260,1739.0166666666667,1412.0833333333333,0.7791837312363856,160.82694155360838,201.98685564923176,0.6784698521046644,1.720512550195992,2194
robustness,CONGESTED_PEAK,3,CAPPED_SMOOTHED_SURGE,NEAREST_DRIVER,9481,3177,909,1582,3760,6.757632987094744,5.0,15.0,0.2627359983124143,0.3350912351017825,0.3350912351017825,0.3350912351017825,126.48140942888652,1.0854847140280879,1.5207120409469306,401831.4377555725,100457.85943889312,301373.57831667934,31.62035235722163,260,1732.3,1467.3833333333334,0.8131425811653676,169.28175943131788,205.38162828391535,0.6857183580387686,1.8339779483923109,2491
robustness,CONGESTED_PEAK,3,CAPPED_SMOOTHED_SURGE,ETA_OPTIMIZED,9481,3315,730,1692,3698,6.577677224736048,5.0,14.0,0.2554582849910347,0.34964666174454173,0.34964666174454173,0.34964666174454173,124.50748574414257,1.061001164769361,1.3758597679362488,412742.31524183264,103185.57881045816,309556.73643137445,31.126871436035643,260,1751.0166666666667,1481.0833333333333,0.8047936502635608,171.60939945074296,209.00696771375087,0.6822909631230583,1.8931858634507572,2422
robustness,CONGESTED_PEAK,3,CAPPED_SMOOTHED_SURGE,DRIVER_EARNINGS_AWARE,9481,3178,902,1606,3745,6.78980490874764,5.0,15.0,0.26452905811623245,0.33519670920788946,0.33519670920788946,0.33519670920788946,127.19864204013427,1.0919072925711675,1.5085951844389398,404237.2844035467,101059.32110088668,303177.96330266003,31.79966051003357,260,1731.7666666666667,1471.6333333333334,0.8259135750259744,172.86544577399872,206.01460733153186,0.6806083650190115,1.8351202048004929,2508
robustness,CONGESTED_PEAK,3,CAPPED_SMOOTHED_SURGE,MARKETPLACE_AWARE,9481,3144,887,1623,3775,6.6991094147582695,4.0,15.0,0.26474000632844635,0.33161058960025314,0.33161058960025314,0.33161058960025314,126.38621143690244,1.0828189698994533,1.5256865356450677,397358.2487576213,99339.56218940532,298018.68656821596,31.59655285922561,260,1730.1166666666666,1465.35,0.8094989795870653,167.20045149792782,203.37713622562254,0.6847640704945992,1.8172184920092096,2510
robustness,CONGESTED_PEAK,3,CAPPED_SMOOTHED_SURGE,ADVANCED_HEURISTIC,9481,2938,679,1879,3930,6.6923076923076925,4.0,15.0,0.26980276342158,0.30988292374222126,0.30988292374222126,0.30988292374222126,121.6159535617498,1.0371888951396642,1.6069449156672324,357307.6715644209,89326.91789110523,267980.7536733157,30.40398839043745,260,1739.6666666666667,1418.3666666666666,0.7758494428874944,149.8201374849885,188.9361615520075,0.6855815263306111,1.6888292776393945,2558
robustness,CONGESTED_PEAK,4,NO_SURGE,NEAREST_DRIVER,9468,2942,1476,1564,3442,7.354180829367777,5.0,16.0,0.32108153781157583,0.31073088297422896,0.31073088297422896,0.31073088297422896,117.40424942352325,1.0,1.5049956699891862,345403.3018040054,86350.82545100135,259052.47635300405,29.351062355880813,260,1678.3333333333333,1393.3333333333333,0.7929612552942193,151.6509461313003,185.92282991842396,0.6805389221556887,1.7529294935451838,3040
robustness,CONGESTED_PEAK,4,NO_SURGE,ETA_OPTIMIZED,9468,3153,1120,1643,3509,6.825880114176974,5.0,15.0,0.29182509505703425,0.33301647655259825,0.33301647655259825,0.33301647655259825,117.21462000830341,1.0,1.3389505479048942,369577.69688618067,92394.42422154517,277183.2726646355,29.303655002075853,260,1701.3833333333334,1412.7833333333333,0.7890191235720738,159.76847766188902,196.19659018106256,0.6808330987897552,1.8531978879931035,2763
robustness,CONGESTED_PEAK,4,NO_SURGE,DRIVER_EARNINGS_AWARE,9468,2959,1455,1552,3460,7.448462318350794,5.0,17.0,0.31759611322348963,0.31252640473172794,0.31252640473172794,0.31252640473172794,117.88085102957783,1.0,1.5531888041025952,348809.4381965208,87202.3595491302,261607.0786473906,29.470212757394457,260,1679.6166666666666,1401.9166666666667,0.8062031860504137,155.59706484638133,186.60672554055085,0.6809815950920245,1.761711501632317,3007
robustness,CONGESTED_PEAK,4,NO_SURGE,MARKETPLACE_AWARE,9468,2999,1524,1516,3384,7.208736245415138,5.0,16.0,0.32108153781157583,0.316751161808196,0.316751161808196,0.316751161808196,117.42625319360084,1.0,1.4636889354697145,352161.33332760894,88040.33333190223,264120.9999957067,29.35656329840021,260,1679.8166666666666,1394.3166666666666,0.7900324165303654,153.97406890585694,189.42683990655402,0.6820290288792459,1.785313873537787,3040
robustness,CONGESTED_PEAK,4,NO_SURGE,ADVANCED_HEURISTIC,9468,2753,1003,1852,3817,6.798038503450781,4.0,15.0,0.3015420363329109,0.2907689057879172,0.2907689057879172,0.2907689057879172,118.15148928107308,1.0,1.5558227634428456,325271.0499907942,81317.76249769855,243953.28749309568,29.53787232026827,260,1684.9666666666667,1342.1833333333334,0.7594424410203758,143.3281928895975,181.7585432887427,0.679982440737489,1.6338602148410453,2855
robustness,CONGESTED_PEAK,4,BASIC_SURGE,NEAREST_DRIVER,9468,2944,997,1543,3942,6.825747282608695,4.0,15.0,0.26827207435572453,0.3109421208280524,0.3109421208280524,0.3109421208280524,123.74422928793197,1.0498135043135415,1.514332692104709,364303.0110236717,91075.75275591793,273227.25826775376,30.936057321982993,260,1679.0166666666667,1387.7833333333333,0.7860401732723787,158.87943751528385,196.88034270557634,0.6796816338789609,1.7534072522607478,2540
robustness,CONGESTED_PEAK,4,BASIC_SURGE,ETA_OPTIMIZED,9468,3111,887,1632,3798,6.679524268723883,5.0,14.0,0.2660540768905788,0.32858048162230674,0.32858048162230674,0.32858048162230674,122.98399492270202,1.041007783322364,1.3386600557026374,382603.208204526,95650.8020511315,286952.4061533945,30.745998730675506,260,1697.7,1410.3,0.7910033509041275,165.2906762845164,203.46905350166236,0.6829477292202228,1.8324792366142428,2519
robustness,CONGESTED_PEAK,4,BASIC_SURGE,DRIVER_EARNINGS_AWARE,9468,2956,1050,1517,3903,6.796346414073072,4.0,16.0,0.2711237853823405,0.3122095479509928,0.3122095479509928,0.3122095479509928,122.92859440464387,1.0519491164941006,1.48273211951388,363376.9250601273,90844.23126503182,272532.69379509543,30.73214860116097,260,1674.0833333333333,1374.4,0.7905264114294871,160.54229149761886,198.2921229591789,0.6793560036111947,1.7657424461147893,2567
robustness,CONGESTED_PEAK,4,BASIC_SURGE,MARKETPLACE_AWARE,9468,2953,1036,1551,3890,6.68269556383339,4.0,15.0,0.2732361639205746,0.3118926911702577,0.3118926911702577,0.3118926911702577,124.02245026257692,1.0496088682716425,1.462253932619758,366238.29562538967,91559.57390634742,274678.7217190423,31.00561256564423,260,1683.4666666666667,1383.9666666666667,0.7810994227832094,158.6891087911127,198.47206463477605,0.6769528920691711,1.7541184856645018,2587
robustness,CONGESTED_PEAK,4,BASIC_SURGE,ADVANCED_HEURISTIC,9468,2791,837,1752,4041,6.646363310641347,4.0,15.0,0.27344740177439797,0.2947824250105619,0.2947824250105619,0.2947824250105619,122.75234352044237,1.031681406383619,1.5332469468468184,342601.79076555464,85650.44769138866,256951.34307416598,30.68808588011059,260,1689.8333333333333,1357.9333333333334,0.7664581864046153,149.1623801695805,189.2223548584854,0.683849821215733,1.651642173784397,2589
robustness,CONGESTED_PEAK,4,AGGRESSIVE_SURGE,NEAREST_DRIVER,9468,3032,569,1378,4451,5.759234828496043,4.0,14.0,0.2056400506970849,0.3202365863962822,0.3202365863962822,0.3202365863962822,133.63776277118453,1.1381871592372392,1.377040316039173,405189.6967222315,101297.42418055788,303892.2725416736,33.40944069279613,260,1680.2333333333333,1369.55,0.7781147064260774,176.37042380184687,221.89206129142684,0.6709910997133806,1.8045112781954886,1947
robustness,CONGESTED_PEAK,4,AGGRESSIVE_SURGE,ETA_OPTIMIZED,9468,3184,527,1410,4311,5.839195979899498,4.0,12.0,0.2045838614279679,0.336290663286861,0.336290663286861,0.336290663286861,131.69713438451325,1.1157563373665953,1.2550223249057506,419323.6758802902,104830.91897007255,314492.7569102177,32.92428359612831,260,1696.6333333333334,1385.3333333333333,0.7735161835639829,179.55936798185803,227.01594579659604,0.6745846691926553,1.8766576946501894,1937
robustness,CONGESTED_PEAK,4,AGGRESSIVE_SURGE,DRIVER_EARNINGS_AWARE,9468,3012,562,1357,4498,5.935922974767596,4.0,14.0,0.20268272074355725,0.3181242078580482,0.3181242078580482,0.3181242078580482,135.29878808444184,1.1494235171541207,1.4136705532451623,407519.9497103388,101879.9874275847,305639.9622827541,33.82469702111046,260,1678.2833333333333,1365.3166666666666,0.7861111659025072,178.84516296309235,223.86012691762895,0.6744719926538109,1.7946910037041819,1919
robustness,CONGESTED_PEAK,4,AGGRESSIVE_SURGE,MARKETPLACE_AWARE,9468,2971,572,1384,4505,5.811847862672501,4.0,14.0,0.20659062103929024,0.31379383185466836,0.31379383185466836,0.31379383185466836,134.48996491936035,1.13532679217638,1.4022310122315094,399569.6857754196,99892.4214438549,299677.26433156466,33.62249122984009,260,1681.5833333333333,1370.9833333333333,0.7796153852332656,174.4292729010252,218.5856363424535,0.6785217256842431,1.7667872540760197,1956
robustness,CONGESTED_PEAK,4,AGGRESSIVE_SURGE,ADVANCED_HEURISTIC,9468,2815,517,1627,4468,6.082770870337478,4.0,14.0,0.22644697929869032,0.29731727925644275,0.29731727925644275,0.29731727925644275,128.60301362783247,1.0841960143063087,1.4837369632320405,362017.4833623484,90504.3708405871,271513.11252176133,32.15075340695812,260,1681.2333333333333,1333.9666666666667,0.7553102029039716,157.34003986709504,203.538153768281,0.6672621706118803,1.6743660408033785,2144
robustness,CONGESTED_PEAK,4,CAPPED_SMOOTHED_SURGE,NEAREST_DRIVER,9468,2978,994,1513,3939,6.782068502350571,4.0,15.0,0.2647866497676384,0.3145331643430503,0.3145331643430503,0.3145331643430503,128.23323795056342,1.0950333269544195,1.495264123384078,381878.58261677786,95469.64565419446,286408.9369625834,32.058309487640855,260,1681.0166666666667,1384.4,0.7823004930455865,164.90543414241384,206.88308072997933,0.6838690206730044,1.771546980497913,2507
robustness,CONGESTED_PEAK,4,CAPPED_SMOOTHED_SURGE,ETA_OPTIMIZED,9468,3120,820,1586,3898,6.626923076923077,5.0,14.0,0.2541191381495564,0.32953105196451205,0.32953105196451205,0.32953105196451205,127.85849265837263,1.0815171186767527,1.342292743574812,398918.4970941226,99729.62427353064,299188.8728205919,31.964623164593156,260,1700.9833333333333,1400.7833333333333,0.7809438443305713,169.446048961277,213.58683081175434,0.6831654676258992,1.8342331396545135,2406
robustness,CONGESTED_PEAK,4,CAPPED_SMOOTHED_SURGE,DRIVER_EARNINGS_AWARE,9468,2977,979,1508,3961,6.674840443399395,4.0,15.0,0.2626742712294043,0.3144275454161386,0.3144275454161386,0.3144275454161386,128.34711377530533,1.0915042637545558,1.4650734823211444,382089.35770908394,95522.33942727098,286567.01828181295,32.08677844382633,260,1680.2666666666667,1382.9333333333334,0.7943098735743984,168.60099846113724,207.21679879614317,0.6834793113862881,1.771742580542771,2487
robustness,CONGESTED_PEAK,4,CAPPED_SMOOTHED_SURGE,MARKETPLACE_AWARE,9468,2949,992,1520,3968,6.769752458460495,5.0,15.0,0.2653147444021969,0.3114702154626109,0.3114702154626109,0.3114702154626109,128.80961396499927,1.0895022147364286,1.4848460554193637,379859.5515827829,94964.88789569572,284894.66368708713,32.20240349124982,260,1676.3833333333334,1386.9166666666667,0.7874280021526427,165.2879958099666,205.4158483593731,0.6859969558599696,1.759144189375938,2512
robustness,CONGESTED_PEAK,4,CAPPED_SMOOTHED_SURGE,ADVANCED_HEURISTIC,9468,2750,770,1806,4094,6.638181818181818,4.0,15.0,0.27207435572454586,0.2904520490071821,0.2904520490071821,0.2904520490071821,123.66671312287353,1.0455100887180313,1.5533651459415831,340083.4610879022,85020.86527197555,255062.59581592664,30.916678280718383,260,1688.8,1340.5333333333333,0.7566396902911291,146.89330616815909,190.26949160726573,0.6751246699911998,1.6283751776409285,2576
robustness,CONGESTED_PEAK,5,NO_SURGE,NEAREST_DRIVER,9450,3223,1452,1624,3115,7.040024821594788,5.0,16.0,0.3255026455026455,0.34105820105820106,0.34105820105820106,0.34105820105820106,117.04261282290433,1.0,1.4658570425523767,377228.34112822067,94307.08528205517,282921.25584616547,29.260653205726083,260,1759.0166666666667,1491.6666666666667,0.8138189813953033,157.47611464548916,189.66788101418913,0.6951879271070615,1.8322737135331293,3076
robustness,CONGESTED_PEAK,5,NO_SURGE,ETA_OPTIMIZED,9450,3435,1080,1772,3126,6.606113537117904,5.0,14.0,0.3017989417989418,0.3634920634920635,0.3634920634920635,0.3634920634920635,116.52615569850424,1.0,1.3038894325262762,400267.3448243621,100066.83620609052,300200.50861827156,29.13153892462606,260,1783.1666666666667,1518.55,0.8168875045123604,165.27593236856896,197.68891944175138,0.6961369972122661,1.926348256846434,2852
robustness,CONGESTED_PEAK,5,NO_SURGE,DRIVER_EARNINGS_AWARE,9450,3242,1455,1622,3089,7.048735348550277,5.0,16.0,0.3256084656084656,0.3430687830687831,0.3430687830687831,0.3430687830687831,116.22008528785787,1.0,1.4821806920748386,376785.5165032352,94196.3791258088,282589.1373774264,29.055021321964468,260,1754.5,1489.3833333333334,0.8250975454740821,159.94661123370093,189.73566512589753,0.6909859154929577,1.847819891707039,3077
robustness,CONGESTED_PEAK,5,NO_SURGE,MARKETPLACE_AWARE,9450,3268,1483,1609,3052,6.984700122399021,5.0,15.0,0.3271957671957672,0.3458201058201058,0.3458201058201058,0.3458201058201058,117.34781309420197,1.0,1.4511184151958711,383492.65319185203,95873.16329796301,287619.48989388905,29.336953273550492,260,1757.3,1501.2333333333333,0.824373037719794,160.80019174142353,191.58879802865798,0.6888141295206055,1.8596710863256132,3092
robustness,CONGESTED_PEAK,5,NO_SURGE,ADVANCED_HEURISTIC,9450,3029,1023,1941,3419,7.053152855727963,4.0,15.0,0.3136507936507936,0.32052910052910055,0.32052910052910055,0.32052910052910055,116.56968635730009,1.0,1.590683236910685,353089.57997626194,88272.39499406549,264817.1849821964,29.14242158932502,260,1766.7,1449.2,0.7937120303644504,147.76021449765597,182.73335977242374,0.69009232465206,1.7144959529065489,2964
robustness,CONGESTED_PEAK,5,BASIC_SURGE,NEAREST_DRIVER,9450,3252,1015,1659,3487,6.466174661746617,4.0,15.0,0.28296296296296297,0.3441269841269841,0.3441269841269841,0.3441269841269841,123.28997882883023,1.0537880536814095,1.4357118095043502,400939.0111513559,100234.75278783898,300704.25836351694,30.822494707207557,260,1758.5,1488.2166666666667,0.8138054379601145,166.41668389721602,202.05677378754237,0.689424550647903,1.8493033835655388,2674
robustness,CONGESTED_PEAK,5,BASIC_SURGE,ETA_OPTIMIZED,9450,3440,844,1668,3458,6.428488372093023,5.0,14.0,0.26582010582010585,0.364021164021164,0.364021164021164,0.364021164021164,121.38562148278608,1.0371378673137324,1.324084907720904,417566.5379007841,104391.63447519603,313174.9034255881,30.34640537069652,260,1784.2333333333333,1517.7666666666667,0.8163568144212244,170.93272682703346,206.33929463834238,0.6905432595573441,1.9279989537990172,2512
robustness,CONGESTED_PEAK,5,BASIC_SURGE,DRIVER_EARNINGS_AWARE,9450,3214,1013,1662,3528,6.660858742999378,5.0,15.0,0.2830687830687831,0.34010582010582013,0.34010582010582013,0.34010582010582013,122.96107548079671,1.0521231868399967,1.482754175114171,395196.8965952806,98799.22414882015,296397.67244646046,30.740268870199177,260,1756.2833333333333,1489.45,0.8252946218914299,166.77225817470298,198.99806804287516,0.6918957011980268,1.8300008540763164,2675
robustness,CONGESTED_PEAK,5,BASIC_SURGE,MARKETPLACE_AWARE,9450,3258,1004,1625,3529,6.542664211172498,4.0,15.0,0.2782010582010582,0.34476190476190477,0.34476190476190477,0.34476190476190477,123.29628516667539,1.0569965353571393,1.459518066680924,401699.2970730284,100424.8242682571,301274.47280477127,30.824071291668847,260,1757.5,1491.4666666666667,0.8167583601369183,166.6942242562502,201.99879724975725,0.6887519260400616,1.853769559032717,2629
robustness,CONGESTED_PEAK,5,BASIC_SURGE,ADVANCED_HEURISTIC,9450,2987,791,1917,3716,6.319718781386006,4.0,15.0,0.28656084656084657,0.3160846560846561,0.3160846560846561,0.3160846560846561,119.67833142992463,1.017693090168891,1.5271582377171167,357479.1759811849,89369.79399529622,268109.38198588864,29.919582857481156,260,1762.95,1428.8833333333334,0.7839570808570149,149.89569805600632,187.63560028406002,0.6818871568492206,1.694319180918347,2708
robustness,CONGESTED_PEAK,5,AGGRESSIVE_SURGE,NEAREST_DRIVER,9450,3276,564,1454,4120,5.621489621489621,4.0,13.0,0.21354497354497354,0.3466666666666667,0.3466666666666667,0.3466666666666667,131.56600300391707,1.124339951725023,1.3739466647550969,431010.22584083234,107752.55646020808,323257.66938062425,32.89150075097927,260,1753.6833333333334,1468.7166666666667,0.8076531641192244,179.57463819638528,220.09532316009958,0.684180304335343,1.8680681612986,2018
robustness,CONGESTED_PEAK,5,AGGRESSIVE_SURGE,ETA_OPTIMIZED,9450,3516,523,1433,3945,5.65358361774744,4.0,12.0,0.206984126984127,0.37206349206349204,0.37206349206349204,0.37206349206349204,129.775329422565,1.1081396132972625,1.2130996956626872,456290.05824973853,114072.51456243463,342217.5436873039,32.44383235564125,260,1774.5666666666666,1489.3166666666666,0.8026568935439636,186.4200398620608,229.7815846332013,0.6900277008310249,1.9813287751000246,1956
robustness,CONGESTED_PEAK,5,AGGRESSIVE_SURGE,DRIVER_EARNINGS_AWARE,9450,3311,581,1425,4099,5.557535487768046,4.0,13.0,0.21227513227513228,0.3503703703703704,0.3503703703703704,0.3503703703703704,132.03846885577957,1.1346408430103072,1.3462516668468318,437179.37038148614,109294.84259537153,327884.5277861146,33.00961721394489,260,1757.15,1460.7,0.8079010615243746,183.18527961700016,224.47082069289695,0.689705031810295,1.8843012833281165,2006
robustness,CONGESTED_PEAK,5,AGGRESSIVE_SURGE,MARKETPLACE_AWARE,9450,3280,578,1378,4183,5.804268292682927,4.0,13.099999999999909,0.206984126984127,0.3470899470899471,0.3470899470899471,0.3470899470899471,136.08334672374042,1.15644075288817,1.3970800812746575,446353.3772538686,111588.34431346715,334765.03294040146,34.020836680935105,260,1755.9,1467.9833333333333,0.8020442225713373,184.47382933057312,228.04416462975388,0.6845255474452555,1.8679879264194998,1956
robustness,CONGESTED_PEAK,5,AGGRESSIVE_SURGE,ADVANCED_HEURISTIC,9450,3056,496,1738,4127,5.980366492146596,4.0,14.0,0.2364021164021164,0.3233862433862434,0.3233862433862434,0.3233862433862434,129.1162092988834,1.0931407600280885,1.4536757375150247,394579.1356173877,98644.78390434693,295934.3517130408,32.27905232472085,260,1761.4833333333333,1421.6166666666666,0.7805515037673529,164.9064675521197,208.1674748558853,0.6826991087848352,1.7349014561591083,2234
robustness,CONGESTED_PEAK,5,CAPPED_SMOOTHED_SURGE,NEAREST_DRIVER,9450,3272,973,1592,3584,6.45140586797066,4.0,14.0,0.2714285714285714,0.34624338624338624,0.34624338624338624,0.34624338624338624,127.9420994285015,1.0924098342588233,1.4462056032412904,418626.54933005694,104656.63733251423,313969.9119975427,31.985524857125377,260,1753.5666666666666,1493.45,0.818352197583085,173.60273772352443,210.23128460781592,0.6906139731827805,1.8659113806147472,2565
robustness,CONGESTED_PEAK,5,CAPPED_SMOOTHED_SURGE,ETA_OPTIMIZED,9450,3469,807,1665,3476,6.215047564139521,5.0,13.0,0.2615873015873016,0.3670899470899471,0.3670899470899471,0.3670899470899471,124.63890467715098,1.0679712853682406,1.265943989816645,432372.36032503675,108093.09008125919,324279.27024377754,31.159726169287744,260,1781.8666666666666,1510.1833333333334,0.8136600312647765,176.938354903057,214.72841282655142,0.6909601497726665,1.9468347800059864,2472
robustness,CONGESTED_PEAK,5,CAPPED_SMOOTHED_SURGE,DRIVER_EARNINGS_AWARE,9450,3246,973,1579,3617,6.596118299445472,4.0,15.0,0.27005291005291004,0.3434920634920635,0.3434920634920635,0.3434920634920635,127.62938752542317,1.0936766187167593,1.4806845823440442,414284.9919075236,103571.2479768809,310713.7439306427,31.907346881355792,260,1754.3333333333333,1488.3833333333334,0.8282561357716481,174.29088715451002,208.7592201363735,0.6869786512088223,1.850275508265248,2552
robustness,CONGESTED_PEAK,5,CAPPED_SMOOTHED_SURGE,MARKETPLACE_AWARE,9450,3236,1031,1532,3613,6.629171817058096,5.0,15.0,0.2712169312169312,0.3424338624338624,0.3424338624338624,0.3424338624338624,129.16196639724095,1.101807253725916,1.455661635102656,417968.12326147174,104492.03081536794,313476.0924461038,32.290491599310236,260,1757.9833333333333,1479.1166666666666,0.8130200434394227,174.00182107504324,211.9346631071048,0.6885927199770708,1.8407455512471678,2563
robustness,CONGESTED_PEAK,5,CAPPED_SMOOTHED_SURGE,ADVANCED_HEURISTIC,9450,3049,783,1858,3724,6.390291898983273,4.0,14.0,0.2794708994708995,0.3226455026455026,0.3226455026455026,0.3226455026455026,122.21654971451234,1.0399884828808672,1.5104714891352218,372638.2600795481,93159.56501988703,279478.69505966105,30.554137428628085,260,1764.3666666666666,1440.6166666666666,0.78524350354829,155.01399152385764,193.99934869997415,0.6891646911169991,1.7280988456670006,2641
